"","year","race_group","agg_weighted_surf_temp","agg_weighted_bot_temp","total_catch_year_kg"
"1",1990,"Arrowtooth flounder adult",11.8438845842658,5.304902927378,38883.26
"2",1993,"Arrowtooth flounder adult",11.1766669232763,5.68356501961463,159321.115
"3",1996,"Arrowtooth flounder adult",8.65875135216148,5.2679883812833,81821.773
"4",1999,"Arrowtooth flounder adult",6.94996090653022,4.79361892490995,54759.785
"5",2001,"Arrowtooth flounder adult",9.85427886675922,5.82278059850686,72640.203
"6",2003,"Arrowtooth flounder adult",10.4388090298811,5.94797555156577,159278.421
"7",2005,"Arrowtooth flounder adult",10.4440226671709,5.75045382375167,108237.063
"8",2007,"Arrowtooth flounder adult",9.12278128326296,4.76613310352754,116934.677
"9",2009,"Arrowtooth flounder adult",8.30914841917848,4.65406730821672,93145.24
"10",2011,"Arrowtooth flounder adult",8.86199074059905,5.23677934193235,73843.654
"11",2013,"Arrowtooth flounder adult",9.78752973642481,5.14522671885053,49222.881
"12",2015,"Arrowtooth flounder adult",11.0025175534526,6.199745817424,82612.665
"13",2017,"Arrowtooth flounder adult",9.0841254104649,5.31494640919094,35111.711
"14",2019,"Arrowtooth flounder adult",9.98349306490297,6.24921385597708,37068.335
"15",2021,"Arrowtooth flounder adult",8.7088563926896,5.39697921276188,42850.618
"16",2023,"Arrowtooth flounder adult",7.92195808750319,5.39992796695654,41790.543
"17",1993,"Atka mackerel",6.15467886694085,5.1335243364177,2351.969
"18",1996,"Atka mackerel",5.41455291200707,4.69917217677522,15035.094
"19",1999,"Atka mackerel",4.45962956468004,3.36801529841087,239.502
"20",2001,"Atka mackerel",5.20267351563863,4.6007394391292,11239.059
"21",2003,"Atka mackerel",6.73828630559753,5.94728913606807,5552.787
"22",2005,"Atka mackerel",6.55791962734785,5.06980010983337,5785.127
"23",2007,"Atka mackerel",5.09418809360243,3.44061166152429,6364.108
"24",2009,"Atka mackerel",5.54460289544053,3.24847965510711,9953.235
"25",2011,"Atka mackerel",5.75348271280133,4.23284984297094,5713.592
"26",2013,"Atka mackerel",6.3895471360059,4.67895497505473,5507.658
"27",2015,"Atka mackerel",8.36625597332965,5.8394647794942,2360.074
"28",2017,"Atka mackerel",10.3681589516574,6.4604215193075,1510.346
"29",2019,"Atka mackerel",8.35221405781688,5.80620709658706,41.372
"30",2021,"Atka mackerel",6.15006921743183,5.73374898058485,583.668
"31",2023,"Atka mackerel",5.83141390969188,4.43639227461274,3374.381
"32",1990,"Big skate",11.3853859484644,9.05565120221218,105.597
"33",1993,"Big skate",10.6761626522136,7.60156902260553,2460.194
"34",1996,"Big skate",7.47755148329728,6.14373285151827,1684.187
"35",1999,"Big skate",6.15740269459202,5.34210928540943,2394.574
"36",2001,"Big skate",9.14362856758619,7.52218505108801,1918.454
"37",2003,"Big skate",9.25805683637959,7.51910684105233,2525.284
"38",2005,"Big skate",9.20729267301434,7.56967662062971,2022.578
"39",2007,"Big skate",7.25906941988562,5.94647767168871,1757.119
"40",2009,"Big skate",7.29214291759555,5.84646495929674,2150.442
"41",2011,"Big skate",7.93560528592779,6.39181835638369,1728.968
"42",2013,"Big skate",7.20962217502515,5.90368627573464,1216.648
"43",2015,"Big skate",9.60875195408565,7.8351196573967,2553.624
"44",2017,"Big skate",8.74037653186036,7.01729839517121,1153.581
"45",2019,"Big skate",9.40108417986401,7.3096787256077,1289.085
"46",2021,"Big skate",8.38532762518234,6.68152658748058,758.214
"47",2023,"Big skate",7.00436038672863,6.05351711610066,1450.009
"48",1990,"Deep-water flatfish",12.5661912400237,5.40791457320386,2960.008
"49",1993,"Deep-water flatfish",11.9903966458947,5.3289372110876,4942.242
"50",1996,"Deep-water flatfish",9.51929959749637,5.17514226903983,2857.614
"51",1999,"Deep-water flatfish",8.66756100651923,4.88636026446456,2532.967
"52",2001,"Deep-water flatfish",10.5331727431148,5.39416759715507,1904.018
"53",2003,"Deep-water flatfish",10.6505202266097,5.21957277945379,3213.984
"54",2005,"Deep-water flatfish",11.5051807588033,5.30003360148573,3083.197
"55",2007,"Deep-water flatfish",10.2031482631396,4.68910368256178,3591.25
"56",2009,"Deep-water flatfish",9.57704554295724,4.71697948734815,3010.191
"57",2011,"Deep-water flatfish",10.7372559642254,5.13374842886373,2133.806
"58",2013,"Deep-water flatfish",11.1196095866296,4.92007160153191,1113.384
"59",2015,"Deep-water flatfish",12.1446166599426,5.33684548576613,1494.639
"60",2017,"Deep-water flatfish",11.437958794863,5.51263879772851,1032.978
"61",2019,"Deep-water flatfish",11.9521057153192,5.58255908241394,663.48
"62",2021,"Deep-water flatfish",10.2194381285702,5.41099739575698,750.314
"63",2023,"Deep-water flatfish",9.28989377028538,5.35133323432607,787.821
"64",1990,"Demersal shelf rockfish",13.9521144785062,5.57889011692164,34.382
"65",1993,"Demersal shelf rockfish",12.4946792137549,5.93762660686279,68.223
"66",1996,"Demersal shelf rockfish",9.77110788826534,5.50009458351725,31.718
"67",1999,"Demersal shelf rockfish",9.53241581014457,5.57630818083062,119.67
"68",2001,"Demersal shelf rockfish",12.123121376349,5.83596553452695,105.729
"69",2003,"Demersal shelf rockfish",11.5026559118631,5.32851268935668,101.66
"70",2005,"Demersal shelf rockfish",11.1973588456713,5.56307402760351,159.4
"71",2007,"Demersal shelf rockfish",7.52470700560926,4.45550304332259,83.79
"72",2009,"Demersal shelf rockfish",11.1284057714437,4.91776872916113,67.782
"73",2011,"Demersal shelf rockfish",10.765877701124,5.44388712999958,144.662
"74",2013,"Demersal shelf rockfish",9.12744495085388,5.06495524682884,36.422
"75",2015,"Demersal shelf rockfish",12.3560470836976,6.40695277399418,98.378
"76",2017,"Demersal shelf rockfish",9.8494824864043,5.47239732569245,102.606
"77",2019,"Demersal shelf rockfish",11.8448730170022,6.08817599772355,140.57
"78",2021,"Demersal shelf rockfish",9.7286802193819,5.42269870898023,295.193
"79",2023,"Demersal shelf rockfish",8.57481114615399,5.53758097108648,211.804
"80",1999,"Euphausiids",10.3294444444444,5.42944444444444,0.36
"81",2007,"Euphausiids",7.9,7,0.001
"82",1990,"Flathead sole adult",11.870059559505,5.17984346889822,2934.88
"83",1993,"Flathead sole adult",10.2704710045663,5.80584735610184,18086.003
"84",1996,"Flathead sole adult",8.07774466026822,4.99648341111415,11250.846
"85",1999,"Flathead sole adult",6.56814192280421,4.42718642893528,10167.161
"86",2001,"Flathead sole adult",8.00623162402517,5.60475291838308,8588.66
"87",2003,"Flathead sole adult",9.11715748442854,6.24500420622774,19007.53
"88",2005,"Flathead sole adult",9.52029076906952,5.91391972425062,14435.717
"89",2007,"Flathead sole adult",8.19247099787614,4.43862837695679,18731.473
"90",2009,"Flathead sole adult",7.17048910865973,4.29505324451455,15484.412
"91",2011,"Flathead sole adult",7.99661181586681,4.95805305096007,12607.048
"92",2013,"Flathead sole adult",8.65526182431698,5.0914920678658,9203.576
"93",2015,"Flathead sole adult",10.1459511872313,6.17130402363959,12805.297
"94",2017,"Flathead sole adult",8.62333947964018,5.34426607829179,10024.448
"95",2019,"Flathead sole adult",9.59074284083505,6.32168606583159,7204.262
"96",2021,"Flathead sole adult",8.84220113096618,5.6953063225007,7088.983
"97",2023,"Flathead sole adult",7.53977730972402,5.25682170405083,5635.63
"98",1990,"Gelatinous carnivores",12.9739431777384,5.47899347073392,328.674
"99",1993,"Gelatinous carnivores",11.3090647337694,6.14273968723173,338.973
"100",1996,"Gelatinous carnivores",9.51720710914346,5.898984669423,218.648
"101",1999,"Gelatinous carnivores",9.88248102852497,4.85466240937733,118.072
"102",2001,"Gelatinous carnivores",11.079939072614,6.7174834416021,691.643
"103",2003,"Gelatinous carnivores",9.6687393876858,5.79506184530185,612.496
"104",2005,"Gelatinous carnivores",13.1016211460604,6.21245235129243,642.2
"105",2007,"Gelatinous carnivores",8.88999407393901,5.12472079135707,43.874
"106",2009,"Gelatinous carnivores",10.7172919041948,4.9096262985458,235.937
"107",2011,"Gelatinous carnivores",11.0069653092826,5.87896552660889,73.622
"108",2013,"Gelatinous carnivores",9.91080896858399,5.91565523053194,831.837
"109",2015,"Gelatinous carnivores",12.1800820295056,6.30303328972006,1276.37
"110",2017,"Gelatinous carnivores",10.8517318182676,5.84916319044653,317.874
"111",2019,"Gelatinous carnivores",11.1548994964294,6.99450070222458,4037.17
"112",2021,"Gelatinous carnivores",10.5010799243374,6.01629677561639,825.243
"113",2023,"Gelatinous carnivores",10.1893879863063,5.60209396616123,526.083
"114",1990,"Infauna",10.6588353413655,6.21124497991968,0.498
"115",1993,"Infauna",9.42218068761946,5.90656287048462,82.662
"116",1996,"Infauna",7.32236071736719,5.51923918402564,64.904
"117",1999,"Infauna",6.43436151799323,4.88870546901237,38.709
"118",2001,"Infauna",9.14775032659648,6.66873895335434,104.104
"119",2003,"Infauna",9.46747061469963,7.514619477813,193.379
"120",2005,"Infauna",9.4129368639895,6.0354743407375,91.39
"121",2007,"Infauna",8.68279768582679,5.12439670912251,90.918
"122",2009,"Infauna",7.53206366367615,4.81686921085734,96.193
"123",2011,"Infauna",8.52783302971402,5.80767822744428,114.727
"124",2013,"Infauna",8.46942309232124,5.42235767475378,49.956
"125",2015,"Infauna",9.72245321509852,6.67765173401884,84.803
"126",2017,"Infauna",8.72205025491624,5.94204297159505,21.968
"127",2019,"Infauna",10.4569690017905,7.42251566696509,35.744
"128",2021,"Infauna",8.97935810528078,5.99966942840405,23.898
"129",2023,"Infauna",7.43396944278011,6.27041941282205,66.76
"130",1990,"King crab",12.1229007633588,5.06946564885496,1.179
"131",1993,"King crab",9.91143079041197,4.87798390228404,56.654
"132",1996,"King crab",8.20710900473934,4.75585880045759,24.476
"133",1999,"King crab",6.33748952416426,3.97781916379551,10.739
"134",2001,"King crab",8.09464325654216,4.86412994855737,35.768
"135",2003,"King crab",9.7529029029029,7.78651755203479,115.884
"136",2005,"King crab",10.8489555313913,5.06017856120872,34.946
"137",2007,"King crab",7.83026315789474,4.45822368421053,23.104
"138",2009,"King crab",9.07387592487194,4.79146272054639,24.598
"139",2011,"King crab",7.44403309733003,4.84230998891069,23.446
"140",2013,"King crab",8.28085797676084,5.32180736824715,36.318
"141",2015,"King crab",9.2321675873929,6.56702278226727,65.709
"142",2017,"King crab",9.56880475932937,5.96277988101677,36.98
"143",2019,"King crab",10.0821979500984,6.82088725540946,38.636
"144",2021,"King crab",8.89937498929776,5.49013510505317,58.399
"145",2023,"King crab",6.29549583759311,4.72666569300424,34.235
"146",1990,"Large sculpins",11.7523324028954,5.36944221034205,126.822
"147",1993,"Large sculpins",8.90871656201307,5.59698748368135,2255.855
"148",1996,"Large sculpins",7.13895994811436,4.88884237937857,1222.689
"149",1999,"Large sculpins",5.28450027817229,4.01020143967577,1583.551
"150",2001,"Large sculpins",6.69800608132704,5.31003662833718,1681.212
"151",2003,"Large sculpins",8.09798650646402,6.12190433377387,1888.608
"152",2005,"Large sculpins",8.20748844484875,5.93725549241865,2065.529
"153",2007,"Large sculpins",6.99386741325153,4.69836621416064,2296.323
"154",2009,"Large sculpins",6.2447750717034,4.37275197469617,3001.601
"155",2011,"Large sculpins",7.27304530830914,5.18462557580096,1880.207
"156",2013,"Large sculpins",7.48113093665416,5.24100411580622,1703.19
"157",2015,"Large sculpins",9.36713340353142,6.5993054447148,2612.607
"158",2017,"Large sculpins",8.49308115228393,5.76343880275701,1345.224
"159",2019,"Large sculpins",9.19777303108367,6.39182598038188,1192.877
"160",2021,"Large sculpins",8.47857446456472,6.09886438281653,1009.319
"161",2023,"Large sculpins",6.61199755406869,5.17560118269727,1072.802
"162",1990,"Lingcod",13.7343498828825,5.55624856473614,21.773
"163",1993,"Lingcod",12.7779408713464,6.79586929362581,226.523
"164",1996,"Lingcod",11.8483984799131,6.54716021587788,250.512
"165",1999,"Lingcod",8.57489631084916,6.18441388343157,329.832
"166",2001,"Lingcod",11.819007902168,6.51683423665513,351.296
"167",2003,"Lingcod",11.6665637143919,6.42583989456966,295.93
"168",2005,"Lingcod",12.4938619601336,7.09607498402594,749.653
"169",2007,"Lingcod",10.2497528206437,6.00496087527424,485.882
"170",2009,"Lingcod",11.0206510195082,6.05993391673757,644.036
"171",2011,"Lingcod",10.4978188452218,6.5505846308108,718.06
"172",2013,"Lingcod",9.40132709927269,6.62676395579484,211.74
"173",2015,"Lingcod",12.233237831471,7.00754974055327,314.13
"174",2017,"Lingcod",10.6791870465689,7.37957971010178,671.822
"175",2019,"Lingcod",12.5611446253055,6.91458190517164,423.038
"176",2021,"Lingcod",10.0181904125206,6.34102477928101,827.183
"177",2023,"Lingcod",8.75018355548694,6.53289846122176,582.93
"178",1990,"Longnose skate",12.2459670074455,5.55977253580455,175.676
"179",1993,"Longnose skate",11.936800127128,6.33424047797579,1252.281
"180",1996,"Longnose skate",9.37853985789441,5.91829071917661,1046.405
"181",1999,"Longnose skate",7.61810180239014,5.17704881664778,1762.493
"182",2001,"Longnose skate",10.8868992181805,6.14904162052994,1041.289
"183",2003,"Longnose skate",10.4878212952197,6.16447787495576,1661.556
"184",2005,"Longnose skate",11.6482543206852,5.93611452303131,2065.471
"185",2007,"Longnose skate",9.75432512306864,5.05386033590715,1640.751
"186",2009,"Longnose skate",9.93300226927616,5.04534610378257,1595.663
"187",2011,"Longnose skate",9.83976532281515,5.50752620746009,1231.138
"188",2013,"Longnose skate",10.3577613247228,5.24825356120901,1279.06
"189",2015,"Longnose skate",11.5575078206934,6.38441946823786,2221.67
"190",2017,"Longnose skate",10.0994377615063,6.39349386394202,1713.152
"191",2019,"Longnose skate",10.8333078854977,6.56170600439368,1080.642
"192",2021,"Longnose skate",10.1850396047557,5.54738081599835,1332.037
"193",2023,"Longnose skate",8.71437627376747,5.54403309729253,1137.374
"194",1990,"MISC_NA",13.0539048588146,5.48463495293818,11.793
"195",1993,"MISC_NA",10.0887244947297,7.7026206363021,10.341
"196",1996,"MISC_NA",5.71331168831169,4.98961038961039,1.232
"197",1999,"MISC_NA",4.30301898537193,3.38039215686275,6.426
"198",2001,"MISC_NA",7.84824581518,6.37204769548269,4.361
"199",2003,"MISC_NA",6.27000228990153,6.07026562857797,34.936
"200",2005,"MISC_NA",6.53144893391006,5.33563959766225,799.229
"201",2007,"MISC_NA",8.49943413119699,6.48110100360834,704.757
"202",2009,"MISC_NA",6.88183387684635,4.88233262996355,10.426
"203",2011,"MISC_NA",6.03618133037284,4.04290794708114,1080.9
"204",2013,"MISC_NA",8.07802739726027,7.62356164383562,3.65
"205",2015,"MISC_NA",10.7588941736029,7.23180737217598,16.82
"206",2017,"MISC_NA",11.2240494296578,5.97179182509506,8.416
"207",2019,"MISC_NA",9.56939242409386,6.74238324018695,30.597
"208",2021,"MISC_NA",7.32644584782462,4.61850815666195,429.281
"209",2023,"MISC_NA",7.16976422396668,5.60195224199581,145.986
"210",1993,"MISC_SHELLS",9.42898289828983,5.88163816381638,2.222
"211",1996,"MISC_SHELLS",8.28539325842697,5.40309673883256,3.649
"212",1999,"MISC_SHELLS",7.70048374092986,5.31233539371137,7.442
"213",2001,"MISC_SHELLS",9.06954650777888,6.08030453492221,6.042
"214",2003,"MISC_SHELLS",8.45575457826494,5.94487367998931,7.481
"215",2005,"MISC_SHELLS",10.4848646563364,7.49004050665467,15.553
"216",2007,"MISC_SHELLS",7.94803312629399,4.38944099378882,0.966
"217",2009,"MISC_SHELLS",9.26064996084573,5.32823022709475,5.108
"218",2011,"MISC_SHELLS",9.17878787878788,7.29090909090909,0.066
"219",2013,"MISC_SHELLS",10.0162534435262,5.30541781450872,1.089
"220",2015,"MISC_SHELLS",7.63508982035928,5.41604790419162,0.835
"221",2017,"MISC_SHELLS",6.90263736263736,5.58725274725275,0.91
"222",2019,"MISC_SHELLS",10.3132596685083,7.61602209944751,0.181
"223",2021,"MISC_SHELLS",8.6966476774759,5.65116126205083,4.564
"224",2023,"MISC_SHELLS",6.75177533892834,5.36571981923822,4.647
"225",1993,"Miscellaneous deep-sea fish",7.95419847328244,4.29618320610687,1.179
"226",1996,"Miscellaneous deep-sea fish",8.96666666666667,4.64166666666667,0.024
"227",1999,"Miscellaneous deep-sea fish",8.09437751004016,3.45930388219545,1.494
"228",2001,"Miscellaneous deep-sea fish",12.45,4.6,0.008
"229",2003,"Miscellaneous deep-sea fish",7.9910447761194,3.97761194029851,0.268
"230",2005,"Miscellaneous deep-sea fish",10.6678800856531,3.89871520342612,0.934
"231",2007,"Miscellaneous deep-sea fish",9.86926229508197,3.58893442622951,0.488
"232",2009,"Miscellaneous deep-sea fish",9.30917030567686,3.53493449781659,0.458
"233",2011,"Miscellaneous deep-sea fish",10.438,3.854,0.1
"234",2015,"Miscellaneous deep-sea fish",12.4196721311475,3.64754098360656,0.366
"235",2017,"Miscellaneous deep-sea fish",7.10879396984925,3.95427135678392,0.796
"236",2019,"Miscellaneous deep-sea fish",8.98362068965517,4.04741379310345,0.116
"237",2021,"Miscellaneous deep-sea fish",10.270066518847,4.34456762749446,0.451
"238",2023,"Miscellaneous deep-sea fish",6.64375,4.00625,0.048
"239",1990,"Motile epifauna",11.7130929354334,6.13783043197937,86.856
"240",1993,"Motile epifauna",10.9279455706567,6.48931926957747,797.511
"241",1996,"Motile epifauna",7.90693659396656,5.90408433053839,1264.785
"242",1999,"Motile epifauna",7.23747779161915,5.37139802843831,1898.495
"243",2001,"Motile epifauna",8.95082537473911,5.74414068819509,1502.045
"244",2003,"Motile epifauna",9.11686426374713,6.78439046479587,2128.827
"245",2005,"Motile epifauna",10.2838956397497,6.14029990765882,2038.094
"246",2007,"Motile epifauna",8.26865635295893,5.09369120601269,1597.421
"247",2009,"Motile epifauna",8.20470044421354,4.91213615053053,2063.422
"248",2011,"Motile epifauna",8.5342607696182,5.42337325234774,1097.973
"249",2013,"Motile epifauna",9.61916378268696,5.2509819211218,1047.742
"250",2015,"Motile epifauna",10.1772661198927,6.3939425739866,1966.809
"251",2017,"Motile epifauna",9.29630360330259,5.48145712615076,909.832
"252",2019,"Motile epifauna",10.9885674486578,6.54186286303489,715.737
"253",2021,"Motile epifauna",10.2432204161416,6.23403994159494,889.649
"254",2023,"Motile epifauna",8.09795564424164,5.74376937713516,1240.831
"255",2005,"Mysids",9.8,3.6,0.018
"256",2009,"Mysids",9.90714285714286,3.56428571428571,0.028
"257",2015,"Mysids",15.15,3.8,0.004
"258",2019,"Mysids",7.3,3.9,0.002
"259",2021,"Mysids",9.6,5.4,0.001
"260",2023,"Mysids",5.6,5,0.002
"261",1990,"Octopus",12.5770926339286,4.71908482142857,3.584
"262",1993,"Octopus",9.4993615786419,6.1219384793964,122.333
"263",1996,"Octopus",6.80941740302531,4.93523139134342,66.77
"264",1999,"Octopus",6.90038469389357,4.58880776296575,63.687
"265",2001,"Octopus",8.32073696175094,6.04913959451244,75.662
"266",2003,"Octopus",7.75345389798555,6.12514680724784,286.43
"267",2005,"Octopus",8.18441824405371,5.05054855036424,68.362
"268",2007,"Octopus",7.71082823824756,4.74091893752278,197.576
"269",2009,"Octopus",6.54840176603879,4.53078186929133,256.846
"270",2011,"Octopus",8.43513387201909,5.4693471817388,325.236
"271",2013,"Octopus",8.28055886310954,4.9340820539558,141.931
"272",2015,"Octopus",9.86845574228404,6.25576987778872,826.274
"273",2017,"Octopus",8.69821364590265,5.82883247172033,39.074
"274",2019,"Octopus",10.0312953755445,6.44884113609363,545.448
"275",2021,"Octopus",8.72201624148962,5.26798457878763,24.382
"276",2023,"Octopus",7.99481326752354,5.61817125145293,237.452
"277",1990,"Other gelatinous zooplankton",10.2564338235294,4.640625,0.544
"278",1993,"Other gelatinous zooplankton",11.225799086758,5.76316590563166,1.314
"279",1996,"Other gelatinous zooplankton",9.66758104738155,5.48728179551122,0.802
"280",1999,"Other gelatinous zooplankton",6.48997534921939,4.41783073130649,2.434
"281",2001,"Other gelatinous zooplankton",9.59815436241611,5.41510067114094,1.192
"282",2003,"Other gelatinous zooplankton",10.8660447761194,5.46865671641791,0.536
"283",2005,"Other gelatinous zooplankton",12.6759784075574,6.03097165991903,2.964
"284",2007,"Other gelatinous zooplankton",8.58545994065282,5.1393175074184,1.348
"285",2009,"Other gelatinous zooplankton",8.03736263736264,4.85164835164835,0.182
"286",2011,"Other gelatinous zooplankton",11.2891891891892,5.34921171171171,1.776
"287",2013,"Other gelatinous zooplankton",9.54166666666667,5.13888888888889,0.072
"288",2015,"Other gelatinous zooplankton",11.4346982758621,6.55409482758621,0.928
"289",2017,"Other gelatinous zooplankton",10.9642025089606,5.46214157706093,2.232
"290",2019,"Other gelatinous zooplankton",9.62380952380953,5.67936507936508,0.063
"291",2021,"Other gelatinous zooplankton",9.1,4,0.002
"292",2023,"Other gelatinous zooplankton",9.35891089108911,5.41138613861386,0.606
"293",1990,"Other skates",12.0725786952871,5.10481261708548,108.361
"294",1993,"Other skates",10.5362887803001,5.60352227035145,540.674
"295",1996,"Other skates",8.6328146650255,5.25385458062247,568.7
"296",1999,"Other skates",6.33549421293161,4.49008488087268,1033.684
"297",2001,"Other skates",8.90664623466195,5.3745998821601,622.879
"298",2003,"Other skates",9.42591810837637,5.59365663437739,1273.488
"299",2005,"Other skates",10.3912087960277,5.38695267580716,1596.266
"300",2007,"Other skates",8.46554901777103,4.40119665612648,1697.313
"301",2009,"Other skates",7.60403601127178,4.46075115632225,1533.742
"302",2011,"Other skates",9.15522225522226,5.28723488915797,1050.504
"303",2013,"Other skates",8.74425504271587,4.9035340137962,1069.86
"304",2015,"Other skates",10.8232325246576,5.76438026719875,1664.903
"305",2017,"Other skates",9.22023916593529,5.39512701444723,736.058
"306",2019,"Other skates",10.1329941513488,6.17147818462273,435.656
"307",2021,"Other skates",8.79253265256862,5.29328711463935,596.584
"308",2023,"Other skates",8.18942010193071,5.39837495452298,321.591
"309",1990,"Pacific capelin",11.1398367346939,8.36726530612245,1.225
"310",1993,"Pacific capelin",10.8420032751092,7.59377729257642,3.664
"311",1996,"Pacific capelin",8.70150822453693,6.69348871188198,42.434
"312",1999,"Pacific capelin",5.44175420168067,3.75341386554622,7.616
"313",2001,"Pacific capelin",10.7470865360774,6.82479543763947,16.132
"314",2003,"Pacific capelin",10.4830777996983,7.14953215586869,512.457
"315",2005,"Pacific capelin",11.5373615346019,6.57703886680304,25.909
"316",2007,"Pacific capelin",9.92069607367911,5.95416190014542,51.575
"317",2009,"Pacific capelin",8.21539820031957,5.41334622823984,23.782
"318",2011,"Pacific capelin",9.51180329842302,6.95277476826773,16.614
"319",2013,"Pacific capelin",8.70467364078385,6.15025018417563,169.675
"320",2015,"Pacific capelin",10.2260731319555,7.09275039745628,3.145
"321",2017,"Pacific capelin",9.11581508515815,6.75271695052717,4.932
"322",2019,"Pacific capelin",12.308064743706,6.492281953599,49.611
"323",2021,"Pacific capelin",9.10269757275969,7.84770239538444,226.018
"324",2023,"Pacific capelin",8.61018569400559,7.55782330448322,174.696
"325",1990,"Pacific cod adult",11.6166780929109,5.18894504330106,3440.909
"326",1993,"Pacific cod adult",10.2962631447084,5.84741025626369,38313.231
"327",1996,"Pacific cod adult",7.64653840155697,5.4263578924496,27944.518
"328",1999,"Pacific cod adult",5.85406525508319,4.56737982175697,14830.201
"329",2001,"Pacific cod adult",7.62443253839214,5.5858356687332,14176.73
"330",2003,"Pacific cod adult",9.41151531313692,6.27797957660371,20406.792
"331",2005,"Pacific cod adult",8.36453789445192,5.78722093121986,18926.293
"332",2007,"Pacific cod adult",7.66902630862425,4.53226057486178,17577.582
"333",2009,"Pacific cod adult",7.93413193866263,5.19803994079501,52048.989
"334",2011,"Pacific cod adult",7.39075676431578,5.45811788145556,28682.391
"335",2013,"Pacific cod adult",7.88999176049717,5.31771332348859,25503.966
"336",2015,"Pacific cod adult",10.0663274591615,6.29774884540445,16586.111
"337",2017,"Pacific cod adult",8.6181815415613,5.40573231357553,4863.9
"338",2019,"Pacific cod adult",10.7679761921398,6.42090123747687,7227.529
"339",2021,"Pacific cod adult",8.38421167604009,5.64709413867091,6692.68
"340",2023,"Pacific cod adult",7.34724154142787,5.4139173960812,9526.933
"341",1990,"Pacific dogfish",13.3618824788626,5.77878409643429,612.894
"342",1993,"Pacific dogfish",11.8879624359704,7.36049051656621,822.276
"343",1996,"Pacific dogfish",10.9734625924507,5.52373319189479,203.622
"344",1999,"Pacific dogfish",8.9366712356249,6.04541540479729,832.429
"345",2001,"Pacific dogfish",11.903128690674,9.41054239979716,899.226
"346",2003,"Pacific dogfish",11.6918028375691,8.68390490779904,2869.005
"347",2005,"Pacific dogfish",11.1816253374618,8.21989362666887,1003.447
"348",2007,"Pacific dogfish",10.1819951309326,6.10466011919813,1095.487
"349",2009,"Pacific dogfish",10.0639382328654,6.23608158546656,605.5
"350",2011,"Pacific dogfish",10.0652084701853,7.79633839408947,541.948
"351",2013,"Pacific dogfish",9.47831954028634,8.51507146189927,651.536
"352",2015,"Pacific dogfish",10.670029699302,8.25638893536667,669.376
"353",2017,"Pacific dogfish",10.4735778415024,7.69603811113245,905.982
"354",2019,"Pacific dogfish",12.0973532380851,7.6160819942756,421.005
"355",2021,"Pacific dogfish",9.88086126157866,8.21498069611427,408.726
"356",2023,"Pacific dogfish",8.61002641828231,7.2505419685558,1676.112
"357",2005,"Pacific hake",11.4,4.1,0.89
"358",2007,"Pacific hake",11.3892537399642,4.7081297291053,69.252
"359",2009,"Pacific hake",12.1,4,1.014
"360",2017,"Pacific hake",11.2,5.3,0.066
"361",2019,"Pacific hake",14.4338709677419,6.6,0.124
"362",2021,"Pacific hake",10.2,5.2,0.782
"363",1990,"Pacific halibut adult",11.4758282228775,5.40826812532356,3768.581
"364",1993,"Pacific halibut adult",10.8394064470641,6.70326202153322,49475.823
"365",1996,"Pacific halibut adult",8.12794482594007,5.69073454542289,24349.631
"366",1999,"Pacific halibut adult",6.5340238832313,5.19358519530897,28499.075
"367",2001,"Pacific halibut adult",9.22416274813447,6.22455371055157,18335.522
"368",2003,"Pacific halibut adult",9.29518293511085,6.63359079296075,34038.217
"369",2005,"Pacific halibut adult",9.98968117336727,6.34598638554982,31340.23
"370",2007,"Pacific halibut adult",8.03251319786169,4.9845000127967,24615.73
"371",2009,"Pacific halibut adult",7.92794373642543,5.25131094345905,30392.31
"372",2011,"Pacific halibut adult",7.91686057524871,5.67077926221466,18962.372
"373",2013,"Pacific halibut adult",8.49239737781722,5.47006560177189,9321.547
"374",2015,"Pacific halibut adult",10.7605287868674,6.69674883869382,17943.373
"375",2017,"Pacific halibut adult",9.46432083365467,5.95222270458439,10840.172
"376",2019,"Pacific halibut adult",10.0037756815956,6.81280045379601,9593.738
"377",2021,"Pacific halibut adult",8.54096558906024,6.06667998518536,8461.902
"378",2023,"Pacific halibut adult",7.38142100835511,5.56780827899512,7419.886
"379",1990,"Pacific herring adult",10.8277191129884,8.3240232312566,7.576
"380",1993,"Pacific herring adult",7.17999583306622,6.16586544009231,311.98
"381",1996,"Pacific herring adult",8.67981157469717,6.91117092866756,1.486
"382",1999,"Pacific herring adult",8.6054478976234,7.41711151736746,2.735
"383",2001,"Pacific herring adult",10.953569189809,8.07715643299848,1754.796
"384",2003,"Pacific herring adult",9.76771683048454,7.1665235061828,69.386
"385",2005,"Pacific herring adult",11.4018934810758,7.68090386125793,94.218
"386",2007,"Pacific herring adult",8.39215285543516,5.34870628157174,103.732
"387",2009,"Pacific herring adult",7.3926516676903,6.3859724894557,760.363
"388",2011,"Pacific herring adult",8.84724845327255,7.18412938772167,1001.146
"389",2013,"Pacific herring adult",9.58273839193282,7.31779894504483,182.567
"390",2015,"Pacific herring adult",11.6818468913181,8.09994944749081,168.142
"391",2017,"Pacific herring adult",9.82000583064227,7.92556019016864,445.92
"392",2019,"Pacific herring adult",9.64606201489846,7.91288383749055,2176.735
"393",2021,"Pacific herring adult",9.9169020408509,7.89647150518049,118.039
"394",2023,"Pacific herring adult",7.2652575634393,7.02943589865239,927.422
"395",1990,"Pacific ocean perch adult",12.5642412038568,5.36526344337135,1128.307
"396",1993,"Pacific ocean perch adult",11.0573541147826,5.29878098491283,40279.321
"397",1996,"Pacific ocean perch adult",8.17832940643893,5.2161647699318,41971.25
"398",1999,"Pacific ocean perch adult",7.17848688242575,5.42228081133179,31912.074
"399",2001,"Pacific ocean perch adult",9.71868263116128,5.46380365753131,42277.15
"400",2003,"Pacific ocean perch adult",9.63947156994121,5.37408746198464,30841.811
"401",2005,"Pacific ocean perch adult",9.94841620471619,5.32249080681556,58919.736
"402",2007,"Pacific ocean perch adult",8.57862619409219,4.81375282429262,59504.723
"403",2009,"Pacific ocean perch adult",9.01622138669551,4.97344455630702,52335.051
"404",2011,"Pacific ocean perch adult",9.20968384736252,5.31289305519206,49201.519
"405",2013,"Pacific ocean perch adult",9.54643775781178,5.16533825551309,69197.527
"406",2015,"Pacific ocean perch adult",11.4120191574531,5.50318465000668,103267.172
"407",2017,"Pacific ocean perch adult",9.81005296170261,5.6525153532762,71810.569
"408",2019,"Pacific ocean perch adult",10.9255228450521,6.09544633254624,57668.089
"409",2021,"Pacific ocean perch adult",9.26773015918499,5.2711859712628,66761.761
"410",2023,"Pacific ocean perch adult",8.35639849184732,5.47820849685203,40579.711
"411",1990,"Pacific sandlance",11.6,10.7,0.227
"412",1993,"Pacific sandlance",9.82,9.02,0.225
"413",1996,"Pacific sandlance",9.02945736434109,7.68837209302326,0.258
"414",1999,"Pacific sandlance",6.61348837209302,6.11046511627907,0.43
"415",2001,"Pacific sandlance",8.459670781893,6.39849108367627,0.729
"416",2003,"Pacific sandlance",8.69315068493151,7.01438356164384,0.584
"417",2005,"Pacific sandlance",10.3760896637609,8.20581154005811,2.409
"418",2007,"Pacific sandlance",8.58615384615385,5.93076923076923,0.26
"419",2009,"Pacific sandlance",8.24657534246575,6.10547945205479,0.146
"420",2011,"Pacific sandlance",8.1,6.46413043478261,0.184
"421",2013,"Pacific sandlance",5.133,4.551,0.2
"422",2015,"Pacific sandlance",10.2010989010989,9.85494505494506,0.182
"423",2017,"Pacific sandlance",8.36332378223496,6.49398280802292,0.698
"424",2019,"Pacific sandlance",8.85058823529412,7.48991596638656,0.595
"425",2021,"Pacific sandlance",7.2228802153432,5.89892328398385,0.743
"426",2023,"Pacific sandlance",6.97701612903226,6.1241935483871,0.248
"427",1993,"Pacific sleeper shark",11.7702309900071,5.29709076189889,600.329
"428",1996,"Pacific sleeper shark",8.91392074321382,5.56308607925679,688.9
"429",1999,"Pacific sleeper shark",5.19084785630279,4.48060515342671,935.3
"430",2001,"Pacific sleeper shark",8.83083987481402,5.53950028218152,1949.1
"431",2003,"Pacific sleeper shark",8.74389061469062,5.9013640598408,3531.37
"432",2005,"Pacific sleeper shark",8.20726160459637,5.22942752035713,2419.3
"433",2007,"Pacific sleeper shark",8.85093174278252,5.12164007905696,2266.72
"434",2009,"Pacific sleeper shark",7.12891269726365,4.59671347907919,2762.8
"435",2011,"Pacific sleeper shark",8.15180240320427,4.92389853137517,1498
"436",2013,"Pacific sleeper shark",9.26551362683438,4.98511530398323,1908
"437",2015,"Pacific sleeper shark",11.3167158671587,5.68228782287823,2710
"438",2017,"Pacific sleeper shark",9.2,5.4,480
"439",2019,"Pacific sleeper shark",10.6,6.2,306
"440",1990,"Pandalid shrimp",13.1611180165583,5.2992009411138,180.212
"441",1993,"Pandalid shrimp",11.6793363914289,5.56699870943598,363.407
"442",1996,"Pandalid shrimp",9.10837286008783,5.32042663798512,278.925
"443",1999,"Pandalid shrimp",7.66406059897052,4.70780065512401,341.92
"444",2001,"Pandalid shrimp",10.2878062595428,5.86236475874109,365.458
"445",2003,"Pandalid shrimp",10.9723164632672,5.7951509906975,392.905
"446",2005,"Pandalid shrimp",11.6462774849762,5.74558722603011,454.612
"447",2007,"Pandalid shrimp",8.75628250114857,4.16965582906643,450.561
"448",2009,"Pandalid shrimp",9.16362515170401,4.44138780463804,304.87
"449",2011,"Pandalid shrimp",10.2094014352875,5.15315355765675,265.034
"450",2013,"Pandalid shrimp",10.6214955205656,4.89604567739163,381.633
"451",2015,"Pandalid shrimp",11.5711344784191,6.13555480877709,583.246
"452",2017,"Pandalid shrimp",11.0134674414433,5.48338516936677,295.483
"453",2019,"Pandalid shrimp",11.0083229610631,6.20573228227662,397.695
"454",2021,"Pandalid shrimp",10.4577698522454,6.30133660647526,302.258
"455",2023,"Pandalid shrimp",9.18129166825923,5.29085577936367,183.143
"456",1990,"Pelagic shelf rockfish",12.1858563830089,5.56026373775766,176.539
"457",1993,"Pelagic shelf rockfish",11.2768351498274,5.97033487950776,5175.354
"458",1996,"Pelagic shelf rockfish",9.03575272242778,5.51288765416936,5202.801
"459",1999,"Pelagic shelf rockfish",8.20456836448571,5.2571064794876,2391.578
"460",2001,"Pelagic shelf rockfish",11.1772914087486,6.27695376324661,2485.447
"461",2003,"Pelagic shelf rockfish",9.88166488140843,6.62790746468824,4937.661
"462",2005,"Pelagic shelf rockfish",10.1594979151106,5.38408487983099,13170.243
"463",2007,"Pelagic shelf rockfish",8.09074292332608,4.3728560765664,5738.183
"464",2009,"Pelagic shelf rockfish",9.82656683785673,4.8977878104251,4367.076
"465",2011,"Pelagic shelf rockfish",10.5246762327741,5.3770420396071,4587.864
"466",2013,"Pelagic shelf rockfish",10.2693896973981,5.19769135468926,5056.082
"467",2015,"Pelagic shelf rockfish",11.7318070807478,5.8246281338588,3688.424
"468",2017,"Pelagic shelf rockfish",9.54988664897665,5.34197938191343,3508.57
"469",2019,"Pelagic shelf rockfish",10.5885974017717,6.06358382703126,5442.093
"470",2021,"Pelagic shelf rockfish",9.23581790299177,5.35918777237713,8070.841
"471",2023,"Pelagic shelf rockfish",7.90095325693441,5.48623704230445,5290.389
"472",1990,"Rex sole adult",12.0195378096839,5.29867630487367,2470.584
"473",1993,"Rex sole adult",11.0316590441176,5.48575116421569,8160
"474",1996,"Rex sole adult",8.36265887072399,5.26081471878866,3927.171
"475",1999,"Rex sole adult",7.06090484123766,4.94945496040227,3284.532
"476",2001,"Rex sole adult",9.80918286540131,5.46960304968932,2828.616
"477",2003,"Rex sole adult",9.45987506740528,5.58148436675354,4708.459
"478",2005,"Rex sole adult",10.4976075689227,5.45879601011695,5631.343
"479",2007,"Rex sole adult",9.20029476203378,4.76503162575899,7108.446
"480",2009,"Rex sole adult",8.04674000133815,4.67342066544109,7846.675
"481",2011,"Rex sole adult",8.8079936784824,5.11828022303277,4787.458
"482",2013,"Rex sole adult",9.11345290374825,5.10387715630431,4139.374
"483",2015,"Rex sole adult",10.4300428931504,5.73057382817268,6038.027
"484",2017,"Rex sole adult",9.51783820238348,5.31754723595233,4122.125
"485",2019,"Rex sole adult",9.83089789111082,5.85146918138648,3417.107
"486",2021,"Rex sole adult",9.05155482087944,5.29352869452229,4546.826
"487",2023,"Rex sole adult",7.87223294910282,5.2719426970818,3992.048
"488",1990,"Sablefish adult",12.8803810518724,5.38220225095008,9026.855
"489",1993,"Sablefish adult",12.3498510698838,5.56622264070238,26829.362
"490",1996,"Sablefish adult",9.80155509032985,5.12228479155621,8008.538
"491",1999,"Sablefish adult",8.5383490857113,4.53397246208826,8379.793
"492",2001,"Sablefish adult",10.8727472716753,5.64332186851202,10636.014
"493",2003,"Sablefish adult",10.3479435865004,4.91264585308875,12461.769
"494",2005,"Sablefish adult",10.9237772887119,4.64898469732872,14576.54
"495",2007,"Sablefish adult",9.75271944940523,4.41317677340988,12447.63
"496",2009,"Sablefish adult",9.63408275275678,4.59089483405062,10462.588
"497",2011,"Sablefish adult",9.54184535867001,4.51593534557947,5090.696
"498",2013,"Sablefish adult",10.2628744224085,4.65381664281333,2445.5
"499",2015,"Sablefish adult",12.5199532049168,4.50601703676807,5050.958
"500",2017,"Sablefish adult",10.2305322068861,5.43381825423216,5322.93
"501",2019,"Sablefish adult",10.1688992784006,5.50647070350398,11451.506
"502",2021,"Sablefish adult",9.15160710801874,5.07774435322456,15002.943
"503",2023,"Sablefish adult",8.31312108063653,4.86612192259049,5014.526
"504",1990,"Salmon returning",10.8346254583552,4.8663305395495,22.908
"505",1993,"Salmon returning",10.2567242205813,6.13614270921538,794.791
"506",1996,"Salmon returning",8.63361432831961,6.4448317667122,247.454
"507",1999,"Salmon returning",7.6183362135256,5.30163881562084,120.941
"508",2001,"Salmon returning",10.7945400910754,6.39373056235515,368.486
"509",2003,"Salmon returning",10.2629228415137,6.48698489648406,1282.218
"510",2005,"Salmon returning",10.6643143608319,6.35028296421728,628.348
"511",2007,"Salmon returning",10.2304582799002,5.1904820957991,283.844
"512",2009,"Salmon returning",11.1684824308267,5.06175309794602,471.28
"513",2011,"Salmon returning",8.55397880524123,5.61792936144405,250.628
"514",2013,"Salmon returning",10.2605425605328,5.56029330246204,530.374
"515",2015,"Salmon returning",10.8311258441976,6.78563593841282,1050.998
"516",2017,"Salmon returning",8.99209503426821,5.61532017944341,554.158
"517",2019,"Salmon returning",10.1005319490817,6.86546187388155,591.222
"518",2021,"Salmon returning",10.1409250344194,6.13121342462993,655.154
"519",2023,"Salmon returning",9.08388775379181,5.89977157892129,887.834
"520",1990,"Salmon shark",11.1233894835982,5.71360365787888,380.111
"521",1993,"Salmon shark",12.5022699259447,5.47537837666307,598.742
"522",2003,"Salmon shark",8.15321637426901,5.59883040935673,342
"523",2005,"Salmon shark",10.7,6.5,180
"524",2011,"Salmon shark",9.3,9.1,107.25
"525",2013,"Salmon shark",8.9,4.4,224
"526",2015,"Salmon shark",11.6,11.4,152
"527",2023,"Salmon shark",5.4,4.4,105.924
"528",1990,"Sessile epifauna",11.4770656089254,5.54993062076892,71.347
"529",1993,"Sessile epifauna",10.4125074779981,6.25147556476423,890.947
"530",1996,"Sessile epifauna",6.37632364847376,5.02727002534206,2658.032
"531",1999,"Sessile epifauna",6.20199150687085,5.09707118959943,1425.152
"532",2001,"Sessile epifauna",8.23045315149493,6.00138482670037,1986.819
"533",2003,"Sessile epifauna",8.13930566588785,6.56248142523364,1712
"534",2005,"Sessile epifauna",8.17120206907912,6.15353549847035,2495.023
"535",2007,"Sessile epifauna",7.66403208053014,4.87095613208102,2633.747
"536",2009,"Sessile epifauna",7.0579486390388,5.18588898033614,2963.457
"537",2011,"Sessile epifauna",7.71772699393265,5.7376435630212,1542.354
"538",2013,"Sessile epifauna",7.87327720028869,5.68582090251726,1386.943
"539",2015,"Sessile epifauna",9.44987629240839,6.74905460524236,1265.08
"540",2017,"Sessile epifauna",8.69141958118663,6.18085028183379,1221.642
"541",2019,"Sessile epifauna",10.0146916021866,7.20431319051469,831.264
"542",2021,"Sessile epifauna",8.39560828035626,6.46142412727244,502.104
"543",2023,"Sessile epifauna",6.91552406282414,5.22268214124608,1044.121
"544",1990,"Shallow-water flatfish",10.9904370143337,7.05310615738097,688.101
"545",1993,"Shallow-water flatfish",9.41323181536738,6.66960611679469,27250.743
"546",1996,"Shallow-water flatfish",7.01613705477894,5.42508268529972,15181.054
"547",1999,"Shallow-water flatfish",5.40701970475002,4.24748917259367,14785.166
"548",2001,"Shallow-water flatfish",7.37999034324932,5.96112556516991,16380.251
"549",2003,"Shallow-water flatfish",8.04469917649005,6.92653545624238,24517.615
"550",2005,"Shallow-water flatfish",8.23824550414471,6.48666319919118,22963.873
"551",2007,"Shallow-water flatfish",7.21853444180847,4.98961232418216,29261.82
"552",2009,"Shallow-water flatfish",6.87460979768986,4.96979446490157,28080.946
"553",2011,"Shallow-water flatfish",7.34701404075316,5.58140013302418,17756.17
"554",2013,"Shallow-water flatfish",7.56095702371943,5.53040305605894,14391.869
"555",2015,"Shallow-water flatfish",9.54413778942951,7.28243362523867,14323.479
"556",2017,"Shallow-water flatfish",8.19724077315169,6.16197181970473,11735.86
"557",2019,"Shallow-water flatfish",9.48031728430706,7.29548514369826,9653.109
"558",2021,"Shallow-water flatfish",7.89698055106777,6.12563071552395,10549.011
"559",2023,"Shallow-water flatfish",6.45614112317821,5.32775052063398,11069.677
"560",1990,"Shelf demersal fish",11.9260740511089,5.40478019485925,174.177
"561",1993,"Shelf demersal fish",10.6503943959591,5.80343594864892,1520.046
"562",1996,"Shelf demersal fish",8.57170495165966,5.33946879981557,763.441
"563",1999,"Shelf demersal fish",7.00527016010806,4.81631248103939,590.039
"564",2001,"Shelf demersal fish",9.44306247167398,5.88810350650813,692.826
"565",2003,"Shelf demersal fish",8.93529474061404,6.11218770899796,689.301
"566",2005,"Shelf demersal fish",9.48147430708323,5.59576007405372,1084.618
"567",2007,"Shelf demersal fish",7.27165384250857,4.59375682307225,1139.516
"568",2009,"Shelf demersal fish",7.66807396735848,4.70304381571921,743.409
"569",2011,"Shelf demersal fish",7.68329636685643,5.24189177109464,357.982
"570",2013,"Shelf demersal fish",9.26790436414212,5.18713261556033,502.573
"571",2015,"Shelf demersal fish",9.91777849457663,6.31150717284815,548.736
"572",2017,"Shelf demersal fish",9.09371475147575,5.59398560189545,395.052
"573",2019,"Shelf demersal fish",9.13497422895006,6.204517118477,372.317
"574",2021,"Shelf demersal fish",8.53352415740684,6.66771185053308,195.468
"575",2023,"Shelf demersal fish",7.66741989970507,5.50027918048712,228.526
"576",1990,"Shelf forage fish",12.7622896498365,5.323191709976,946.101
"577",1993,"Shelf forage fish",11.7765704846894,5.19898248006359,2654.69
"578",1996,"Shelf forage fish",9.49415040008419,5.27009522121467,1444.321
"579",1999,"Shelf forage fish",6.6986941771569,4.5253864853701,738.385
"580",2001,"Shelf forage fish",11.069228736538,5.62933625445219,2134.342
"581",2003,"Shelf forage fish",10.5236025224003,5.57477516863129,4830.954
"582",2005,"Shelf forage fish",10.9316732751448,5.5271644534633,2355.56
"583",2007,"Shelf forage fish",9.30095013985528,4.22435462943086,2534.048
"584",2009,"Shelf forage fish",9.9706872944049,4.81899912293311,3840.072
"585",2011,"Shelf forage fish",9.68725475227117,5.11855294297275,1886.256
"586",2013,"Shelf forage fish",11.0270483459705,5.07931052148878,1190.668
"587",2015,"Shelf forage fish",11.6680912547403,5.97605797341549,4853.052
"588",2017,"Shelf forage fish",10.4000045324524,5.50612753985201,595.704
"589",2019,"Shelf forage fish",10.8019590064626,6.13959572386086,1141.497
"590",2021,"Shelf forage fish",9.71011154499875,5.5129956117105,984.894
"591",2023,"Shelf forage fish",8.98829044690201,5.5906579880591,1065.916
"592",1990,"Slope demersal fish",12.4683280520737,4.29747748310257,192.189
"593",1993,"Slope demersal fish",9.09098410115672,4.22268447047453,4511.02
"594",1996,"Slope demersal fish",7.75510982843621,4.3034517375856,6460.804
"595",1999,"Slope demersal fish",8.14897025061433,3.9954479387321,28658.138
"596",2001,"Slope demersal fish",9.27917047697487,4.42438392721643,10984.457
"597",2003,"Slope demersal fish",8.36171886837382,4.12066081366169,23000.493
"598",2005,"Slope demersal fish",10.0868636489584,4.00031235328466,41911.517
"599",2007,"Slope demersal fish",8.19631497803914,4.00651304403241,38162.432
"600",2009,"Slope demersal fish",8.96345781378448,3.87554951981491,32091.063
"601",2011,"Slope demersal fish",8.51738662641161,4.21442804008199,18720.63
"602",2013,"Slope demersal fish",9.90958194646728,4.12177333920719,14834.105
"603",2015,"Slope demersal fish",11.9401605714909,3.96520869366985,22204.938
"604",2017,"Slope demersal fish",10.404865758773,4.13538305005217,6112.243
"605",2019,"Slope demersal fish",10.7342594359293,4.08321058301837,7232.568
"606",2021,"Slope demersal fish",9.01557718409344,4.08807768882306,7612.987
"607",2023,"Slope demersal fish",9.30260151541043,4.37527120272223,3013.705
"608",1990,"Slope forage fish",12.514742014742,4.79115479115479,0.407
"609",1993,"Slope forage fish",11.3388870595983,4.18021073427725,3.037
"610",1996,"Slope forage fish",8.20657104736491,4.42745163442295,5.996
"611",1999,"Slope forage fish",8.73645370437823,3.84268230494646,13.727
"612",2001,"Slope forage fish",9.63742603550296,4.63010355029586,2.704
"613",2003,"Slope forage fish",7.94324274357552,4.02786097245332,5.409
"614",2005,"Slope forage fish",9.75573874445149,3.96824893559199,11.039
"615",2007,"Slope forage fish",8.61576939381094,4.03127596439169,11.795
"616",2009,"Slope forage fish",8.92363522275675,3.94770968416649,9.562
"617",2011,"Slope forage fish",9.08221047245437,4.11715845130479,11.726
"618",2013,"Slope forage fish",7.29949245358622,4.18807265927608,7.487
"619",2015,"Slope forage fish",13.3687199036918,3.91128611556982,19.936
"620",2017,"Slope forage fish",11.4457124064787,4.33748252898134,12.163
"621",2019,"Slope forage fish",11.6984001662165,4.16070018699356,9.626
"622",2021,"Slope forage fish",10.2874805488754,4.48384495685387,7.069
"623",2023,"Slope forage fish",9.34310216256525,4.95712155108128,2.682
"624",1990,"Slope rockfish",12.4211095688772,5.01261189076187,2167.851
"625",1993,"Slope rockfish",11.0342090207626,5.42139053354978,21099.081
"626",1996,"Slope rockfish",8.43205876333197,5.06121167189895,12351.512
"627",1999,"Slope rockfish",7.29318970166038,4.71165119419819,17922.695
"628",2001,"Slope rockfish",10.9438329614344,5.47935883353632,26909.642
"629",2003,"Slope rockfish",9.31495270707741,5.6250789940171,10629.286
"630",2005,"Slope rockfish",8.89625417735771,5.14614857818477,29977.981
"631",2007,"Slope rockfish",7.62491464527484,4.2137670130509,25563.904
"632",2009,"Slope rockfish",8.32336112604624,4.45270498151934,14455.108
"633",2011,"Slope rockfish",7.79211153508666,4.74929230769995,16099.723
"634",2013,"Slope rockfish",8.6438251482745,4.79444404264787,19454.289
"635",2015,"Slope rockfish",11.8193523912515,5.57623936372551,12494.859
"636",2017,"Slope rockfish",9.1810219452744,5.22388093842151,11287.806
"637",2019,"Slope rockfish",10.436968734348,5.50312364474647,7978.212
"638",2021,"Slope rockfish",8.43713750587919,5.00096364980179,5953.2
"639",2023,"Slope rockfish",7.72907316208047,5.10839619717988,3191.421
"640",1990,"Squid",12.7579234453398,5.12534020069941,52.616
"641",1993,"Squid",10.6367241828008,4.96261935455237,495.687
"642",1996,"Squid",8.10798771034275,4.92270837289586,352.817
"643",1999,"Squid",7.4061451391447,4.66698871437661,119.444
"644",2001,"Squid",9.46571014416361,5.08785836649711,379.43
"645",2003,"Squid",8.50314972684288,4.79823333610354,228.623
"646",2005,"Squid",9.08149638935966,5.03113808857122,217.136
"647",2007,"Squid",7.86584651505544,4.36364569587496,583.51
"648",2009,"Squid",7.70795946782178,4.80661273775404,491.264
"649",2011,"Squid",7.54112015691781,4.90299626094273,179.457
"650",2013,"Squid",8.10984357355745,4.71637460893389,270.095
"651",2015,"Squid",9.35140090261839,5.03717631461559,802.554
"652",2017,"Squid",9.93840552226352,5.15414928316772,52.732
"653",2019,"Squid",9.65532080233283,5.10642912649745,129.971
"654",2021,"Squid",10.4162220638267,5.210406587907,197.817
"655",2023,"Squid",7.76857402247597,5.24558719155734,398.737
"656",1990,"Tanner crab",12.5861878453039,5.09790472219327,19.186
"657",1993,"Tanner crab",10.5866711089362,5.3514616108086,576.282
"658",1996,"Tanner crab",8.47098284411864,5.01144854775618,64.934
"659",1999,"Tanner crab",7.18969874967348,4.222540471467,141.643
"660",2001,"Tanner crab",9.42739725112979,6.34824874672078,149.807
"661",2003,"Tanner crab",9.48030215943472,7.11737013185539,408.857
"662",2005,"Tanner crab",9.92591423743383,5.50824064860664,339.682
"663",2007,"Tanner crab",8.63038878903063,4.06766421683213,344.377
"664",2009,"Tanner crab",6.00051047493153,3.24806251560077,1706.646
"665",2011,"Tanner crab",9.47501795143587,4.91232958347784,409.438
"666",2013,"Tanner crab",10.1076850202736,4.98597995376862,105.556
"667",2015,"Tanner crab",11.125807373113,5.12058906099934,203.035
"668",2017,"Tanner crab",9.70209350167399,3.42324806813533,173.537
"669",2019,"Tanner crab",9.89899430394303,6.54024516641626,334.793
"670",2021,"Tanner crab",9.47877925242734,5.99096050136871,183.019
"671",2023,"Tanner crab",7.96763792860166,5.23950190489629,99.218
"672",1990,"Thornyheads",12.7045486065888,5.02142618282428,284.087
"673",1993,"Thornyheads",10.6540623232586,4.65171631265591,1704.468
"674",1996,"Thornyheads",8.60665886573497,4.80648295651727,3348.318
"675",1999,"Thornyheads",7.63165071537754,4.43532980329043,4155.568
"676",2001,"Thornyheads",9.76843452736938,4.90505605747514,2071.713
"677",2003,"Thornyheads",9.65021464882787,4.41626428337681,5054.302
"678",2005,"Thornyheads",10.1460628935287,4.41892965258635,4727.736
"679",2007,"Thornyheads",8.80945918252911,4.36468645720125,4440.574
"680",2009,"Thornyheads",8.39194897566983,4.66418515778583,4355.334
"681",2011,"Thornyheads",9.18356271205118,4.56817885096158,2141.582
"682",2013,"Thornyheads",9.2313634952056,4.63103568522608,2305.604
"683",2015,"Thornyheads",11.1578805724531,4.58084948133563,4452.976
"684",2017,"Thornyheads",9.66319677263086,5.06705038065885,2809.471
"685",2019,"Thornyheads",10.3772777405612,4.72366327672158,2406.332
"686",2021,"Thornyheads",9.47069894389306,4.56859646371565,2034.169
"687",2023,"Thornyheads",8.42831377883017,4.77995380057303,1208.673
"688",1990,"Walleye pollock adult",11.8503128852004,5.38072844649684,11513.488
"689",1993,"Walleye pollock adult",9.50802923225918,5.77786872025257,79489.443
"690",1996,"Walleye pollock adult",8.35715625868157,5.26468903171577,40668.038
"691",1999,"Walleye pollock adult",4.78484430253214,3.46275270053946,30339.864
"692",2001,"Walleye pollock adult",9.43005310137647,5.81052402859045,9535.911
"693",2003,"Walleye pollock adult",8.01044095804767,6.08473720105614,34190.282
"694",2005,"Walleye pollock adult",9.29065525937233,5.90314154164655,26103.999
"695",2007,"Walleye pollock adult",7.67144547579548,4.58458486946072,20337.94
"696",2009,"Walleye pollock adult",7.07216068331546,4.58022667004373,54366.69
"697",2011,"Walleye pollock adult",7.94237980291284,5.34123190701025,39859.015
"698",2013,"Walleye pollock adult",8.31777441307303,5.29995251572835,47438.866
"699",2015,"Walleye pollock adult",9.57131969202774,5.92106583224884,53428.708
"700",2017,"Walleye pollock adult",7.54537271201527,4.94023367205296,13396.724
"701",2019,"Walleye pollock adult",9.11314464331241,6.17841136249378,11719.892
"702",2021,"Walleye pollock adult",7.69828608677521,5.35800197259929,29126.037
"703",2023,"Walleye pollock adult",6.7329146866674,5.04932883268882,40833.559
"704",2023,"ZERO",6.08965517241379,4.41724137931034,0.029
