,Pcod_rec,,Year,Model 19.1a Age-0 x 10^9,Model 19.1a Stdev,Model 19.1b Age-0 x 10^9,Model 19.1b Stdev,
1991.1,0.838451429,,1977,0.99,0.25,0.79,0.18,
1991.2,0.838451429,,1978,0.5,0.15,0.4,0.11,0.980187696
1991.3,0.838451429,,1979,0.4,0.12,0.34,0.09,0.832800852
1991.4,0.838451429,,1980,0.49,0.14,0.42,0.11,1.02494577
1991.5,0.838451429,,1981,0.77,0.19,0.62,0.14,1.513873474
1991.6,0.838451429,,1982,0.76,0.2,0.63,0.15,1.556896552
1991.7,0.838451429,,1983,0.7,0.21,0.56,0.16,1.402504472
1991.8,0.838451429,,1984,0.62,0.19,0.54,0.15,1.365823566
1991.9,0.838451429,,1985,0.89,0.2,0.73,0.15,1.863433312
1991.1,0.838451429,,1986,0.61,0.14,0.52,0.11,1.357429719
1991.11,0.838451429,,1987,0.61,0.12,0.51,0.09,1.343966713
1991.12,0.838451429,,1988,0.64,0.12,0.55,0.09,1.462976276
1992.1,0.985377041,,1989,0.65,0.12,0.54,0.09,1.45508982
1992.2,0.985377041,,1990,0.83,0.14,0.7,0.11,1.911076443
1992.3,0.985377041,,1991,0.55,0.1,0.45,0.08,1.262376238
1992.4,0.985377041,,1992,0.48,0.09,0.41,0.07,1.159383033
1992.5,0.985377041,,1993,0.35,0.07,0.29,0.05,0.824156306
1992.6,0.985377041,,1994,0.37,0.07,0.33,0.05,0.9325433
1992.7,0.985377041,,1995,0.52,0.08,0.44,0.06,1.240601504
1992.8,0.985377041,,1996,0.34,0.06,0.29,0.04,0.824509804
1992.9,0.985377041,,1997,0.35,0.06,0.3,0.04,0.847628658
1992.1,0.985377041,,1998,0.27,0.04,0.24,0.03,0.674297607
1992.11,0.985377041,,1999,0.37,0.06,0.33,0.04,0.915688367
1992.12,0.985377041,,2000,0.45,0.07,0.38,0.05,1.050884956
1993.1,0.944768284,,2001,0.31,0.05,0.27,0.04,0.748267898
1993.2,0.944768284,,2002,0.21,0.03,0.18,0.03,0.493444577
1993.3,0.944768284,,2003,0.25,0.04,0.22,0.03,0.58952497
1993.4,0.944768284,,2004,0.29,0.04,0.26,0.03,0.683354193
1993.5,0.944768284,,2005,0.44,0.06,0.39,0.05,1.009055627
1993.6,0.944768284,,2006,0.68,0.09,0.58,0.07,1.501362398
1993.7,0.944768284,,2007,0.5,0.07,0.45,0.06,1.198224852
1993.8,0.944768284,,2008,0.66,0.1,0.57,0.07,1.535657686
1993.9,0.944768284,,2009,0.47,0.08,0.43,0.06,1.198606272
1993.1,0.944768284,,2010,0.51,0.08,0.42,0.06,1.186440678
1993.11,0.944768284,,2011,0.63,0.11,0.54,0.09,1.54601227
1993.12,0.944768284,,2012,1.25,0.23,1.05,0.17,3.137931034
1994.1,0.952599101,,2013,0.84,0.18,0.69,0.13,2.509090909
1994.2,0.952599101,,2014,0.3,0.07,0.27,0.06,1.137931034
1994.3,0.952599101,,2015,0.27,0.06,0.26,0.05,1.111111111
1994.4,0.952599101,,2016,0.28,0.05,0.26,0.04,1.125
1994.5,0.952599101,,2017,0.21,0.04,0.2,0.03,0.879120879
1994.6,0.952599101,,2018,0.17,0.03,0.16,0.02,0.691358025
1994.7,0.952599101,,2019,0.08,0.02,0.09,0.02,0.369863014
1994.8,0.952599101,,2020,0.22,0.05,0.15,0.03,0.547445255
1994.9,0.952599101,,2021,0.26,0.1,0.18,0.04,0.590163934
1994.1,0.952599101,,2022,0.46,0.21,0.24,0.06,0.692307692
1994.11,0.952599101,,2023,,,0.38,0.18,0.95
1994.12,0.952599101,,Mean 1977 - (final year - 2),0.5,,0.42,,1
1995.1,0.905511902,,,,,,,
1995.2,0.905511902,,,,,,,
1995.3,0.905511902,,,,,,,
1995.4,0.905511902,,,,,,,
1995.5,0.905511902,,,,,,,
1995.6,0.905511902,,,,,,,
1995.7,0.905511902,,,,,,,
1995.8,0.905511902,,,,,,,
1995.9,0.905511902,,,,,,,
1995.1,0.905511902,,,,,,,
1995.11,0.905511902,,,,,,,
1995.12,0.905511902,,,,,,,
1996.1,0.986807535,,,,,,,
1996.2,0.986807535,,,,,,,
1996.3,0.986807535,,,,,,,
1996.4,0.986807535,,,,,,,
1996.5,0.986807535,,,,,,,
1996.6,0.986807535,,,,,,,
1996.7,0.986807535,,,,,,,
1996.8,0.986807535,,,,,,,
1996.9,0.986807535,,,,,,,
1996.1,0.986807535,,,,,,,
1996.11,0.986807535,,,,,,,
1996.12,0.986807535,,,,,,,
1997.1,0.984283912,,,,,,,
1997.2,0.984283912,,,,,,,
1997.3,0.984283912,,,,,,,
1997.4,0.984283912,,,,,,,
1997.5,0.984283912,,,,,,,
1997.6,0.984283912,,,,,,,
1997.7,0.984283912,,,,,,,
1997.8,0.984283912,,,,,,,
1997.9,0.984283912,,,,,,,
1997.1,0.984283912,,,,,,,
1997.11,0.984283912,,,,,,,
1997.12,0.984283912,,,,,,,
1998.1,0.931014372,,,,,,,
1998.2,0.931014372,,,,,,,
1998.3,0.931014372,,,,,,,
1998.4,0.931014372,,,,,,,
1998.5,0.931014372,,,,,,,
1998.6,0.931014372,,,,,,,
1998.7,0.931014372,,,,,,,
1998.8,0.931014372,,,,,,,
1998.9,0.931014372,,,,,,,
1998.1,0.931014372,,,,,,,
1998.11,0.931014372,,,,,,,
1998.12,0.931014372,,,,,,,
1999.1,0.944777227,,,,,,,
1999.2,0.944777227,,,,,,,
1999.3,0.944777227,,,,,,,
1999.4,0.944777227,,,,,,,
1999.5,0.944777227,,,,,,,
1999.6,0.944777227,,,,,,,
1999.7,0.944777227,,,,,,,
1999.8,0.944777227,,,,,,,
1999.9,0.944777227,,,,,,,
1999.1,0.944777227,,,,,,,
1999.11,0.944777227,,,,,,,
1999.12,0.944777227,,,,,,,
2000.1,0.983263524,,,,,,,
2000.2,0.983263524,,,,,,,
2000.3,0.983263524,,,,,,,
2000.4,0.983263524,,,,,,,
2000.5,0.983263524,,,,,,,
2000.6,0.983263524,,,,,,,
2000.7,0.983263524,,,,,,,
2000.8,0.983263524,,,,,,,
2000.9,0.983263524,,,,,,,
2000.1,0.983263524,,,,,,,
2000.11,0.983263524,,,,,,,
2000.12,0.983263524,,,,,,,
2001.1,0.946236186,,,,,,,
2001.2,0.946236186,,,,,,,
2001.3,0.946236186,,,,,,,
2001.4,0.946236186,,,,,,,
2001.5,0.946236186,,,,,,,
2001.6,0.946236186,,,,,,,
2001.7,0.946236186,,,,,,,
2001.8,0.946236186,,,,,,,
2001.9,0.946236186,,,,,,,
2001.1,0.946236186,,,,,,,
2001.11,0.946236186,,,,,,,
2001.12,0.946236186,,,,,,,
2002.1,0.9927834,,,,,,,
2002.2,0.9927834,,,,,,,
2002.3,0.9927834,,,,,,,
2002.4,0.9927834,,,,,,,
2002.5,0.9927834,,,,,,,
2002.6,0.9927834,,,,,,,
2002.7,0.9927834,,,,,,,
2002.8,0.9927834,,,,,,,
2002.9,0.9927834,,,,,,,
2002.1,0.9927834,,,,,,,
2002.11,0.9927834,,,,,,,
2002.12,0.9927834,,,,,,,
2003.1,0.824655133,,,,,,,
2003.2,0.824655133,,,,,,,
2003.3,0.824655133,,,,,,,
2003.4,0.824655133,,,,,,,
2003.5,0.824655133,,,,,,,
2003.6,0.824655133,,,,,,,
2003.7,0.824655133,,,,,,,
2003.8,0.824655133,,,,,,,
2003.9,0.824655133,,,,,,,
2003.1,0.824655133,,,,,,,
2003.11,0.824655133,,,,,,,
2003.12,0.824655133,,,,,,,
2004.1,0.999289705,,,,,,,
2004.2,0.999289705,,,,,,,
2004.3,0.999289705,,,,,,,
2004.4,0.999289705,,,,,,,
2004.5,0.999289705,,,,,,,
2004.6,0.999289705,,,,,,,
2004.7,0.999289705,,,,,,,
2004.8,0.999289705,,,,,,,
2004.9,0.999289705,,,,,,,
2004.1,0.999289705,,,,,,,
2004.11,0.999289705,,,,,,,
2004.12,0.999289705,,,,,,,
2005.1,0.965410839,,,,,,,
2005.2,0.965410839,,,,,,,
2005.3,0.965410839,,,,,,,
2005.4,0.965410839,,,,,,,
2005.5,0.965410839,,,,,,,
2005.6,0.965410839,,,,,,,
2005.7,0.965410839,,,,,,,
2005.8,0.965410839,,,,,,,
2005.9,0.965410839,,,,,,,
2005.1,0.965410839,,,,,,,
2005.11,0.965410839,,,,,,,
2005.12,0.965410839,,,,,,,
2006.1,0.998713622,,,,,,,
2006.2,0.998713622,,,,,,,
2006.3,0.998713622,,,,,,,
2006.4,0.998713622,,,,,,,
2006.5,0.998713622,,,,,,,
2006.6,0.998713622,,,,,,,
2006.7,0.998713622,,,,,,,
2006.8,0.998713622,,,,,,,
2006.9,0.998713622,,,,,,,
2006.1,0.998713622,,,,,,,
2006.11,0.998713622,,,,,,,
2006.12,0.998713622,,,,,,,
2007.1,0.882177425,,,,,,,
2007.2,0.882177425,,,,,,,
2007.3,0.882177425,,,,,,,
2007.4,0.882177425,,,,,,,
2007.5,0.882177425,,,,,,,
2007.6,0.882177425,,,,,,,
2007.7,0.882177425,,,,,,,
2007.8,0.882177425,,,,,,,
2007.9,0.882177425,,,,,,,
2007.1,0.882177425,,,,,,,
2007.11,0.882177425,,,,,,,
2007.12,0.882177425,,,,,,,
2008.1,0.942310792,,,,,,,
2008.2,0.942310792,,,,,,,
2008.3,0.942310792,,,,,,,
2008.4,0.942310792,,,,,,,
2008.5,0.942310792,,,,,,,
2008.6,0.942310792,,,,,,,
2008.7,0.942310792,,,,,,,
2008.8,0.942310792,,,,,,,
2008.9,0.942310792,,,,,,,
2008.1,0.942310792,,,,,,,
2008.11,0.942310792,,,,,,,
2008.12,0.942310792,,,,,,,
2009.1,0.929521994,,,,,,,
2009.2,0.929521994,,,,,,,
2009.3,0.929521994,,,,,,,
2009.4,0.929521994,,,,,,,
2009.5,0.929521994,,,,,,,
2009.6,0.929521994,,,,,,,
2009.7,0.929521994,,,,,,,
2009.8,0.929521994,,,,,,,
2009.9,0.929521994,,,,,,,
2009.1,0.929521994,,,,,,,
2009.11,0.929521994,,,,,,,
2009.12,0.929521994,,,,,,,
2010.1,0.979133416,,,,,,,
2010.2,0.979133416,,,,,,,
2010.3,0.979133416,,,,,,,
2010.4,0.979133416,,,,,,,
2010.5,0.979133416,,,,,,,
2010.6,0.979133416,,,,,,,
2010.7,0.979133416,,,,,,,
2010.8,0.979133416,,,,,,,
2010.9,0.979133416,,,,,,,
2010.1,0.979133416,,,,,,,
2010.11,0.979133416,,,,,,,
2010.12,0.979133416,,,,,,,
2011.1,0.973260322,,,,,,,
2011.2,0.973260322,,,,,,,
2011.3,0.973260322,,,,,,,
2011.4,0.973260322,,,,,,,
2011.5,0.973260322,,,,,,,
2011.6,0.973260322,,,,,,,
2011.7,0.973260322,,,,,,,
2011.8,0.973260322,,,,,,,
2011.9,0.973260322,,,,,,,
2011.1,0.973260322,,,,,,,
2011.11,0.973260322,,,,,,,
2011.12,0.973260322,,,,,,,
2012.1,0.860452134,,,,,,,
2012.2,0.860452134,,,,,,,
2012.3,0.860452134,,,,,,,
2012.4,0.860452134,,,,,,,
2012.5,0.860452134,,,,,,,
2012.6,0.860452134,,,,,,,
2012.7,0.860452134,,,,,,,
2012.8,0.860452134,,,,,,,
2012.9,0.860452134,,,,,,,
2012.1,0.860452134,,,,,,,
2012.11,0.860452134,,,,,,,
2012.12,0.860452134,,,,,,,
2013.1,1.000016658,,,,,,,
2013.2,1.000016658,,,,,,,
2013.3,1.000016658,,,,,,,
2013.4,1.000016658,,,,,,,
2013.5,1.000016658,,,,,,,
2013.6,1.000016658,,,,,,,
2013.7,1.000016658,,,,,,,
2013.8,1.000016658,,,,,,,
2013.9,1.000016658,,,,,,,
2013.1,1.000016658,,,,,,,
2013.11,1.000016658,,,,,,,
2013.12,1.000016658,,,,,,,
2014.1,0.935742692,,,,,,,
2014.2,0.935742692,,,,,,,
2014.3,0.935742692,,,,,,,
2014.4,0.935742692,,,,,,,
2014.5,0.935742692,,,,,,,
2014.6,0.935742692,,,,,,,
2014.7,0.935742692,,,,,,,
2014.8,0.935742692,,,,,,,
2014.9,0.935742692,,,,,,,
2014.1,0.935742692,,,,,,,
2014.11,0.935742692,,,,,,,
2014.12,0.935742692,,,,,,,
2015.1,0.76328156,,,,,,,
2015.2,0.76328156,,,,,,,
2015.3,0.76328156,,,,,,,
2015.4,0.76328156,,,,,,,
2015.5,0.76328156,,,,,,,
2015.6,0.76328156,,,,,,,
2015.7,0.76328156,,,,,,,
2015.8,0.76328156,,,,,,,
2015.9,0.76328156,,,,,,,
2015.1,0.76328156,,,,,,,
2015.11,0.76328156,,,,,,,
2015.12,0.76328156,,,,,,,
2016.1,0.698915945,,,,,,,
2016.2,0.698915945,,,,,,,
2016.3,0.698915945,,,,,,,
2016.4,0.698915945,,,,,,,
2016.5,0.698915945,,,,,,,
2016.6,0.698915945,,,,,,,
2016.7,0.698915945,,,,,,,
2016.8,0.698915945,,,,,,,
2016.9,0.698915945,,,,,,,
2016.1,0.698915945,,,,,,,
2016.11,0.698915945,,,,,,,
2016.12,0.698915945,,,,,,,
2017.1,0.97315089,,,,,,,
2017.2,0.97315089,,,,,,,
2017.3,0.97315089,,,,,,,
2017.4,0.97315089,,,,,,,
2017.5,0.97315089,,,,,,,
2017.6,0.97315089,,,,,,,
2017.7,0.97315089,,,,,,,
2017.8,0.97315089,,,,,,,
2017.9,0.97315089,,,,,,,
2017.1,0.97315089,,,,,,,
2017.11,0.97315089,,,,,,,
2017.12,0.97315089,,,,,,,
2018.1,0.924720315,,,,,,,
2018.2,0.924720315,,,,,,,
2018.3,0.924720315,,,,,,,
2018.4,0.924720315,,,,,,,
2018.5,0.924720315,,,,,,,
2018.6,0.924720315,,,,,,,
2018.7,0.924720315,,,,,,,
2018.8,0.924720315,,,,,,,
2018.9,0.924720315,,,,,,,
2018.1,0.924720315,,,,,,,
2018.11,0.924720315,,,,,,,
2018.12,0.924720315,,,,,,,
2019.1,0.723439743,,,,,,,
2019.2,0.723439743,,,,,,,
2019.3,0.723439743,,,,,,,
2019.4,0.723439743,,,,,,,
2019.5,0.723439743,,,,,,,
2019.6,0.723439743,,,,,,,
2019.7,0.723439743,,,,,,,
2019.8,0.723439743,,,,,,,
2019.9,0.723439743,,,,,,,
2019.1,0.723439743,,,,,,,
2019.11,0.723439743,,,,,,,
2019.12,0.723439743,,,,,,,
2020.1,0.999534845,,,,,,,
2020.2,0.999534845,,,,,,,
2020.3,0.999534845,,,,,,,
2020.4,0.999534845,,,,,,,
2020.5,0.999534845,,,,,,,
2020.6,0.999534845,,,,,,,
2020.7,0.999534845,,,,,,,
2020.8,0.999534845,,,,,,,
2020.9,0.999534845,,,,,,,
2020.1,0.999534845,,,,,,,
2020.11,0.999534845,,,,,,,
2020.12,0.999534845,,,,,,,
