"","tstep","year","month","btemp","stemp","rec"
"1",133,1991,1,3.74720115808523,3.90933875416277,1
"2",134,1991,2,3.18361877266327,3.09427855035208,0.994464221348885
"3",135,1991,3,3.13738380260317,3.02802678793723,0.996146872989883
"4",136,1991,4,3.45570990616478,3.7943825600647,0.99788930625161
"5",137,1991,5,4.14323005331606,5.4259651128269,1
"6",138,1991,6,4.87077399870177,8.12670878960908,1
"7",139,1991,7,5.36552487048408,11.2029139871053,1
"8",140,1991,8,5.81412501581969,12.0135230829767,1
"9",141,1991,9,6.39491513499745,10.7445082603758,1
"10",142,1991,10,6.3793445848741,8.75500395211185,1
"11",143,1991,11,6.17368090508725,7.28578736014375,1
"12",144,1991,12,5.29097845977435,5.81611841661121,1
"13",145,1992,1,4.70736485121433,4.96763469049021,1
"14",146,1992,2,4.0670980551471,4.2379964081107,0.993850992246932
"15",147,1992,3,3.72941253877723,3.9349245900313,0.948098123666826
"16",148,1992,4,3.99983934749994,4.4335315589492,0.973133583736728
"17",149,1992,5,4.62698951280406,6.36100137290857,1
"18",150,1992,6,5.48752133616255,9.33695397048056,1
"19",151,1992,7,5.97856637337894,11.5811601039322,1
"20",152,1992,8,6.47557124035927,12.195068457983,1
"21",153,1992,9,6.40681379491481,10.7753946298494,1
"22",154,1992,10,6.13759422729315,8.26589399357557,1
"23",155,1992,11,5.69655665774838,6.72712878074965,1
"24",156,1992,12,4.89747639621594,5.38406269270012,1
"25",157,1993,1,4.20652959014619,4.45135352864114,1
"26",158,1993,2,3.47188854542289,3.5381008870601,0.969429533975651
"27",159,1993,3,3.56874547260076,3.75198436250375,0.997341709127004
"28",160,1993,4,3.99237275048809,4.53446314612316,0.979303906653075
"29",161,1993,5,4.64973848760489,6.37403385185962,1
"30",162,1993,6,5.38455174947869,9.45851839708661,1
"31",163,1993,7,5.83945118854522,11.8085366465487,1
"32",164,1993,8,6.17386653305584,12.5512471537652,1
"33",165,1993,9,6.13270788139649,11.0374629331652,1
"34",166,1993,10,5.93771209982293,8.90548463035955,1
"35",167,1993,11,5.49417836023298,6.96050477960632,1
"36",168,1993,12,4.91116291620666,5.43258520748154,1
"37",169,1994,1,4.4889344969123,4.77969606202841,1
"38",170,1994,2,4.0950012294916,4.34503700380971,0.986298734872807
"39",171,1994,3,3.45097950166023,3.61046811479479,0.997775421544732
"40",172,1994,4,3.60623160867422,4.04898704419354,0.967713163268312
"41",173,1994,5,4.25783417661718,5.83739940149997,1
"42",174,1994,6,5.08995791742824,9.33127983470669,1
"43",175,1994,7,5.63986650814819,11.1791223505329,1
"44",176,1994,8,5.99578542665857,12.5688011006934,1
"45",177,1994,9,6.17429739871484,10.8947193179737,1
"46",178,1994,10,6.29468537738601,8.4293047556754,1
"47",179,1994,11,5.32936456510237,6.26719104515683,1
"48",180,1994,12,4.34196149053422,4.64732252470118,1
"49",181,1995,1,4.01737363728829,4.24283996069348,1
"50",182,1995,2,3.69592685773842,3.90640406484548,0.970357003966592
"51",183,1995,3,3.32181332998219,3.4340816415112,0.99608231701812
"52",184,1995,4,3.49769579896481,3.86643963031068,0.999250390375471
"53",185,1995,5,4.21813714963982,5.71754684248597,1
"54",186,1995,6,5.06640765467545,8.68994871559806,1
"55",187,1995,7,5.68455960730145,11.3365120471402,1
"56",188,1995,8,6.04988578667463,11.7871866704303,1
"57",189,1995,9,6.52775365746557,11.5252883006516,1
"58",190,1995,10,6.73916772550226,9.37188268339069,1
"59",191,1995,11,6.25172524352168,7.26230675419232,1
"60",192,1995,12,5.24413591414843,5.67278884495454,1
"61",193,1996,1,4.59476857794362,4.87287577841851,1
"62",194,1996,2,3.90709505706481,4.06493125256432,0.999104699686784
"63",195,1996,3,3.77444777091153,3.98656529593484,0.961944287578912
"64",196,1996,4,4.15414664145331,4.61525335535487,0.978555361232089
"65",197,1996,5,4.88853606715813,6.935449827152,1
"66",198,1996,6,5.62306488165855,9.45203858890226,1
"67",199,1996,7,6.19674227386699,11.4432217310848,1
"68",200,1996,8,6.52406871092932,12.6245400262061,1
"69",201,1996,9,6.84603152400494,11.3273828963817,1
"70",202,1996,10,6.68780142642594,8.66584577166475,1
"71",203,1996,11,6.13585827494853,7.17168568698244,1
"72",204,1996,12,5.10974629158617,5.64346455008028,1
"73",205,1997,1,4.21795208733182,4.52452768220123,1
"74",206,1997,2,3.99157361199104,4.23806673631265,0.999270068250996
"75",207,1997,3,3.81185379027806,4.04008239056611,0.998421527838622
"76",208,1997,4,3.96407763413444,4.46900152897638,0.990924836363938
"77",209,1997,5,4.71752710310779,6.67412104396225,1
"78",210,1997,6,5.55768446641141,10.5734038828897,1
"79",211,1997,7,6.3104278833768,13.6125360879937,1
"80",212,1997,8,6.90644590994664,14.0547980098653,1
"81",213,1997,9,7.31096288181867,12.5687230481477,1
"82",214,1997,10,7.34701538440057,10.0723232676501,1
"83",215,1997,11,6.7421146147881,7.98448408269422,1
"84",216,1997,12,5.77246136349403,6.42881732553477,1
"85",217,1998,1,4.74271700618404,5.2080182515325,1
"86",218,1998,2,4.70203000320142,5.05476968195986,0.999998611042583
"87",219,1998,3,4.66188080559631,5.1275984334739,0.982309378207275
"88",220,1998,4,4.94886371096601,5.50992567899068,0.999678565116345
"89",221,1998,5,5.43679961912338,6.66268544855356,1
"90",222,1998,6,5.87195608806858,8.84419784984734,1
"91",223,1998,7,6.43445354624039,11.8025563463518,1
"92",224,1998,8,6.9256529817972,12.3719610304501,1
"93",225,1998,9,7.22009021313195,10.8146896597451,1
"94",226,1998,10,7.15531844651361,9.32004906339263,1
"95",227,1998,11,6.91751323196428,8.18293723463916,1
"96",228,1998,12,5.82316242052711,6.48952469371875,1
"97",229,1999,1,4.97985938542987,5.44902209261938,1
"98",230,1999,2,3.79617663838619,4.00200137732431,0.976618526811101
"99",231,1999,3,3.44698838110368,3.68165985845823,0.873413794762647
"100",232,1999,4,3.78997372103614,4.11236210329596,0.95651066259659
"101",233,1999,5,4.43249092803473,5.72152123644189,1
"102",234,1999,6,5.23604306014976,8.15752497534795,1
"103",235,1999,7,5.92581686704521,11.1613774677741,1
"104",236,1999,8,6.2587986872586,11.9838064011534,1
"105",237,1999,9,6.76404081386917,11.1100135794964,1
"106",238,1999,10,6.83444376999539,8.85281054083869,1
"107",239,1999,11,6.18653996795397,6.85840311249076,1
"108",240,1999,12,5.15497271432203,5.57053138926208,1
"109",241,2000,1,3.9627572725565,4.21822294461807,1
"110",242,2000,2,3.6648044612097,3.8367635788767,0.983611088996405
"111",243,2000,3,3.90650286919538,4.14268586760753,0.996006360031133
"112",244,2000,4,4.17011641875452,4.65064878865858,0.996787412588902
"113",245,2000,5,4.86548140655397,6.60973568060287,1
"114",246,2000,6,5.59537943992129,9.14410126332736,1
"115",247,2000,7,6.17424224552786,11.5665860647244,1
"116",248,2000,8,6.46286248262683,12.3481795139923,1
"117",249,2000,9,6.57392327003935,11.1064726588398,1
"118",250,2000,10,6.63763280684206,8.79652698397758,1
"119",251,2000,11,6.32511383769589,7.2574277122344,1
"120",252,2000,12,5.74876288227939,6.30019508440245,1
"121",253,2001,1,5.28241104791621,5.63248537620957,1
"122",254,2001,2,4.80413505845579,5.08127774508128,0.868728833172741
"123",255,2001,3,4.64783730544163,4.91353735329371,0.873074410291942
"124",256,2001,4,4.64524052174523,5.07407216514461,0.969380272654125
"125",257,2001,5,5.13777604181854,6.4078902837838,1
"126",258,2001,6,5.83934904445272,10.251509517146,1
"127",259,2001,7,6.3087369578101,12.3018619331649,1
"128",260,2001,8,6.62575027872229,13.13868420055,1
"129",261,2001,9,7.07173930867925,11.5008500730165,1
"130",262,2001,10,7.004799714409,9.27968028251162,1
"131",263,2001,11,6.14827667446944,6.92422113425794,1
"132",264,2001,12,5.11278119969136,5.6184168289067,1
"133",265,2002,1,4.57633000413711,4.89209733318938,1
"134",266,2002,2,4.07136297526647,4.24070376909093,0.828004972893908
"135",267,2002,3,3.8680177386953,4.03459355381502,0.814858243718386
"136",268,2002,4,4.08877581092679,4.3634539230206,0.900295153668615
"137",269,2002,5,4.63288072212234,6.49915920829905,1
"138",270,2002,6,5.4866605982626,9.33346089170617,1
"139",271,2002,7,6.11171939401395,12.1447602515971,1
"140",272,2002,8,6.45431271797988,13.0389364377355,1
"141",273,2002,9,6.57922245680443,11.3541064323673,1
"142",274,2002,10,6.60387348702067,9.32012972849415,1
"143",275,2002,11,6.73974946997034,8.04269396688352,1
"144",276,2002,12,6.36176767923967,7.13219789211773,1
"145",277,2003,1,5.62254898860759,6.11884465209085,1
"146",278,2003,2,5.43407793103275,5.93920909864198,0.996823199226618
"147",279,2003,3,5.12206097924325,5.497735935273,0.958116822696378
"148",280,2003,4,4.96044162454083,5.5136483503348,0.992513158414431
"149",281,2003,5,5.48254670267206,7.26903653139333,1
"150",282,2003,6,6.19267387216733,9.72244994401499,1
"151",283,2003,7,6.66644771585873,12.507069212126,1
"152",284,2003,8,6.96794136909965,13.40077552586,1
"153",285,2003,9,7.27844940450513,12.3593540005343,1
"154",286,2003,10,7.52466407798865,10.2431409181155,1
"155",287,2003,11,6.79331795624832,8.48038304422431,1
"156",288,2003,12,5.66511210172062,6.31000658158261,1
"157",289,2004,1,4.72065418552939,5.03832604953594,1
"158",290,2004,2,4.33337002844545,4.59810776918342,0.90421358739513
"159",291,2004,3,4.21717761900092,4.47062734409444,0.926480803738717
"160",292,2004,4,4.20867376561204,4.69839367159476,0.991924826770053
"161",293,2004,5,4.85555370355208,6.75588040333989,1
"162",294,2004,6,5.59998065812527,9.43772725553308,1
"163",295,2004,7,6.26941572003706,12.9805430858728,1
"164",296,2004,8,6.73879899595804,14.4767261053529,1
"165",297,2004,9,6.86948037956745,12.9132125763751,1
"166",298,2004,10,6.72119844360176,9.66191488792043,1
"167",299,2004,11,6.04560650201569,7.09896553807187,1
"168",300,2004,12,5.61051146309428,6.14041044940081,1
"169",301,2005,1,5.02811601824747,5.33660785355391,1
"170",302,2005,2,4.57676054785464,4.81897184347126,0.998081631814826
"171",303,2005,3,4.55980190089845,4.87300223452142,0.899139532370005
"172",304,2005,4,4.64812987898125,5.19125169555342,0.934496714177847
"173",305,2005,5,5.27428441998348,7.58851420662105,1
"174",306,2005,6,6.02665074318965,10.6027834826905,1
"175",307,2005,7,6.58254128351581,13.7831208863386,1
"176",308,2005,8,7.06673249829864,14.2942302807446,1
"177",309,2005,9,7.05178442967306,12.1881002413679,1
"178",310,2005,10,7.10086223994052,9.62212414802781,1
"179",311,2005,11,6.33463176245711,7.30779588525549,1
"180",312,2005,12,5.52241916022172,6.08107647078155,1
"181",313,2006,1,5.15715037372396,5.61156231403867,1
"182",314,2006,2,4.18626291411555,4.50948659791786,0.952134439916917
"183",315,2006,3,3.94935778154169,4.13367258840532,0.866034361708964
"184",316,2006,4,4.20156558420286,4.54529821524443,0.910351666838058
"185",317,2006,5,4.77003604578386,6.21078274975904,1
"186",318,2006,6,5.59184713390464,9.51884213165763,1
"187",319,2006,7,6.29988352954588,11.7487170049134,1
"188",320,2006,8,6.80610808971376,12.1690052736644,1
"189",321,2006,9,7.15439277092868,11.2263389804321,1
"190",322,2006,10,6.989612198676,9.54189805845289,1
"191",323,2006,11,6.09673450670356,7.0467152836067,1
"192",324,2006,12,5.1354885356427,5.51305350021924,1
"193",325,2007,1,4.06082657209387,4.30434283655775,1
"194",326,2007,2,3.84417616759771,4.04361340282792,0.983688607026641
"195",327,2007,3,3.15180154855222,3.16387417771492,0.965608116432745
"196",328,2007,4,3.24909579619394,3.51891050983457,0.999707372475784
"197",329,2007,5,4.09031045702062,5.44260233894138,1
"198",330,2007,6,4.94446880033228,8.27155984933048,1
"199",331,2007,7,5.65205959946133,11.9367281827888,1
"200",332,2007,8,6.17732624803786,12.891039259261,1
"201",333,2007,9,6.51882659024041,11.7093853766306,1
"202",334,2007,10,6.34336062537945,8.70190212345532,1
"203",335,2007,11,6.0326741411885,6.98870005260119,1
"204",336,2007,12,5.46924128415409,5.97827566481862,1
"205",337,2008,1,4.31453067474861,4.56157539389316,1
"206",338,2008,2,3.66987490113542,3.84407520739169,0.991860572335724
"207",339,2008,3,3.59413679851542,3.72862710396602,0.971325262252279
"208",340,2008,4,3.73305653235908,4.00402185952895,0.989499190660836
"209",341,2008,5,4.35295231790217,5.32450038100689,1
"210",342,2008,6,5.17441989932045,8.18998754624593,1
"211",343,2008,7,5.86850393691966,10.8007140537886,1
"212",344,2008,8,6.47539778338678,12.5600848718894,1
"213",345,2008,9,6.96474834666619,11.3331612212825,1
"214",346,2008,10,6.78243529254769,9.1918291968312,1
"215",347,2008,11,6.14309020071528,7.10390840330902,1
"216",348,2008,12,5.35718472350619,5.88591991593003,1
"217",349,2009,1,4.31255887019411,4.56247436800478,1
"218",350,2009,2,3.757112531237,3.82481948728169,0.949541002950118
"219",351,2009,3,3.52663983547689,3.46624489546187,0.956843162882552
"220",352,2009,4,3.53541000066338,3.73487495771732,0.895237236761143
"221",353,2009,5,4.27242754371437,6.2832243821497,1
"222",354,2009,6,5.0956250064556,9.10458963712843,1
"223",355,2009,7,5.78388091624154,11.8853811432717,1
"224",356,2009,8,6.26747170631697,11.9027865921031,1
"225",357,2009,9,6.82380258330473,11.4022676909963,1
"226",358,2009,10,7.11106597201707,9.73877273520471,1
"227",359,2009,11,6.44713466105585,7.46252728481375,1
"228",360,2009,12,5.54444503378137,6.05767139186913,1
"229",361,2010,1,5.15574635824128,5.45484171546763,1
"230",362,2010,2,4.7847795561747,5.06746451876587,0.968986276324625
"231",363,2010,3,4.3298192806853,4.6093126513687,0.89816108423447
"232",364,2010,4,4.39461215813241,4.81184747426978,0.968037944125991
"233",365,2010,5,5.00287310208653,6.27816352176653,1
"234",366,2010,6,5.88104893379656,8.77735204785421,1
"235",367,2010,7,6.39783644062142,11.2606566640556,1
"236",368,2010,8,6.61852463202978,11.8703229554409,1
"237",369,2010,9,6.75098341610323,12.0751932409563,1
"238",370,2010,10,6.90424236373498,9.50204003408737,1
"239",371,2010,11,6.49920157710006,7.57373192267163,1
"240",372,2010,12,5.36140504928328,5.9196233746931,1
"241",373,2011,1,4.53233353551604,4.94368741649283,1
"242",374,2011,2,4.03177744679472,4.31361241241607,0.946272912002656
"243",375,2011,3,3.59774938154568,3.70264399458644,0.983621840336288
"244",376,2011,4,3.88751989521241,4.23701266254017,0.999902179979855
"245",377,2011,5,4.53803133261042,6.10701835157755,1
"246",378,2011,6,5.27749793687901,8.53817763559098,1
"247",379,2011,7,5.8655623433943,11.0768362503708,1
"248",380,2011,8,6.29665895759514,11.8356151558484,1
"249",381,2011,9,7.11017975046578,10.6323616725239,1
"250",382,2011,10,7.30699434202733,9.38688876431903,1
"251",383,2011,11,6.2743132013146,7.38864616353095,1
"252",384,2011,12,5.26756765078479,5.76355410403312,1
"253",385,2012,1,4.03667889752273,4.18910878136751,1
"254",386,2012,2,3.4140121927306,3.52528658604333,0.928895846750316
"255",387,2012,3,3.13257321798501,3.01821377134729,0.959280828254512
"256",388,2012,4,3.4610449601141,3.83134489875273,0.959724807601578
"257",389,2012,5,4.30254714873333,5.76507927694114,1
"258",390,2012,6,5.24217301838765,8.84326243693721,1
"259",391,2012,7,5.94879508176101,10.9773175192478,1
"260",392,2012,8,6.49988972854041,11.9630550773512,1
"261",393,2012,9,6.76360297645599,10.4945438034419,1
"262",394,2012,10,6.8028738944744,8.86420773509585,1
"263",395,2012,11,6.14035533005202,7.0838211004478,1
"264",396,2012,12,5.03354830376799,5.51160550177485,1
"265",397,2013,1,4.56565270706621,4.93816931907747,1
"266",398,2013,2,4.30681814667192,4.58643377847187,0.997035814112252
"267",399,2013,3,4.13131690669942,4.33001103436157,0.979007605861977
"268",400,2013,4,4.20112894202416,4.48017002292462,0.997828038593352
"269",401,2013,5,4.78661949900926,5.95839320550168,1
"270",402,2013,6,5.67007869541544,9.23510455115171,1
"271",403,2013,7,6.23392733266139,11.8254825539493,1
"272",404,2013,8,6.70887193122728,12.9067890727742,1
"273",405,2013,9,6.99725254652672,11.5732514024122,1
"274",406,2013,10,6.93597260657059,9.22657068216968,1
"275",407,2013,11,6.56354559514193,7.90580996482769,1
"276",408,2013,12,5.6517730705135,6.31662220914421,1
"277",409,2014,1,5.18971354010628,5.66321153818005,1
"278",410,2014,2,4.88332002181883,5.17693891719026,0.760363741131498
"279",411,2014,3,4.5676895648303,4.81195252810683,0.849828481815641
"280",412,2014,4,4.79705089978583,5.36254477077254,0.892355220407684
"281",413,2014,5,5.50355069296995,8.00634103265718,1
"282",414,2014,6,6.17203756929733,10.1796058630064,1
"283",415,2014,7,6.76176758291068,13.2703038370028,1
"284",416,2014,8,7.30838268126313,14.4634776088688,1
"285",417,2014,9,7.52408205180758,13.1520469817048,1
"286",418,2014,10,7.61655928043017,10.4467453711488,1
"287",419,2014,11,7.22110585431139,8.79219206930355,1
"288",420,2014,12,6.82143925900601,7.82927522980674,1
"289",421,2015,1,6.21924233730627,6.96996190232697,1
"290",422,2015,2,5.56715380351757,6.163681849101,0.995933894479464
"291",423,2015,3,5.20390538283614,5.82251104281431,0.999870518858547
"292",424,2015,4,5.35601254719388,6.06827277176259,0.9999432094387
"293",425,2015,5,5.77607172842712,7.62642245609214,1
"294",426,2015,6,6.32318051552448,10.77417815994,1
"295",427,2015,7,6.91148098718663,12.962718398781,1
"296",428,2015,8,7.23770010966746,13.9515576663466,1
"297",429,2015,9,7.22120731084485,11.9450547832099,1
"298",430,2015,10,7.28550182075624,10.0237014840115,1
"299",431,2015,11,6.74875389566715,8.30572317890865,1
"300",432,2015,12,6.17941561794879,6.9833807990182,1
"301",433,2016,1,5.82753547265841,6.35307025544886,1
"302",434,2016,2,5.59726257380879,6.1495967959059,0.970645469279877
"303",435,2016,3,5.48808985762429,6.02948732942337,0.973108040941786
"304",436,2016,4,5.67563944375783,6.68536175768216,0.959230672990481
"305",437,2016,5,6.16877383868799,8.3491065681561,1
"306",438,2016,6,6.73506073621294,11.3727542818834,1
"307",439,2016,7,7.24317425433586,13.8417662856619,1
"308",440,2016,8,7.50907122122143,14.218334135899,1
"309",441,2016,9,7.55970351153273,13.5277256022405,1
"310",442,2016,10,7.69710827236612,10.9479773397654,1
"311",443,2016,11,7.43261247343471,9.05071229380426,1
"312",444,2016,12,6.3971330533908,7.31380612437388,1
"313",445,2017,1,5.46939808599561,6.01309068247986,1
"314",446,2017,2,4.88791215081262,5.18742987240759,0.999993276224199
"315",447,2017,3,4.2830018867357,4.55919982002316,0.988115689974158
"316",448,2017,4,4.46625429380572,5.09275892834639,0.99998130832068
"317",449,2017,5,5.18899632686579,6.880727474919,1
"318",450,2017,6,6.10753646455321,9.74811431372068,1
"319",451,2017,7,6.78352127782478,12.4998038927877,1
"320",452,2017,8,7.25058924269772,13.4344493113139,1
"321",453,2017,9,7.78207013607337,11.5581701229726,1
"322",454,2017,10,7.54906567543721,9.97192755781216,1
"323",455,2017,11,7.01253901254183,8.26449253810426,1
"324",456,2017,12,6.33182277379292,7.060275201934,1
"325",457,2018,1,5.65728870843917,6.19116599806052,1
"326",458,2018,2,4.85913733973709,5.26845898305405,0.975881559401874
"327",459,2018,3,4.62713335305821,4.92205435597843,0.818975704716845
"328",460,2018,4,4.91004101783802,5.49534447382125,0.846294291637986
"329",461,2018,5,5.47138504694524,6.86420313962318,1
"330",462,2018,6,6.15187376791099,9.76819620685644,1
"331",463,2018,7,6.60197164236478,11.9077110573915,1
"332",464,2018,8,6.90754475437163,12.0466622919358,1
"333",465,2018,9,7.01808309254195,12.349824611674,1
"334",466,2018,10,7.28197944172074,10.6601356046858,1
"335",467,2018,11,7.16800180743025,8.84919569691526,1
"336",468,2018,12,6.5578586679659,7.43884161458435,1
"337",469,2019,1,5.74592582051761,6.31831157784281,1
"338",470,2019,2,5.44918907421473,5.91116717562988,0.947247154376205
"339",471,2019,3,5.38323433383011,5.79858648629089,0.931949770564217
"340",472,2019,4,5.68600920717439,6.44895458733863,0.958746971957501
"341",473,2019,5,6.02266379201389,7.72167297577639,1
"342",474,2019,6,6.67646439199417,10.5888008756875,1
"343",475,2019,7,7.11018093678257,13.7831364639155,1
"344",476,2019,8,7.28684441778979,14.7174016120878,1
"345",477,2019,9,7.35987443078503,12.8987556825406,1
"346",478,2019,10,7.26192713395726,10.2341432335304,1
"347",479,2019,11,7.10197856340953,8.88418214651604,1
"348",480,2019,12,6.51215099487854,7.39987630939093,1
"349",481,2020,1,5.27013420672689,5.65476851404957,1
"350",482,2020,2,4.32288070833023,4.59176529846023,0.962801618816743
"351",483,2020,3,3.90554287142757,4.21777110752674,0.917063370811311
"352",484,2020,4,4.19397112838035,4.76584627460371,0.919059548957252
"353",485,2020,5,4.9954209298327,6.82591062825044,1
"354",486,2020,6,5.89084478641949,9.98037131725352,1
"355",487,2020,7,6.53542180095851,12.8504239440143,1
"356",488,2020,8,7.02327162420143,13.6926738061215,1
"357",489,2020,9,7.35973173597331,11.8550734749197,1
"358",490,2020,10,7.71104875911173,10.0580188776766,1
"359",491,2020,11,6.76065024000274,8.07813610807575,1
"360",492,2020,12,6.00382287836266,6.65252399412167,1
"361",493,2021,1,4.12557254620589,4.55611534860978,1
"362",494,2021,2,3.73895099871632,3.9457301492119,0.933024937536722
"363",495,2021,3,3.83830088075321,4.14925909475493,0.996134804072611
"364",496,2021,4,4.10059188387703,4.49926296353232,0.991683558077345
"365",497,2021,5,4.79415725146112,7.07762393500934,1
"366",498,2021,6,5.65109401415406,10.1984079212881,1
"367",499,2021,7,6.19961924099207,12.1924678387339,1
"368",500,2021,8,6.66822156557507,13.0091927919382,1
"369",501,2021,9,7.06679854419106,11.4486887990362,1
"370",502,2021,10,7.02779540705097,9.23564341043111,1
"371",503,2021,11,6.37853422310878,7.50257302191319,1
"372",504,2021,12,5.64792324464798,6.17403281769001,1
"373",505,2022,1,5.10434957349867,5.50210740464339,1
"374",506,2022,2,4.71190659896482,5.06087620836217,0.994783140341894
"375",507,2022,3,4.59354847981339,4.95800000376428,0.932714504279482
"376",508,2022,4,4.79987073384415,5.45788034157333,0.981413260852697
"377",509,2022,5,5.3890756550655,8.09811386677721,1
"378",510,2022,6,6.12300864955401,10.9429307925715,1
"379",511,2022,7,6.67314114246274,13.347638289638,1
"380",512,2022,8,7.0113191491533,12.7920878031747,1
"381",513,2022,9,7.24218118613396,11.4770200375589,1
"382",514,2022,10,7.20210993687266,9.5231349734004,1
"383",515,2022,11,6.60920469754655,7.79861444498627,1
"384",516,2022,12,5.68670954101462,6.43790618432808,1
"385",517,2023,1,4.77443768832338,5.19833901722127,1
"386",518,2023,2,4.08830381786255,4.34358847929778,0.889960241654193
"387",519,2023,3,3.4545597180534,3.45813564538765,0.813481114633725
"388",520,2023,4,3.61894179963843,3.87244183107984,0.901593140976849
"389",521,2023,5,4.34065478654426,6.0838169596928,1
"390",522,2023,6,5.21492286568251,9.577286162769,1
"391",523,2023,7,5.91438670137708,13.1156712359785,1
"392",524,2023,8,6.28500123954919,12.2983572260319,1
"393",525,2023,9,6.61307835543798,10.8330384478297,1
"394",526,2023,10,6.6315930943589,9.30315006455241,1
"395",527,2023,11,5.97317723308458,7.03347112507889,1
"396",528,2023,12,5.03288560771482,5.49634686394238,1
"397",529,2024,1,4.03526980443316,4.20099730349399,1
"398",530,2024,2,3.5140635599225,3.4757048169926,0.99731412080986
"399",531,2024,3,2.95313996024179,2.77648328403994,0.999248303925237
"400",532,2024,4,3.14105527044722,3.34191689930195,0.99998297579087
"401",533,2024,5,3.91697124449854,5.05577433655652,1
"402",534,2024,6,4.80696552438,8.66831388003342,1
"403",535,2024,7,5.466472103263,11.9257472114736,1
"404",536,2024,8,5.96073535054829,12.9051206929768,1
"405",537,2024,9,6.34735766557433,11.9705369617409,1
"406",538,2024,10,6.42958224667377,9.05027734978891,1
"407",539,2024,11,6.22033720347253,7.63421845076562,1
"408",540,2024,12,5.40349148729723,6.04877860986885,1
"409",541,2025,1,4.89162435022337,5.22990728006579,1
"410",542,2025,2,4.31502812289669,4.34665415778372,0.911052244496759
"411",543,2025,3,4.10360646692766,4.24030312736422,0.971974926042023
"412",544,2025,4,4.32248138047727,4.6048868859062,0.930418229613787
"413",545,2025,5,4.90996626243851,6.38288092963373,1
"414",546,2025,6,5.6331611026393,9.15199632984145,1
"415",547,2025,7,6.17031331964172,12.3067409481524,1
"416",548,2025,8,6.5107994987598,12.2135082307177,1
"417",549,2025,9,6.77984960337147,10.933573844991,1
"418",550,2025,10,6.75787297946686,9.28546688941359,1
"419",551,2025,11,6.3088329421101,7.46168688681463,1
"420",552,2025,12,5.71208118483404,6.17299275112304,1
"421",553,2026,1,5.07160218104183,5.25228855408698,1
"422",554,2026,2,4.86993736526617,5.15160061955205,0.721339364641959
"423",555,2026,3,4.69739892547269,4.92367225482863,0.827009006524304
"424",556,2026,4,4.84104205175923,5.29230496331261,0.783214791888583
"425",557,2026,5,5.47105271780827,7.61727589958337,1
"426",558,2026,6,6.14229654613119,10.5070884363513,1
"427",559,2026,7,6.61605083825383,12.3551412732943,1
"428",560,2026,8,7.16004165282852,14.567955673106,1
"429",561,2026,9,7.63701474926702,13.3663551841912,1
"430",562,2026,10,7.7025309609445,10.3536817402862,1
"431",563,2026,11,7.02839545864543,8.26032245997811,1
"432",564,2026,12,6.49039883206569,7.40609778581871,1
"433",565,2027,1,4.88254443717476,5.36755205433566,1
"434",566,2027,2,4.37925522623743,4.4835797351547,0.712549324403577
"435",567,2027,3,3.92712904239898,3.95692970863521,0.744509870965972
"436",568,2027,4,4.10651185095378,4.56179477573713,0.689814002507945
"437",569,2027,5,4.77812402452263,6.7995581947341,1
"438",570,2027,6,5.63521451156528,9.63773687774631,1
"439",571,2027,7,6.26667333247473,13.1032218984155,1
"440",572,2027,8,6.74123796718878,12.7441158758656,1
"441",573,2027,9,6.98531757357265,11.5713258538316,1
"442",574,2027,10,6.86943425638065,9.18725677042076,1
"443",575,2027,11,6.27888939024704,7.44599028874251,1
"444",576,2027,12,5.72461782806324,6.4561119449455,1
"445",577,2028,1,5.1127955055956,5.51960090889149,1
"446",578,2028,2,5.00367947852244,5.51601238951285,0.90997337567948
"447",579,2028,3,5.05731113202769,5.79522465709854,0.998311114757406
"448",580,2028,4,5.00403045454486,5.53646869938542,0.984867244805836
"449",581,2028,5,5.56793245477407,7.60224385983508,1
"450",582,2028,6,6.18510247885657,9.3981792619392,1
"451",583,2028,7,6.81845069061183,13.5087913431144,1
"452",584,2028,8,7.39109969687304,14.0653279254865,1
"453",585,2028,9,7.77089894463707,12.8775543159738,1
"454",586,2028,10,7.95881368348785,10.457055775086,1
"455",587,2028,11,6.97701088437678,8.14198403702013,1
"456",588,2028,12,5.76441136689891,6.68715963167065,1
"457",589,2029,1,4.92309474706042,5.55491491525595,1
"458",590,2029,2,4.66039382934759,5.28758357408341,0.916656706406404
"459",591,2029,3,4.67849851181515,5.41473704874927,0.96276111003061
"460",592,2029,4,4.82897092236646,5.51909356019857,0.904711188491944
"461",593,2029,5,5.44530820493184,7.94935203154755,1
"462",594,2029,6,6.20568282878298,10.511820589571,1
"463",595,2029,7,6.78099391744257,13.4827504615776,1
"464",596,2029,8,7.31307425324599,14.6607515563151,1
"465",597,2029,9,7.71409494790322,13.2400208651885,1
"466",598,2029,10,7.59432849303924,9.93644666600794,1
"467",599,2029,11,6.90772261001158,8.03186955909356,1
"468",600,2029,12,6.04813818366224,6.85454531951018,1
"469",601,2030,1,5.06805728459204,5.6030177341423,1
"470",602,2030,2,4.57102257256688,4.89562507956762,0.755929227909678
"471",603,2030,3,4.3649784953823,4.73316162270488,0.775262067705851
"472",604,2030,4,4.70493928258377,5.3840519725944,0.686825496346065
"473",605,2030,5,5.35734180658495,7.66634772560974,1
"474",606,2030,6,6.03595967984655,10.1304409300496,1
"475",607,2030,7,6.60256087335834,12.7238879402889,1
"476",608,2030,8,7.05164375513111,13.9687878450177,1
"477",609,2030,9,7.43995611844244,13.0471341546034,1
"478",610,2030,10,7.52281291263983,10.5484707338495,1
"479",611,2030,11,6.95337617297662,8.48855394369238,1
"480",612,2030,12,5.87756589634871,6.77519820699857,1
"481",613,2031,1,5.18505974631388,5.75514321150066,1
"482",614,2031,2,4.93699017491181,5.48255563911244,0.996512874091858
"483",615,2031,3,4.75582853495148,5.3656123625052,0.983513329433554
"484",616,2031,4,4.97951279233356,5.63804365262369,0.999999206288051
"485",617,2031,5,5.58901805366547,8.05255521706267,1
"486",618,2031,6,6.29649120928233,11.0187825714428,1
"487",619,2031,7,6.94676539042925,14.5885358224336,1
"488",620,2031,8,7.39297348648172,14.6000860874894,1
"489",621,2031,9,7.68344432446391,13.0498648987745,1
"490",622,2031,10,7.83019411366755,10.696152466926,1
"491",623,2031,11,7.47439087401441,9.29835100560214,1
"492",624,2031,12,6.94101140287612,8.29061727378672,1
"493",625,2032,1,5.92169069091522,6.80307400766103,1
"494",626,2032,2,5.45744903886551,6.17661555403389,0.959757468174705
"495",627,2032,3,5.20965377475687,5.87221692393567,0.975080357595589
"496",628,2032,4,5.21865740642125,5.88987256763442,0.998296028598464
"497",629,2032,5,5.84299093808619,7.90305379003251,1
"498",630,2032,6,6.51971517942513,10.7287807189343,1
"499",631,2032,7,7.02547934275445,13.1039507723419,1
"500",632,2032,8,7.47929661900193,13.8346495369646,1
"501",633,2032,9,7.77635417712917,12.9701034116474,1
"502",634,2032,10,7.91689816812224,10.3023735512032,1
"503",635,2032,11,7.06113718499209,8.2865843601941,1
"504",636,2032,12,5.91244880585533,6.86358904534841,1
"505",637,2033,1,5.3071434167625,6.11649879390848,1
"506",638,2033,2,5.03860720789288,5.84514634241078,0.94767108493524
"507",639,2033,3,4.81533238605336,5.52263715150293,0.968111450134146
"508",640,2033,4,4.89517489605254,5.34193005620333,0.929813774687002
"509",641,2033,5,5.42985296091112,7.52830645651122,1
"510",642,2033,6,6.17582602645317,10.5726514745435,1
"511",643,2033,7,6.77249420944168,12.8890274065956,1
"512",644,2033,8,7.17080397811526,13.2559668777886,1
"513",645,2033,9,7.42353501451861,12.0667586465863,1
"514",646,2033,10,7.64653294028611,10.3931187786844,1
"515",647,2033,11,7.25179813140635,8.63196999207496,1
"516",648,2033,12,6.30336122539389,6.87045850079718,1
"517",649,2034,1,5.36796347644037,5.47858629157251,1
"518",650,2034,2,4.53416841121209,4.57031216274134,0.997808174210921
"519",651,2034,3,3.60943016105201,3.75148237186534,0.900014574899632
"520",652,2034,4,3.91856381674517,4.67826660740642,0.93713172491016
"521",653,2034,5,4.67363242479385,6.40306129226155,1
"522",654,2034,6,5.44712455540549,9.10587210409052,1
"523",655,2034,7,6.16026133425079,12.3750209668799,1
"524",656,2034,8,6.63634231599657,12.2786341619344,1
"525",657,2034,9,7.04405441801856,11.7286966216088,1
"526",658,2034,10,7.11947925191417,9.45397037701849,1
"527",659,2034,11,6.72761038314579,7.82342948078175,1
"528",660,2034,12,5.63775288023109,6.14483452544519,1
"529",661,2035,1,4.68064343820963,4.96486700092343,1
"530",662,2035,2,3.95865614755316,4.13141235221836,0.914170135350231
"531",663,2035,3,3.48434071702069,3.51631172502313,0.76130780721572
"532",664,2035,4,3.68239958997288,4.12058531430676,0.815908183365278
"533",665,2035,5,4.42516501261363,5.75135376714515,1
"534",666,2035,6,5.21786946974983,8.21996113225249,1
"535",667,2035,7,5.80436205379315,11.6068381099762,1
"536",668,2035,8,6.28331880065928,13.0966758068247,1
"537",669,2035,9,6.61984676988396,12.1240620886443,1
"538",670,2035,10,6.44878461779126,8.6769122215427,1
"539",671,2035,11,6.04988873938492,7.13288351601901,1
"540",672,2035,12,5.66700620442666,6.21026068920967,1
"541",673,2036,1,5.07119402119538,5.4121901386506,1
"542",674,2036,2,4.79427807442027,5.02835989894134,0.99691751152427
"543",675,2036,3,4.6018792374355,5.0708038592096,0.998406390979309
"544",676,2036,4,4.80227871243295,5.18206215678197,0.996534047008694
"545",677,2036,5,5.39142471559696,7.5002538753433,1
"546",678,2036,6,6.08677115580564,9.94259324430091,1
"547",679,2036,7,6.65450841801519,12.8492692894729,1
"548",680,2036,8,7.09938870052061,13.4273426528209,1
"549",681,2036,9,7.32539527707459,11.9110455113401,1
"550",682,2036,10,7.3391841100807,9.6758220038826,1
"551",683,2036,11,6.80688713536651,7.85168311997054,1
"552",684,2036,12,5.96668194079292,6.41129214740357,1
"553",685,2037,1,5.27156510034033,5.68044282707341,1
"554",686,2037,2,5.08910623434148,5.40017142190129,0.914169921190913
"555",687,2037,3,4.99768779320766,5.43136621105799,0.95040794251533
"556",688,2037,4,5.14703187063593,5.77765232239711,0.920763176738424
"557",689,2037,5,5.69823186200113,8.15020202085518,1
"558",690,2037,6,6.40580765983195,11.2172302645954,1
"559",691,2037,7,7.06300100615339,14.3926967010976,1
"560",692,2037,8,7.55521370059315,15.1080258191042,1
"561",693,2037,9,7.81637468277814,13.5989462272215,1
"562",694,2037,10,8.13822532082941,11.6824557881143,1
"563",695,2037,11,7.73812528559267,9.472597209941,1
"564",696,2037,12,6.85818782072194,7.91596246767399,1
"565",697,2038,1,5.85804822311488,6.58100720104439,1
"566",698,2038,2,5.57560575873048,6.09281076378074,0.992887839837041
"567",699,2038,3,5.36667625200591,5.90533398076537,0.985870653882599
"568",700,2038,4,5.35757971938204,5.7845835319109,0.998509275555863
"569",701,2038,5,5.88516755953994,8.74961586135986,1
"570",702,2038,6,6.50150032218592,10.7295705430014,1
"571",703,2038,7,6.95000708694166,13.1417785117675,1
"572",704,2038,8,7.36345087553098,14.2418990929508,1
"573",705,2038,9,7.56734632357119,12.3744420493044,1
"574",706,2038,10,7.79283900778708,10.5066023821961,1
"575",707,2038,11,7.19245473491708,8.42809711814615,1
"576",708,2038,12,5.97901484512002,6.73203832459781,1
"577",709,2039,1,5.50160503240371,6.03320899846627,1
"578",710,2039,2,5.30400916001637,5.81464110219308,0.881378111460262
"579",711,2039,3,4.59406273221513,5.03670771288266,0.867332739020643
"580",712,2039,4,4.73194932019912,5.34746781021,0.881287684215507
"581",713,2039,5,5.38930948176906,7.59854043944123,1
"582",714,2039,6,6.15098330026207,10.4689878422401,1
"583",715,2039,7,6.68903692382868,13.1521165203965,1
"584",716,2039,8,7.10761225749278,13.6299480827922,1
"585",717,2039,9,7.34683927024098,12.4435540437224,1
"586",718,2039,10,7.45442818250625,10.5122973138222,1
"587",719,2039,11,6.75803500064841,8.03077875084317,1
"588",720,2039,12,6.27284731794021,6.98713597532749,1
"589",721,2040,1,5.40779254569384,5.92424541230321,1
"590",722,2040,2,5.27701600718758,5.83348243017337,0.957104179056451
"591",723,2040,3,5.22659949367285,5.89352379019624,0.953879907019614
"592",724,2040,4,5.26091759370834,5.72004000383977,0.923459627862799
"593",725,2040,5,5.70433923586982,7.91318182063316,1
"594",726,2040,6,6.3956593837407,10.1725335322229,1
"595",727,2040,7,6.86992423895238,12.6199239854504,1
"596",728,2040,8,7.34584282939946,14.0167991956895,1
"597",729,2040,9,7.66706996459884,13.0120206249641,1
"598",730,2040,10,7.75552362221753,10.2424370925305,1
"599",731,2040,11,7.37033906125249,8.87370758610784,1
"600",732,2040,12,6.05199899734215,7.09422779498949,1
"601",733,2041,1,4.76238174166824,5.39212786847776,1
"602",734,2041,2,4.15581253859924,4.60467893458401,0.971489699711714
"603",735,2041,3,3.83637584974931,4.20645589803362,0.993924652356803
"604",736,2041,4,4.09397139545413,4.70454484020405,0.948993157235421
"605",737,2041,5,4.79442471420013,6.50058405013083,1
"606",738,2041,6,5.60576821208747,9.83456137798344,1
"607",739,2041,7,6.33267503881641,13.3334987747782,1
"608",740,2041,8,6.86436726927833,13.8880846617347,1
"609",741,2041,9,7.39573465824105,12.9841903926607,1
"610",742,2041,10,7.65726439128183,10.9316475107199,1
"611",743,2041,11,7.03858209754389,8.49790391962835,1
"612",744,2041,12,5.7040436324991,6.41953449056204,1
"613",745,2042,1,4.97287301286757,5.52186257260241,1
"614",746,2042,2,4.74718846498098,5.30672646561122,0.898166349699481
"615",747,2042,3,4.23353328685628,4.56263540449671,0.939018026662124
"616",748,2042,4,4.48072708814495,5.0776886882156,0.887554126349227
"617",749,2042,5,5.17419088582844,7.56514957917514,1
"618",750,2042,6,5.90816580755577,10.5991807426162,1
"619",751,2042,7,6.61886144804794,13.8836146497523,1
"620",752,2042,8,7.22642847580284,14.7606186678862,1
"621",753,2042,9,7.7767372725097,13.5090075317113,1
"622",754,2042,10,7.87328703436515,10.725421528984,1
"623",755,2042,11,7.35424445433313,8.85200856343464,1
"624",756,2042,12,6.49830709260932,7.42756126607744,1
"625",757,2043,1,5.64865222076585,6.0301536673761,1
"626",758,2043,2,5.3825232078672,5.58425935214183,0.753504663838094
"627",759,2043,3,5.31292668526834,5.66613496224602,0.825382159030239
"628",760,2043,4,5.31913456809382,5.87039953637089,0.822828501998055
"629",761,2043,5,5.94005680322633,8.16402156404889,1
"630",762,2043,6,6.59877044328956,10.8600206829228,1
"631",763,2043,7,7.14704165208312,13.5747624191826,1
"632",764,2043,8,7.73390242137765,14.6068353409938,1
"633",765,2043,9,8.13890129159027,13.5746429213761,1
"634",766,2043,10,8.3053931449823,11.0516572742157,1
"635",767,2043,11,7.72177016568406,9.12194066336962,1
"636",768,2043,12,7.09469279959934,7.9312515877553,1
"637",769,2044,1,5.87375502208836,6.33788961639968,1
"638",770,2044,2,5.54337485652993,5.70629672284778,0.872281444321913
"639",771,2044,3,5.26531068880068,5.56063162344387,0.926463784984362
"640",772,2044,4,5.46119417164138,6.23281879641266,0.90825777268198
"641",773,2044,5,6.01951599071247,8.69135249560131,1
"642",774,2044,6,6.67331469226616,11.5474181414248,1
"643",775,2044,7,7.30180609992893,14.3752646311711,1
"644",776,2044,8,7.81799747831228,14.8747737942647,1
"645",777,2044,9,8.3077349048647,13.9986358783014,1
"646",778,2044,10,8.46860435513969,11.185047876157,1
"647",779,2044,11,7.61494703912391,8.91638723268779,1
"648",780,2044,12,6.65631808064169,7.30536723247541,1
"649",781,2045,1,5.60790525274528,6.03086141703506,1
"650",782,2045,2,5.054243134385,5.42693001065037,0.976641316575397
"651",783,2045,3,4.80056946202146,5.12832304273467,0.935163860336495
"652",784,2045,4,4.8691417242767,5.34030019517247,0.984956037077021
"653",785,2045,5,5.51983912308096,7.54334716513347,1
"654",786,2045,6,6.30128077726729,11.9317570147281,1
"655",787,2045,7,6.97597377440726,14.9432979095499,1
"656",788,2045,8,7.42240090550167,14.3017229524558,1
"657",789,2045,9,7.72963966364276,12.6760384754216,1
"658",790,2045,10,7.67463260860247,10.0344106379111,1
"659",791,2045,11,7.00954915632407,8.03648383156753,1
"660",792,2045,12,6.24205467424975,6.90769594070042,1
"661",793,2046,1,5.54215375254614,5.96970954715147,1
"662",794,2046,2,4.74694706789739,5.04762723019241,0.988999254115013
"663",795,2046,3,4.00616716482844,4.14841387548752,0.907192842270164
"664",796,2046,4,4.09673086840189,4.43040498267083,0.949621688904966
"665",797,2046,5,4.71396382961541,6.6491519823501,1
"666",798,2046,6,5.56084300132695,9.66789243190663,1
"667",799,2046,7,6.25316998863336,12.6871720092817,1
"668",800,2046,8,6.72459542235923,12.6087181743159,1
"669",801,2046,9,7.10791057832705,11.7696718859598,1
"670",802,2046,10,7.25524054887469,9.44232037080914,1
"671",803,2046,11,7.00341051311803,8.14826316159582,1
"672",804,2046,12,6.34944433557617,7.08100009795389,1
"673",805,2047,1,5.16811959813136,5.4123462506705,1
"674",806,2047,2,4.68271566681089,4.38728256871595,0.931010628772014
"675",807,2047,3,3.95234993591444,3.93809735406463,0.966818927135557
"676",808,2047,4,4.09000452263043,4.15787725290248,0.929296004929349
"677",809,2047,5,4.69144196801313,5.71138713720724,1
"678",810,2047,6,5.45578677384557,9.10625822034259,1
"679",811,2047,7,6.08570926501858,12.4426655435767,1
"680",812,2047,8,6.50918890952556,13.5638526189838,1
"681",813,2047,9,6.79780729213833,11.2722390168584,1
"682",814,2047,10,6.96202779595164,9.29744080482741,1
"683",815,2047,11,6.72898495806281,7.84182962042483,1
"684",816,2047,12,5.96687383054464,6.72513710188869,1
"685",817,2048,1,5.37901116514047,5.61926650546966,1
"686",818,2048,2,4.92688507565696,5.1345892933275,0.858805994733752
"687",819,2048,3,4.11028064726926,4.51487798176548,0.882918655229979
"688",820,2048,4,4.48767309025872,5.4504971504729,0.842939926652643
"689",821,2048,5,5.18568871647208,7.76752440576005,1
"690",822,2048,6,5.99098081413175,10.6300080310609,1
"691",823,2048,7,6.52640789140196,12.1212457908844,1
"692",824,2048,8,6.94843814935113,12.822594752989,1
"693",825,2048,9,7.24459512903421,11.8356474393149,1
"694",826,2048,10,7.26160700961117,9.76526838041613,1
"695",827,2048,11,6.95015425894072,8.04105488035233,1
"696",828,2048,12,6.31694196388165,6.84150917562418,1
"697",829,2049,1,5.6611918245961,6.06490045525282,1
"698",830,2049,2,5.37849042516862,5.89802335996791,0.718869380876902
"699",831,2049,3,5.29570886184652,5.83887799645504,0.780102027286511
"700",832,2049,4,5.4252084122227,6.23684894927745,0.782757558197372
"701",833,2049,5,6.06787097403525,9.36062698227933,1
"702",834,2049,6,6.77223648531903,12.3632538980245,1
"703",835,2049,7,7.30139766469595,14.2169946873641,1
"704",836,2049,8,7.80965721322479,14.9518226107294,1
"705",837,2049,9,8.10497062350565,12.7391572196131,1
"706",838,2049,10,8.37992672323066,10.6464911628144,1
"707",839,2049,11,7.66506237910256,8.90946534766851,1
"708",840,2049,12,6.96648124393463,7.79893924367358,1
"709",841,2050,1,6.08554535568067,6.55452965669251,1
"710",842,2050,2,5.48595913340637,5.87979659451012,0.798333217020416
"711",843,2050,3,4.9908217432913,5.31699242865768,0.968032332921691
"712",844,2050,4,5.066590262048,5.63852950120295,0.943789850379832
"713",845,2050,5,5.68157882442383,7.94532834253766,1
"714",846,2050,6,6.3943990109612,10.5796913668771,1
"715",847,2050,7,7.01346090114525,13.1885957624706,1
"716",848,2050,8,7.51217628176423,14.314759684818,1
"717",849,2050,9,7.83446071121343,12.6525101491403,1
"718",850,2050,10,8.18810348827279,10.843159567963,1
"719",851,2050,11,7.70005054917077,8.9521465037308,1
"720",852,2050,12,6.56912098307046,7.30658293626339,1
"721",853,2051,1,5.43758242448461,5.81186963332588,1
"722",854,2051,2,4.94971088260665,5.16139299170075,0.806129926112456
"723",855,2051,3,4.68194186762633,4.97092892453382,0.820570494180697
"724",856,2051,4,4.89096653371423,5.50675002793656,0.810759552540003
"725",857,2051,5,5.49616117040615,7.62539866450713,1
"726",858,2051,6,6.23467416351219,10.2936512296645,1
"727",859,2051,7,6.83956146064226,13.2277968923634,1
"728",860,2051,8,7.3425014475798,13.8245647264124,1
"729",861,2051,9,7.77108634078561,13.2611300469009,1
"730",862,2051,10,7.9776995839137,10.6161152415748,1
"731",863,2051,11,7.34540643410603,8.50070434309627,1
"732",864,2051,12,6.30617699000377,6.90145388415157,1
"733",865,2052,1,5.29106743742407,5.63547527298155,1
"734",866,2052,2,4.92116338166087,5.36701668285155,0.999732555598091
"735",867,2052,3,4.68694227793488,5.20465661218171,0.974815215866381
"736",868,2052,4,4.81304168468224,5.19638767598727,0.998040761253692
"737",869,2052,5,5.49027502570579,7.81945626743746,1
"738",870,2052,6,6.23730624552538,10.7170070400279,1
"739",871,2052,7,6.91779616832073,13.7568856268327,1
"740",872,2052,8,7.41720873507025,13.4801081962139,1
"741",873,2052,9,7.84088052823594,12.4188344718003,1
"742",874,2052,10,7.92206939179962,9.9994880634425,1
"743",875,2052,11,7.31939732404476,8.2551562768529,1
"744",876,2052,12,6.82737762144747,7.70462572588175,1
"745",877,2053,1,5.69200267445304,6.35257566307621,1
"746",878,2053,2,5.30081532286884,5.74004627138633,0.940762809799675
"747",879,2053,3,4.99553303028605,5.48338858818356,0.999647732133144
"748",880,2053,4,5.07698221508816,5.48972946992845,0.983255397500166
"749",881,2053,5,5.62944274118231,7.34728406413468,1
"750",882,2053,6,6.40773372144349,10.7261054294862,1
"751",883,2053,7,7.10163608954911,14.2733170193023,1
"752",884,2053,8,7.65212594982602,14.9903467704341,1
"753",885,2053,9,7.94991251939421,13.0987991782642,1
"754",886,2053,10,8.25398399497333,10.9928161316002,1
"755",887,2053,11,7.80521164496635,9.37800535758579,1
"756",888,2053,12,7.17046520781863,8.32544528968225,1
"757",889,2054,1,6.44893265242417,7.20623785216861,1
"758",890,2054,2,5.6271377366645,6.17445523120358,0.775470081007336
"759",891,2054,3,5.27521855728,5.70903930257003,0.795749086869858
"760",892,2054,4,5.16867706837742,5.52022985051863,0.793947922868729
"761",893,2054,5,5.73831338937775,7.40693143143391,1
"762",894,2054,6,6.5651308066174,11.5620245078743,1
"763",895,2054,7,7.22375666198073,13.377246344586,1
"764",896,2054,8,7.75867535383807,14.5692977513572,1
"765",897,2054,9,8.11966919166445,12.7574154581895,1
"766",898,2054,10,8.08035830836523,10.2372343719969,1
"767",899,2054,11,7.14963066050857,8.15182146396328,1
"768",900,2054,12,6.06181172683953,6.84013323625312,1
"769",901,2055,1,5.46573543207665,6.04025481610083,1
"770",902,2055,2,5.32129125294817,5.93139546260123,0.728297365840861
"771",903,2055,3,5.21394514209473,5.88021439809003,0.809497790272274
"772",904,2055,4,5.39151549984919,6.14351493096084,0.752405265020246
"773",905,2055,5,5.98504024336026,8.79034188983635,1
"774",906,2055,6,6.66097719406995,11.1279487755112,1
"775",907,2055,7,7.23723380975231,13.5795285676632,1
"776",908,2055,8,7.88196565728715,14.5584985454848,1
"777",909,2055,9,8.32086789413521,13.652322549542,1
"778",910,2055,10,8.61941372921963,11.0664106743604,1
"779",911,2055,11,8.02084201662958,9.42251611493663,1
"780",912,2055,12,7.10830545976823,7.80422708805015,1
"781",913,2056,1,5.88161031032401,6.433012158275,1
"782",914,2056,2,5.16262224934517,5.57099050183588,0.868148005663226
"783",915,2056,3,4.41944652599862,4.73513840811596,0.9296636838074
"784",916,2056,4,4.52257732497477,5.00291776445284,0.914354022357774
"785",917,2056,5,5.22831799817087,7.44274578455832,1
"786",918,2056,6,6.02730746790333,10.9892942213843,1
"787",919,2056,7,6.73283075928782,14.182029376993,1
"788",920,2056,8,7.2358052144466,14.1117642564751,1
"789",921,2056,9,7.6080492653547,12.4638235283636,1
"790",922,2056,10,7.93332421579413,10.8517053382251,1
"791",923,2056,11,7.41479803625897,8.61086290025831,1
"792",924,2056,12,6.66622941185646,7.41295171051061,1
"793",925,2057,1,5.4127351662817,5.71757443978738,1
"794",926,2057,2,5.28029423645646,5.67209657190556,0.940811263183531
"795",927,2057,3,5.13160680046314,5.51498786076718,0.992994723404714
"796",928,2057,4,5.17816176076285,5.48437773841348,0.998149311331746
"797",929,2057,5,5.76482528410434,7.87888795927507,1
"798",930,2057,6,6.46587730016456,10.713335961576,1
"799",931,2057,7,7.12187815605269,13.6087292188573,1
"800",932,2057,8,7.68668316524069,14.4201303784772,1
"801",933,2057,9,8.13199448306121,13.0473318052889,1
"802",934,2057,10,8.40939633609591,10.9627121949759,1
"803",935,2057,11,7.83093739528138,9.24056941926893,1
"804",936,2057,12,7.43192958853907,8.29108167550488,1
"805",937,2058,1,5.72148115485746,6.22226213228993,1
"806",938,2058,2,4.75888125282476,5.02743001710268,0.953114519193658
"807",939,2058,3,4.43184303046045,4.67465650684698,0.988403608670788
"808",940,2058,4,4.39410536052468,4.89411865414479,0.997879329000114
"809",941,2058,5,5.14798657076482,7.46674185050571,1
"810",942,2058,6,5.95068311873825,10.8897620501084,1
"811",943,2058,7,6.72034940119306,14.5784191981454,1
"812",944,2058,8,7.43307356719718,15.3815224671078,1
"813",945,2058,9,7.81962478278108,13.3961604697602,1
"814",946,2058,10,7.97609183090044,10.8720597651649,1
"815",947,2058,11,7.33215023384833,8.41054643465492,1
"816",948,2058,12,6.96948134261553,7.54237620604023,1
"817",949,2059,1,6.03082185512801,6.55396994655959,1
"818",950,2059,2,5.66137973527075,6.23847033967913,0.900637538666783
"819",951,2059,3,5.46535251099489,6.05201065078042,0.998637642115488
"820",952,2059,4,5.55676236440665,6.08482480616275,0.982454351581628
"821",953,2059,5,6.10321205592109,8.58981474382735,1
"822",954,2059,6,6.72920265945415,11.1257685537792,1
"823",955,2059,7,7.28704261569827,14.0963944546983,1
"824",956,2059,8,7.84085660049112,15.4317918114492,1
"825",957,2059,9,8.15320042801872,13.9861717420724,1
"826",958,2059,10,8.2277280668313,11.072799214119,1
"827",959,2059,11,7.58004400067287,9.07823333947506,1
"828",960,2059,12,6.93596408703629,7.6678738739936,1
"829",961,2060,1,5.74626873483225,6.12775842532978,1
"830",962,2060,2,4.91452879670314,5.21240838068212,0.776649478055313
"831",963,2060,3,4.49238053889169,4.74409254002903,0.800734893910741
"832",964,2060,4,4.67489845537926,5.15141773979189,0.76296560941737
"833",965,2060,5,5.36856927806608,7.7394614378696,1
"834",966,2060,6,6.09833484523647,10.0899505892765,1
"835",967,2060,7,6.77578847449636,13.0858932091315,1
"836",968,2060,8,7.3476273617205,14.2153922493056,1
"837",969,2060,9,7.76938128640704,13.4824893509358,1
"838",970,2060,10,7.84349040631038,10.7355222807614,1
"839",971,2060,11,7.41699661919612,8.74821542856781,1
"840",972,2060,12,6.6636577376033,7.04655323544196,1
"841",973,2061,1,5.84790197347372,6.15656874193804,1
"842",974,2061,2,5.83851165012645,6.42538224455546,0.74513529455488
"843",975,2061,3,5.81037205259142,6.49986559560102,0.884676529863735
"844",976,2061,4,5.86312115451176,6.614959201463,0.864858758559501
"845",977,2061,5,6.41834724446137,9.78722328787231,1
"846",978,2061,6,7.08978012414743,12.2358774896987,1
"847",979,2061,7,7.68487117750265,15.2676331504571,1
"848",980,2061,8,8.27191260567837,16.8434245620034,1
"849",981,2061,9,8.65443884735711,14.7387287865807,1
"850",982,2061,10,8.70240803017552,11.3676310879769,1
"851",983,2061,11,8.12595429017277,9.50492480976456,1
"852",984,2061,12,7.40795453051431,8.14568586483449,1
"853",985,2062,1,6.02859965071775,6.59466380020773,1
"854",986,2062,2,5.53890666795751,6.04462769719658,0.895027212291988
"855",987,2062,3,5.01981250190516,5.44770789218579,0.953255361594768
"856",988,2062,4,5.11148532439535,5.59457927255573,0.909253252305133
"857",989,2062,5,5.73140335447576,7.78403236654015,1
"858",990,2062,6,6.39095520028726,10.0722029379401,1
"859",991,2062,7,7.07904381452708,13.3561575896026,1
"860",992,2062,8,7.64996449813557,14.2877426126444,1
"861",993,2062,9,7.98442110436966,12.9472255662896,1
"862",994,2062,10,7.96209036053509,10.2087798089529,1
"863",995,2062,11,7.49872765596524,8.86881096604856,1
"864",996,2062,12,7.02921527536079,7.55618889186278,1
"865",997,2063,1,5.92984525235702,6.38161372958006,1
"866",998,2063,2,5.49122203801196,5.76375317762833,0.90202775845821
"867",999,2063,3,5.05853063241064,4.98514231338643,0.952342034293904
"868",1000,2063,4,4.76964263905242,4.91257415124167,0.926963870326185
"869",1001,2063,5,5.30553414306728,6.83315136471883,1
"870",1002,2063,6,6.05904300059184,10.1237934108895,1
"871",1003,2063,7,6.63785296466243,12.6769925716427,1
"872",1004,2063,8,7.18942000938292,14.1234635869587,1
"873",1005,2063,9,7.62984601064515,12.327133069129,1
"874",1006,2063,10,7.69694011711403,9.67389238157258,1
"875",1007,2063,11,7.00873469589552,7.99273392862002,1
"876",1008,2063,12,6.07520907842222,6.7191257874267,1
"877",1009,2064,1,5.55667208770122,6.04998159380722,1
"878",1010,2064,2,5.30414675415143,5.84934426636983,0.799257769381626
"879",1011,2064,3,5.20594138930294,5.79105488928592,0.883471192611107
"880",1012,2064,4,5.38077693658269,5.70591894388597,0.862073744555306
"881",1013,2064,5,5.89589006616892,8.10968471417949,1
"882",1014,2064,6,6.52835904367538,10.7361393542532,1
"883",1015,2064,7,7.18572927728663,14.5451173711767,1
"884",1016,2064,8,7.77303551184125,15.283315684355,1
"885",1017,2064,9,8.16106476926972,13.8194594786756,1
"886",1018,2064,10,8.38322850908294,11.4902431405946,1
"887",1019,2064,11,7.5641249529518,8.85403427814525,1
"888",1020,2064,12,6.72575714952233,7.50010881449469,1
"889",1021,2065,1,6.19375237398485,6.93346611481796,1
"890",1022,2065,2,5.99517470950605,6.67768350843595,0.703855285425613
"891",1023,2065,3,5.84006240043933,6.45611582030418,0.806647634748001
"892",1024,2065,4,5.77568257881819,6.62924383815319,0.836914133553249
"893",1025,2065,5,6.36172335540969,9.42658431602467,1
"894",1026,2065,6,7.07163360855601,12.7227553444079,1
"895",1027,2065,7,7.7205113265122,15.794001608115,1
"896",1028,2065,8,8.28513849990438,15.8826257830567,1
"897",1029,2065,9,8.59879736121034,13.9144023858874,1
"898",1030,2065,10,8.54339381535766,10.6225007315133,1
"899",1031,2065,11,7.78477206596513,9.05146568232448,1
"900",1032,2065,12,7.14223774255998,7.94338844935909,1
"901",1033,2066,1,6.19314846662419,6.79653818122826,1
"902",1034,2066,2,5.66363901962815,6.34142588290825,0.793321766823492
"903",1035,2066,3,5.36404333740527,5.90454061581354,0.824165850932244
"904",1036,2066,4,5.43968287443679,6.05260870114147,0.772838827116759
"905",1037,2066,5,6.0687488535274,8.51650793631499,1
"906",1038,2066,6,6.82253315230733,12.1923444676199,1
"907",1039,2066,7,7.51962112933961,15.4487941269537,1
"908",1040,2066,8,8.04143680237788,15.0672631871226,1
"909",1041,2066,9,8.39467145780048,14.03625855362,1
"910",1042,2066,10,8.58970499243398,11.4365466613745,1
"911",1043,2066,11,7.79142985545062,9.08659653310412,1
"912",1044,2066,12,6.99954892239685,7.68544428282783,1
"913",1045,2067,1,6.10340588956788,6.64688024825176,1
"914",1046,2067,2,6.05883024865958,6.74014034233776,0.838604595739742
"915",1047,2067,3,6.08074682559865,7.08410884971912,0.989542532519802
"916",1048,2067,4,6.14155258350784,7.01790896114277,0.978163107199288
"917",1049,2067,5,6.65570454391652,9.76149738244627,1
"918",1050,2067,6,7.27963274620728,12.6712151331237,1
"919",1051,2067,7,7.86091023085297,15.661883609114,1
"920",1052,2067,8,8.35481090283628,16.0834899932084,1
"921",1053,2067,9,8.72019875970087,14.9875680275184,1
"922",1054,2067,10,8.98715440639245,11.9892728006458,1
"923",1055,2067,11,8.23229090279329,9.84242558995249,1
"924",1056,2067,12,7.52596058616988,8.56286733949177,1
"925",1057,2068,1,6.37518786126419,7.07088639059224,1
"926",1058,2068,2,5.95052667512421,6.5152935093424,0.805185223031804
"927",1059,2068,3,5.77732414210945,6.51743394403852,0.847203476465158
"928",1060,2068,4,5.89929649026366,6.78488879930845,0.834258775942371
"929",1061,2068,5,6.51656454412397,9.7446797492237,1
"930",1062,2068,6,7.07905300664506,11.5097109712497,1
"931",1063,2068,7,7.6911370835576,15.0089880259297,1
"932",1064,2068,8,8.19694960573642,15.3452591234374,1
"933",1065,2068,9,8.49907123485436,14.321563214537,1
"934",1066,2068,10,8.67030031900192,11.5301837505249,1
"935",1067,2068,11,8.01974235123271,9.54206615426555,1
"936",1068,2068,12,6.65150122587012,7.54907795355237,1
"937",1069,2069,1,5.65415636591523,6.21749809755772,1
"938",1070,2069,2,5.18802615285105,5.80690053495933,0.938396683310062
"939",1071,2069,3,5.07728545603453,5.82068825118726,0.988385143302772
"940",1072,2069,4,5.29494341279866,6.30793049117807,0.991724766336959
"941",1073,2069,5,5.91026160864756,8.70255576919645,1
"942",1074,2069,6,6.60335226713544,11.4692656375682,1
"943",1075,2069,7,7.29932441281899,14.3911237304643,1
"944",1076,2069,8,7.84570254124442,14.7931467796114,1
"945",1077,2069,9,8.20376792885952,13.7053291327195,1
"946",1078,2069,10,8.36196002268641,11.3255918503077,1
"947",1079,2069,11,7.99563763274324,9.66242290752236,1
"948",1080,2069,12,7.66191002723449,8.87404588925605,1
"949",1081,2070,1,6.90713885795243,7.82852745718839,1
"950",1082,2070,2,6.57993436067795,7.47723192579499,0.693931744364746
"951",1083,2070,3,6.34442837629548,7.16721805332474,0.751184531788285
"952",1084,2070,4,6.22078857998666,6.86718685504917,0.724378510927297
"953",1085,2070,5,6.67458975645953,9.462690847908,1
"954",1086,2070,6,7.19464562982192,11.8226340724797,1
"955",1087,2070,7,7.72692215409045,14.2757687514506,1
"956",1088,2070,8,8.16480594231796,14.8526821092111,1
"957",1089,2070,9,8.37599072374549,13.5682364042797,1
"958",1090,2070,10,8.44856915865008,10.933908890983,1
"959",1091,2070,11,8.06766304406872,9.55180144679578,1
"960",1092,2070,12,7.51340363767322,8.20442636261748,1
"961",1093,2071,1,6.57266242659346,7.17598925476206,1
"962",1094,2071,2,6.08927208115538,6.57863303477067,0.903631494906649
"963",1095,2071,3,5.57484926742202,5.9638146468401,0.981901403152205
"964",1096,2071,4,5.64255626525084,6.12527741800504,0.954529030395348
"965",1097,2071,5,6.17028988114028,8.47869174006076,1
"966",1098,2071,6,6.86767763969975,11.706565170817,1
"967",1099,2071,7,7.48896461677307,14.2002032532095,1
"968",1100,2071,8,8.04838589999669,14.3952443786791,1
"969",1101,2071,9,8.35026239356722,13.0374486846313,1
"970",1102,2071,10,8.3856558113167,10.6915435462355,1
"971",1103,2071,11,7.87225270320363,9.08810193191039,1
"972",1104,2071,12,7.48782095293398,8.3751265994947,1
"973",1105,2072,1,5.69825126255925,6.25770481475444,1
"974",1106,2072,2,5.48849687418603,5.97882998226824,0.643578135124644
"975",1107,2072,3,5.25044114354415,5.67001932333869,0.651446767462731
"976",1108,2072,4,5.23470634743688,5.66346010543043,0.636743265002758
"977",1109,2072,5,5.8049716252018,7.90134116470817,1
"978",1110,2072,6,6.54535875028719,11.1952372077789,1
"979",1111,2072,7,7.22276109462875,14.163369679399,1
"980",1112,2072,8,7.79260596475436,15.0031253854006,1
"981",1113,2072,9,8.19619496236519,13.7092330317406,1
"982",1114,2072,10,8.41511236935415,11.2206168008926,1
"983",1115,2072,11,7.81962505471423,9.31306707739989,1
"984",1116,2072,12,7.36716962664616,8.4472238147591,1
"985",1117,2073,1,6.64212068147812,7.50516188557398,1
"986",1118,2073,2,6.17552214199883,6.99560843703504,0.729606093817107
"987",1119,2073,3,6.1087057184679,6.84771880826094,0.877200580545616
"988",1120,2073,4,6.10852851546442,6.70494483280658,0.852724129721113
"989",1121,2073,5,6.62175340906445,9.71395893690282,1
"990",1122,2073,6,7.2887681878356,13.0011343169632,1
"991",1123,2073,7,7.90854153625633,15.6354906683352,1
"992",1124,2073,8,8.30293924104867,14.7881613559026,1
"993",1125,2073,9,8.64449153163774,14.0426345131343,1
"994",1126,2073,10,8.91311534930445,11.2941983142901,1
"995",1127,2073,11,8.55587801154789,10.1143599238758,1
"996",1128,2073,12,8.18656614925196,9.51968822515412,1
"997",1129,2074,1,7.06282970150146,8.01225058941573,1
"998",1130,2074,2,6.64873087911029,7.46307345524444,0.743590535365899
"999",1131,2074,3,6.43737753168999,7.32869747262684,0.867008300370232
"1000",1132,2074,4,6.15944952260157,6.69109783511894,0.93618626102555
"1001",1133,2074,5,6.52631049351506,8.80627118405634,1
"1002",1134,2074,6,7.1136825551037,10.8758031807289,1
"1003",1135,2074,7,7.71975952264521,14.8323273600831,1
"1004",1136,2074,8,8.29272248581656,15.4603531685235,1
"1005",1137,2074,9,8.595426742048,13.7466618472908,1
"1006",1138,2074,10,9.02682276070479,11.6611358545928,1
"1007",1139,2074,11,8.42679601391489,9.95037713604041,1
"1008",1140,2074,12,7.65495116116043,8.54744070489233,1
"1009",1141,2075,1,6.53865015502292,7.35446468578049,1
"1010",1142,2075,2,6.34864448957085,7.10786812352869,0.798293374636439
"1011",1143,2075,3,6.23177420301856,6.97035273941797,0.826433119702185
"1012",1144,2075,4,6.19543190597174,6.84979573833024,0.77598083341885
"1013",1145,2075,5,6.66175468879798,9.51907668952817,1
"1014",1146,2075,6,7.2756039239478,11.8612479877949,1
"1015",1147,2075,7,7.84762757367309,15.4021957563809,1
"1016",1148,2075,8,8.31940815821894,15.7464234881023,1
"1017",1149,2075,9,8.69234421497445,14.6524213219307,1
"1018",1150,2075,10,8.82934312276103,11.4277403811142,1
"1019",1151,2075,11,8.00482855736665,9.43670769664756,1
"1020",1152,2075,12,7.19599089905291,7.80428541133275,1
"1021",1153,2076,1,6.19692018874876,6.52335472966406,1
"1022",1154,2076,2,5.70669750606491,5.95982679131626,0.600883691891959
"1023",1155,2076,3,5.24968359974215,5.44204760793957,0.643146133344813
"1024",1156,2076,4,5.26898029733624,5.43068712164756,0.661221063843552
"1025",1157,2076,5,5.8970294250869,7.66743876470579,1
"1026",1158,2076,6,6.58450789318391,10.107952132479,1
"1027",1159,2076,7,7.1513832161135,13.3350592967605,1
"1028",1160,2076,8,7.76368079300328,14.8066001394875,1
"1029",1161,2076,9,8.17891542931628,14.1077583021322,1
"1030",1162,2076,10,8.42825502591984,11.3878086954544,1
"1031",1163,2076,11,7.94970964782536,9.38818549615891,1
"1032",1164,2076,12,7.00852591902202,7.58632931017255,1
"1033",1165,2077,1,5.55793328777821,5.81177229529292,1
"1034",1166,2077,2,5.32165854671672,5.51310076858708,0.693278723950561
"1035",1167,2077,3,5.30119304541325,5.62754943929274,0.780870913485165
"1036",1168,2077,4,5.35380945251496,5.83493860498502,0.758719124307495
"1037",1169,2077,5,5.9012990189369,8.75019421785523,1
"1038",1170,2077,6,6.7018653924783,12.5988039072692,1
"1039",1171,2077,7,7.3255669394023,15.0482844885593,1
"1040",1172,2077,8,7.88270872139408,15.8121925869662,1
"1041",1173,2077,9,8.26389210862702,14.4667255841467,1
"1042",1174,2077,10,8.64404739518598,11.7001469359228,1
"1043",1175,2077,11,8.12342699320082,9.6319313593783,1
"1044",1176,2077,12,7.73843518444994,8.75735893245681,1
"1045",1177,2078,1,6.29193714914479,6.93953859227684,1
"1046",1178,2078,2,5.91782108932386,6.51594628120626,0.584132786202399
"1047",1179,2078,3,5.79106578039605,6.53657068929595,0.578451309417359
"1048",1180,2078,4,5.84787379709153,6.6245348170063,0.562926179209799
"1049",1181,2078,5,6.40968631285546,9.33828784501164,1
"1050",1182,2078,6,7.04068830154279,11.8811304514474,1
"1051",1183,2078,7,7.60690450547402,14.76237382073,1
"1052",1184,2078,8,8.13646138522603,15.2678319463634,1
"1053",1185,2078,9,8.50004740047972,14.6219075205491,1
"1054",1186,2078,10,8.72999353991908,12.0792724590376,1
"1055",1187,2078,11,8.05368729716396,9.67331172354053,1
"1056",1188,2078,12,7.37296126137246,8.19853283425589,1
"1057",1189,2079,1,6.23571989657486,6.86308014749165,1
"1058",1190,2079,2,5.89467356992527,6.56553510823126,0.612846564093821
"1059",1191,2079,3,5.78876422619814,6.55980357480666,0.660756759733469
"1060",1192,2079,4,5.82907328845128,6.54260408665148,0.626779160880155
"1061",1193,2079,5,6.36618330543006,8.95950666092388,1
"1062",1194,2079,6,7.04360000930103,12.0785494744593,1
"1063",1195,2079,7,7.6177562647917,15.2720406712014,1
"1064",1196,2079,8,8.20508405298177,15.9190505531898,1
"1065",1197,2079,9,8.62582515677371,14.1728169673542,1
"1066",1198,2079,10,8.86964007744179,11.7062070441392,1
"1067",1199,2079,11,8.29517196304973,10.114117687607,1
"1068",1200,2079,12,7.77097553032598,8.74296144767256,1
"1069",1201,2080,1,6.88821268573967,7.62921911709603,1
"1070",1202,2080,2,6.4193234781266,7.06306162110891,0.83148797486522
"1071",1203,2080,3,6.07897128600601,6.65267158714512,0.861992253863564
"1072",1204,2080,4,5.78289044727637,6.30588793361432,0.800956193775792
"1073",1205,2080,5,6.30468935126112,8.54900011572314,1
"1074",1206,2080,6,6.99130711312026,11.4702406102162,1
"1075",1207,2080,7,7.67124707366423,15.4000132749376,1
"1076",1208,2080,8,8.29607774640158,16.7581343392811,1
"1077",1209,2080,9,8.65201320166896,14.9230515364548,1
"1078",1210,2080,10,8.6389509870602,11.2936508666441,1
"1079",1211,2080,11,7.89336139309004,9.2510460866399,1
"1080",1212,2080,12,6.91220907873788,7.81269686058939,1
"1081",1213,2081,1,6.16195494307267,6.94733345959155,1
"1082",1214,2081,2,6.00752173736343,6.86362177536844,0.461921071717242
"1083",1215,2081,3,5.91671066185528,6.69165367570349,0.513759732805973
"1084",1216,2081,4,5.87032683607262,6.57411104414476,0.543233886263128
"1085",1217,2081,5,6.42753994785053,9.41229564055566,1
"1086",1218,2081,6,7.20908611977766,12.2107409266509,1
"1087",1219,2081,7,7.76120351235055,14.4529767883628,1
"1088",1220,2081,8,8.39138913875473,16.1677448122048,1
"1089",1221,2081,9,8.78448364359987,14.5954717434775,1
"1090",1222,2081,10,8.92842929731669,11.3835221416708,1
"1091",1223,2081,11,8.14924813858115,9.51725410092423,1
"1092",1224,2081,12,7.40285643683402,8.19343396926478,1
"1093",1225,2082,1,6.49524582296147,7.14331426001189,1
"1094",1226,2082,2,6.19747408065052,7.02875815896745,0.576253429515422
"1095",1227,2082,3,5.96096549119267,6.75279565380798,0.71909038199158
"1096",1228,2082,4,5.89436813974693,6.66720459334201,0.699380998271407
"1097",1229,2082,5,6.46107542984895,8.99748406335109,1
"1098",1230,2082,6,7.15500457370877,12.5078304125751,1
"1099",1231,2082,7,7.81511890446826,16.0932073978307,1
"1100",1232,2082,8,8.43865542186444,15.9854135294138,1
"1101",1233,2082,9,8.87002721131727,14.6902865225288,1
"1102",1234,2082,10,9.11139010266951,12.0269754461561,1
"1103",1235,2082,11,8.51319638999629,10.0118376108169,1
"1104",1236,2082,12,7.80403718254564,8.87637406843174,1
"1105",1237,2083,1,6.50372653934282,7.30449980678517,1
"1106",1238,2083,2,5.94408368848012,6.51285122847975,0.744390403392596
"1107",1239,2083,3,5.87037019565819,6.64094869425465,0.813763404697114
"1108",1240,2083,4,5.9607919256257,6.57811756670457,0.81826059111868
"1109",1241,2083,5,6.5087233974279,9.14880151477598,1
"1110",1242,2083,6,7.0981762818292,11.5673282976285,1
"1111",1243,2083,7,7.59511939388257,13.9750616972099,1
"1112",1244,2083,8,8.20251727845516,16.6301443138449,1
"1113",1245,2083,9,8.53840364003158,14.2363583753707,1
"1114",1246,2083,10,8.69226616395045,11.4116648566587,1
"1115",1247,2083,11,7.95322433547519,9.26649555734168,1
"1116",1248,2083,12,6.46897350004815,7.14169397653011,1
"1117",1249,2084,1,5.57625125408242,6.05280139142937,1
"1118",1250,2084,2,5.05991013300595,5.43898140916737,0.55440819890027
"1119",1251,2084,3,5.00589244953603,5.80486982286819,0.571268949744061
"1120",1252,2084,4,5.279939702877,6.44053688535051,0.571314237994646
"1121",1253,2084,5,5.95441479379144,9.07722982824216,1
"1122",1254,2084,6,6.66593263325423,11.2061693927176,1
"1123",1255,2084,7,7.32553392035882,14.3601594938688,1
"1124",1256,2084,8,7.96035384822308,16.0199225412657,1
"1125",1257,2084,9,8.33119542247267,14.3659499974989,1
"1126",1258,2084,10,8.57505320576603,11.2932581064874,1
"1127",1259,2084,11,7.92614563998034,9.4146438900918,1
"1128",1260,2084,12,7.18032127994507,8.06517892674949,1
"1129",1261,2085,1,6.25633574620397,6.95450037535485,1
"1130",1262,2085,2,5.65876940200095,6.23051133449531,0.447836270764956
"1131",1263,2085,3,5.37477148733227,5.88533524616191,0.492625247497369
"1132",1264,2085,4,5.56201119901799,6.44036312417723,0.558424424187524
"1133",1265,2085,5,6.19320003238825,9.62348794194947,1
"1134",1266,2085,6,6.83219545742873,12.3977324087483,1
"1135",1267,2085,7,7.4060685623269,14.7484471868875,1
"1136",1268,2085,8,7.87349132932809,14.5147554040718,1
"1137",1269,2085,9,8.29271521905342,14.0170765057334,1
"1138",1270,2085,10,8.51783530849167,11.3251676769971,1
"1139",1271,2085,11,7.96640565182598,9.49910712645326,1
"1140",1272,2085,12,7.66594516353548,8.50267498212238,1
"1141",1273,2086,1,6.81316735540909,7.45719871433849,1
"1142",1274,2086,2,6.57362414058281,7.31889325883018,0.512781995063649
"1143",1275,2086,3,6.48125085149485,7.38832726089658,0.54055271803768
"1144",1276,2086,4,6.46394751744942,7.28715476763518,0.549468356268707
"1145",1277,2086,5,6.92734563430658,9.89244978236366,1
"1146",1278,2086,6,7.44109134532323,12.5794177554278,1
"1147",1279,2086,7,8.00561539933598,15.2036173212863,1
"1148",1280,2086,8,8.48266285982754,15.4562160936953,1
"1149",1281,2086,9,8.84170714303955,14.4150611523109,1
"1150",1282,2086,10,9.08627257230769,11.8589388949072,1
"1151",1283,2086,11,8.25666874790927,9.53222227209456,1
"1152",1284,2086,12,7.19068119928788,8.07696534630524,1
"1153",1285,2087,1,6.20703588480278,6.93245787195606,1
"1154",1286,2087,2,6.1562440470132,6.87373785846341,0.680879091347022
"1155",1287,2087,3,6.06284406630712,6.91147834000007,0.813980322160608
"1156",1288,2087,4,6.06019255605362,7.00014555314915,0.808442880243229
"1157",1289,2087,5,6.63809481313476,9.90254905169201,1
"1158",1290,2087,6,7.33704844489661,13.6163002218271,1
"1159",1291,2087,7,7.99886444892971,16.4940496196571,1
"1160",1292,2087,8,8.57242745538612,16.7581523775648,1
"1161",1293,2087,9,8.96252859183166,15.0719604491251,1
"1162",1294,2087,10,9.16081744307515,12.1285099680239,1
"1163",1295,2087,11,8.51230716187534,10.1415947120199,1
"1164",1296,2087,12,7.93422911434397,9.17270318088862,1
"1165",1297,2088,1,6.64600508479929,7.40828657033912,1
"1166",1298,2088,2,6.27743595742257,6.89501020993633,0.793215108702232
"1167",1299,2088,3,5.95550466046924,6.60435015515371,0.799148453349895
"1168",1300,2088,4,5.9105046483106,6.36880535271696,0.783857421943095
"1169",1301,2088,5,6.44611160128542,8.72887773928744,1
"1170",1302,2088,6,7.14601325400138,12.0422786564328,1
"1171",1303,2088,7,7.79032379555859,15.5483956765502,1
"1172",1304,2088,8,8.35930589939593,16.3597403774429,1
"1173",1305,2088,9,8.70409372906506,14.3920457774013,1
"1174",1306,2088,10,9.06992290664806,11.6477286390565,1
"1175",1307,2088,11,8.71032976114851,10.2194931999154,1
"1176",1308,2088,12,8.46679498802522,9.44552193812301,1
"1177",1309,2089,1,7.24641838252472,8.21132676274027,1
"1178",1310,2089,2,6.33859808817092,7.297948928337,0.621716511092445
"1179",1311,2089,3,6.23538314688087,7.01780951699907,0.656876830955919
"1180",1312,2089,4,6.33392433201918,7.13123379817133,0.640972716686185
"1181",1313,2089,5,6.94585052013545,10.6848910991684,1
"1182",1314,2089,6,7.56963465724554,13.0268596088085,1
"1183",1315,2089,7,8.19755577076024,15.6115578721535,1
"1184",1316,2089,8,8.73009694249631,15.5598525995542,1
"1185",1317,2089,9,9.11199817049068,14.4348927208916,1
"1186",1318,2089,10,9.60200305134657,12.5410645893472,1
"1187",1319,2089,11,8.87395719088134,10.211869084126,1
"1188",1320,2089,12,8.22492777330794,9.22212012955465,1
"1189",1321,2090,1,6.83756778438818,7.58398663035477,1
"1190",1322,2090,2,6.27266858971637,7.04722760635889,0.628046833165597
"1191",1323,2090,3,6.21427453551493,6.90590576650666,0.657525816571353
"1192",1324,2090,4,6.25412271422509,6.86967046465174,0.646211154426338
"1193",1325,2090,5,6.78995581929597,9.40503691249862,1
"1194",1326,2090,6,7.43995005993473,12.2832608086923,1
"1195",1327,2090,7,8.01542323672895,14.6516953877664,1
"1196",1328,2090,8,8.61452499917289,15.0804216199993,1
"1197",1329,2090,9,9.04476193191761,14.3533669877239,1
"1198",1330,2090,10,9.48909652970316,12.0534879449605,1
"1199",1331,2090,11,8.85509927627959,10.38375391543,1
"1200",1332,2090,12,8.55852729468289,9.7190576814501,1
"1201",1333,2091,1,7.24158646352444,8.08323298501573,1
"1202",1334,2091,2,6.73580904315797,7.4731721618287,0.496661283278481
"1203",1335,2091,3,6.51242571990443,7.22190996117476,0.578909916928346
"1204",1336,2091,4,6.45005701040183,7.00753258312944,0.659183652481337
"1205",1337,2091,5,6.97360759156453,9.7525775022935,1
"1206",1338,2091,6,7.6513860970753,12.9252268757348,1
"1207",1339,2091,7,8.33806134456282,16.9436616339517,1
"1208",1340,2091,8,8.88943922894121,16.7801502231093,1
"1209",1341,2091,9,9.40307387879282,15.3395694570025,1
"1210",1342,2091,10,9.79881425777555,12.28829304543,1
"1211",1343,2091,11,9.24985234888477,10.8058452815387,1
"1212",1344,2091,12,8.88068423476804,10.0926390372252,1
"1213",1345,2092,1,7.46944735706162,8.31036722252409,1
"1214",1346,2092,2,6.97760788360858,7.86873557639934,0.597606110614418
"1215",1347,2092,3,6.8196690369566,7.70864393059776,0.62201920652079
"1216",1348,2092,4,6.73498858295718,7.29384788106031,0.634750531700633
"1217",1349,2092,5,7.16983633283977,9.85918087351143,1
"1218",1350,2092,6,7.77286784364579,13.0017917503319,1
"1219",1351,2092,7,8.31345139611887,15.0453525787019,1
"1220",1352,2092,8,8.98952294549161,17.0511801417914,1
"1221",1353,2092,9,9.58429187151583,15.7265947004854,1
"1222",1354,2092,10,10.0873125762944,12.5931273241023,1
"1223",1355,2092,11,9.49659553233704,10.8692484337259,1
"1224",1356,2092,12,8.98595689816475,10.1746850172904,1
"1225",1357,2093,1,7.20844630881545,7.73310543439282,1
"1226",1358,2093,2,6.9090377079853,7.47156897677543,0.548963882419049
"1227",1359,2093,3,6.71996491944021,7.44682134689393,0.610034295792508
"1228",1360,2093,4,6.62691317145336,7.23483141960634,0.628130645866445
"1229",1361,2093,5,7.12625053992919,9.63850684858656,1
"1230",1362,2093,6,7.68712085476414,12.2743479330304,1
"1231",1363,2093,7,8.31087191626459,15.9935300379557,1
"1232",1364,2093,8,8.84905880841804,15.4351944302497,1
"1233",1365,2093,9,9.27617997261636,14.6305393515951,1
"1234",1366,2093,10,9.66957579913124,12.0494353946616,1
"1235",1367,2093,11,9.0328154673507,10.4718680711234,1
"1236",1368,2093,12,8.30003920503576,9.28221448030721,1
"1237",1369,2094,1,7.21375896526446,7.95307058246935,1
"1238",1370,2094,2,6.78172442298493,7.51553654825992,0.614586921206277
"1239",1371,2094,3,6.43568054167549,7.05643247779009,0.634738552477379
"1240",1372,2094,4,6.35084115206165,6.95793463714915,0.610080979656971
"1241",1373,2094,5,6.86311872790648,9.93065407692463,1
"1242",1374,2094,6,7.49738671506636,12.8592694661733,1
"1243",1375,2094,7,8.13597151793861,15.5686801724842,1
"1244",1376,2094,8,8.72711716210666,15.8160524198818,1
"1245",1377,2094,9,9.13222208914502,14.2909940312003,1
"1246",1378,2094,10,9.56280969969658,12.1659212083202,1
"1247",1379,2094,11,8.64091030648205,9.98115321722527,1
"1248",1380,2094,12,7.77920493366348,8.3709663476706,1
"1249",1381,2095,1,6.52397003578068,7.07299065691249,1
"1250",1382,2095,2,6.05149484551097,6.64621264486005,0.866641037257218
"1251",1383,2095,3,5.83245442401614,6.21418477885195,0.880807607484491
"1252",1384,2095,4,5.90087422502703,6.4740648872865,0.805287421198948
"1253",1385,2095,5,6.4297210433837,8.67632544073346,1
"1254",1386,2095,6,7.01418910456406,10.8161521314737,1
"1255",1387,2095,7,7.58005684244358,13.7934759852569,1
"1256",1388,2095,8,8.1404131045205,14.6821900388447,1
"1257",1389,2095,9,8.60559503786981,13.7765712810264,1
"1258",1390,2095,10,8.88340996001018,10.9818642653736,1
"1259",1391,2095,11,8.12137992048541,9.05681029051715,1
"1260",1392,2095,12,7.52141144211119,7.95273134620898,1
"1261",1393,2096,1,6.57023050920109,6.91497555238871,1
"1262",1394,2096,2,6.28348342498903,6.76125817922427,0.69468651176279
"1263",1395,2096,3,6.05081192891653,6.61705314755346,0.777736712211825
"1264",1396,2096,4,5.96814898085906,6.47294476642798,0.722843090567291
"1265",1397,2096,5,6.55576880876171,9.71597132967602,1
"1266",1398,2096,6,7.23627520606546,13.1159253706315,1
"1267",1399,2096,7,7.8217319890299,15.7849210993611,1
"1268",1400,2096,8,8.33208321669002,15.4842894052609,1
"1269",1401,2096,9,8.7465849138568,14.616891157044,1
"1270",1402,2096,10,8.97328429396697,11.8721231766272,1
"1271",1403,2096,11,8.35220108254235,9.72211796740833,1
"1272",1404,2096,12,7.54535555441602,8.12011507065345,1
"1273",1405,2097,1,5.96013599224675,6.35551717261809,1
"1274",1406,2097,2,4.81962929243582,5.11126634607549,0.463236680741599
"1275",1407,2097,3,4.42943742448215,4.72266936274942,0.482955842921976
"1276",1408,2097,4,4.61036460062364,4.92181251591987,0.48674595426667
"1277",1409,2097,5,5.25464492018714,7.40752824795939,1
"1278",1410,2097,6,6.0121480652915,9.80642900025663,1
"1279",1411,2097,7,6.67316230500809,12.3730817287442,1
"1280",1412,2097,8,7.22612178330279,13.864802596083,1
"1281",1413,2097,9,7.6741743257821,12.5671889537179,1
"1282",1414,2097,10,7.91579850707828,10.9255446113477,1
"1283",1415,2097,11,7.47807423572667,8.5219317402297,1
"1284",1416,2097,12,6.65631415878882,6.91966027700068,1
"1285",1417,2098,1,5.59308967970778,5.79262315657149,1
"1286",1418,2098,2,5.50163297179264,5.53040496295295,0.559228430066414
"1287",1419,2098,3,5.43667295405525,5.64807600743866,0.583088934225608
"1288",1420,2098,4,5.49305316554286,6.21457570665169,0.583778330990627
"1289",1421,2098,5,6.08097347618872,9.11460314397067,1
"1290",1422,2098,6,6.81680137502475,11.158732470138,1
"1291",1423,2098,7,7.44669927231261,13.8905104515293,1
"1292",1424,2098,8,8.0226965697061,14.9083443293607,1
"1293",1425,2098,9,8.41067433816492,13.8127276616196,1
"1294",1426,2098,10,8.7929856166936,12.2824420098832,1
"1295",1427,2098,11,8.15622134259399,9.89032066458058,1
"1296",1428,2098,12,7.48958627820198,8.11777936050633,1
"1297",1429,2099,1,6.68309509730906,7.44733757455219,1
"1298",1430,2099,2,6.65679274440794,7.52419780686382,0.529538151163323
"1299",1431,2099,3,6.65838764763978,7.7269591045089,0.611504319833534
"1300",1432,2099,4,6.62401734550058,7.78274591403558,0.623712759411947
"1301",1433,2099,5,7.15304856056165,10.986727957414,1
"1302",1434,2099,6,7.77611560372764,13.7882970167984,1
"1303",1435,2099,7,8.40136237463529,17.2865039824303,1
"1304",1436,2099,8,9.03044427643281,17.4932333807242,1
"1305",1437,2099,9,9.40064726134089,16.0006346825876,1
"1306",1438,2099,10,9.75049307935805,12.8902607378956,1
"1307",1439,2099,11,9.24691776487236,11.3234654154781,1
"1308",1440,2099,12,9.02108301163377,10.4222628586345,1
