EwE_num,EwE_name,flagdem,N_spp,N_hspn,Pelagic,DepthMin,DepthPrefMin,DepthPrefMax,DepthMax,TempMin,TempPrefMin,TempPrefMax,TempMax,SalinityMin,SalinityPrefMin,SalinityPrefMax,SalinityMax,PrimProdMin,PrimProdPrefMin,PrimProdPrefMax,OxyMin,OxyPrefMin,OxyPrefMax,OxyMax,LandDistMin,LandDistPrefMin,LandDistPrefMax,LandDistMax,NMostLat,SMostLat,WMostLong,EMostLong
1,Transient killer whales,0,1,1,0,0,100,2400,6000,-1.76,-0.77,27.86,32.06,3.58,31.09,35.87,39.25,0.1,1.26,24.71,0.52,117.19,297.64,408.48,0,8,360,2286,90,-90,-180,180
2,Resident killer whales,0,1,1,0,0,100,2400,6000,-1.76,-0.77,27.86,32.06,3.58,31.09,35.87,39.25,0.1,1.26,24.71,0.52,117.19,297.64,408.48,0,8,360,2286,90,-90,-180,180
3,Offshore killer whales,0,1,1,0,0,100,2400,6000,-1.76,-0.77,27.86,32.06,3.58,31.09,35.87,39.25,0.1,1.26,24.71,0.52,117.19,297.64,408.48,0,8,360,2286,90,-90,-180,180
4,Other toothed whales,0,2,5,0.5,0,8.88,1275,5400,2.95,7.61,17.2,28.14,17.54,30.65,34.26,35.99,1.15,4.03,33.28,28.48,100.17,289.05,349.79,1,7.62,313.75,1280.62,67.5,-22.5,-180,145
5,Humpback whale,0,1,1,1,0,30,4000,8000,-1.76,-0.42,27.72,29.73,3.58,31.51,35.76,40.11,-0.18,0.82,22.86,1.03,105.41,295.87,408.48,0,11,472,2004,90,-90,-180,180
6,Other baleen whales,0,2,2,1,0,125,3000,8000,-1.84,-1.25,24.73,30.38,2.99,31.42,35.65,38.84,0.1,1.57,17.32,1.56,147.68,301.68,408.48,0,11.5,471.5,1946,90,-90,-180,180
8,Northern elephant seal,0,1,1,1,0,200,4000,8000,1.95,7.26,16.39,27.09,24.18,32.09,33.46,35.57,0.42,2.98,16.87,1.1,88.16,155.82,325.99,0,74,1462,2538.5,90,10,-180,0
9,Northern fur seal adult,0,1,1,1,0,200,4000,6000,-1.61,4.39,16.06,27.09,24.2,31.03,33.4,34.53,0.4,4.24,39.08,9.66,43.19,294.51,361.01,0,14,368,2043,90,0,100,-100
10,Northern fur seal juvenile,0,1,1,1,0,200,4000,6000,-1.61,4.39,16.06,27.09,24.2,31.03,33.4,34.53,0.4,4.24,39.08,9.66,43.19,294.51,361.01,0,14,368,2043,90,0,100,-100
11,Steller sea lion,0,1,1,1,0,10,200,2000,-1.61,4.96,12.73,19.06,19.95,27.25,32.91,36.34,0.4,7.81,51.71,8.17,55.58,311.89,366.58,0,4,100,327,90,0,-180,180
12,Harbor seal,0,1,1,1,0,1,50,500,-0.95,5.39,13.32,28.34,3.58,25.56,34.89,40.31,0.47,3.81,32.13,1.53,178.35,327.05,408.48,0,2,89,594,90,0,-180,180
13,Sea otter,0,1,1,1,0,25,300,2000,0.91,5.17,13.28,27.09,17.77,27.75,32.89,35.87,1.1,9.41,43.32,12.51,98.69,320.05,353.35,0,3,63,413,90,0,-180,180
18,Salmon returning,0,5,5,0,0,31,117.4,275,-0.87,3.88,11.4,19.75,19.33,26.95,32.76,36.04,2.15,6.45,37.06,16.14,70.07,322.31,366.4,0,3.8,193,674.4,72.4,29.4,129.6,-109.4
19,Salmon outgoing,0,5,5,0,0,31,117.4,275,-0.87,3.88,11.4,19.75,19.33,26.95,32.76,36.04,2.15,6.45,37.06,16.14,70.07,322.31,366.4,0,3.8,193,674.4,72.4,29.4,129.6,-109.4
20,Pacific hake,1,1,1,1,0,126,229,1000,2.49,11.18,23.29,28.18,24.18,29.8,34.66,35.58,1.26,2.44,55.13,1.1,12.75,226.65,315.17,0,9,169,391,51,15,-130,-77
21,Pacific herring adult,0,1,1,1,0,56,215,475,-1.18,2.23,11.66,19.9,13.66,27.95,32.72,35.29,1.15,4.78,33.62,9.75,93.8,346.76,386.66,0,6,220,406,77,33,34,-119
22,Pacific herring juvenile,0,1,1,1,0,56,215,475,-1.18,2.23,11.66,19.9,13.66,27.95,32.72,35.29,1.15,4.78,33.62,9.75,93.8,346.76,386.66,0,6,220,406,77,33,34,-119
23,Pacific sandlance,1,1,1,0,0,18,83,172,2.39,5.5,18.4,23.15,22.39,25.41,33.53,39.11,4.42,5.72,50.79,38.01,78.41,297.62,340.02,0.5,6,89,113,54,30,118,-118
24,Pacific capelin,0,1,1,1,0,89,200,725,-1.61,0.69,8.65,19.06,12.84,28.92,34.88,37.8,0.4,3.43,18.07,1.33,179.28,337.99,386.66,0,8,264,754,84,37,-180,180
25,Shelf forage fish,0,1,1,0,0,34,140,300,-1.15,4.21,11.24,16.39,19.95,27.96,32.42,35.29,1.92,7.83,33.35,12.99,87.82,309.96,354.45,0,5,179,279,61,40,-171,-121
27,Pacific dogfish,1,1,1,0,15,25,62,110,4.13,9.13,15.31,23.9,24.18,25.75,33.34,37,1.56,10.77,55.91,4.94,18.78,296.59,353.35,0,6,103,158.5,NA,NA,NA,NA
28,Salmon shark,1,1,1,1,0,0,152,650,1.24,3.74,11.49,19.24,25.44,31.32,32.87,34.15,3.27,6.55,27.17,10.84,87.4,307.02,353.35,2,11,241,1739,66,22,120,-115
29,Pacific sleeper shark,1,1,1,0,0,302,914,2205,-0.41,3.37,9.2,19.99,25.56,31.48,32.81,34.15,4.67,6.33,21.37,9.66,39.79,307.19,366.58,2,13,249,1176,72,23,121,-110
30,Big skate,1,1,1,0,3,3,110,800,-0.64,6.06,13.66,19.07,24.18,28.33,33.09,34.48,4.51,11.37,55.13,8.17,36.84,300.81,347.69,0,7,111,377,61,31,-165,-117
33,Pacific halibut adult,1,1,1,0,0,155,515,1200,-0.75,2.92,9.28,13.53,19.95,30.28,32.77,34.18,1.68,5.25,20.77,13.16,55.67,319.55,366.58,0,11,230,515,73,42,138,-123
34,Pacific halibut juvenile,1,1,1,0,0,155,515,1200,-0.75,2.92,9.28,13.53,19.95,30.28,32.77,34.18,1.68,5.25,20.77,13.16,55.67,319.55,366.58,0,11,230,515,73,42,138,-123
35,Arrowtooth flounder adult,1,1,1,0,18,135,424,950,-0.28,3.18,10.34,15.46,24.18,30.36,32.78,34.09,2.03,6.27,25.65,10.06,49.29,308.51,359.29,0,11,217,959,67,35,162,-122
36,Arrowtooth flounder juvenile,1,1,1,0,18,135,424,950,-0.28,3.18,10.34,15.46,24.18,30.36,32.78,34.09,2.03,6.27,25.65,10.06,49.29,308.51,359.29,0,11,217,959,67,35,162,-122
37,Rex sole adult,1,1,1,0,0,61,500,900,-1.9,3.93,12.54,20.12,24.18,29.98,32.85,34.65,0.13,6.52,32.53,8.17,39.79,302.79,354.95,0,9,223,1597,65,28,155,-115
38,Rex sole juvenile,1,1,1,0,0,61,500,900,-1.9,3.93,12.54,20.12,24.18,29.98,32.85,34.65,0.13,6.52,32.53,8.17,39.79,302.79,354.95,0,9,223,1597,65,28,155,-115
39,Flathead sole adult,1,1,1,0,0,133,454,1050,5.85,9.36,12.33,19.06,16.88,25.51,32.87,34.15,4.23,10.75,62.74,16.57,65.72,297.01,300.81,1,2,106,515,51,29,97,-90
40,Flathead sole juvenile,1,1,1,0,0,133,454,1050,5.85,9.36,12.33,19.06,16.88,25.51,32.87,34.15,4.23,10.75,62.74,16.57,65.72,297.01,300.81,1,2,106,515,51,29,97,-90
41,Shallow-water flatfish,1,2,2,0,0,9.5,214.5,637.5,0.19,3.13,9,19.06,24.18,29.98,32.67,34.33,2.05,6.16,23.61,10.7,93.56,314.69,363.72,0,9,204.5,435.5,67,34,124,-119
42,Deep-water flatfish,1,2,2,0,5.5,343.5,795,1785,-1.27,2.65,11.63,20.02,22.02,30.1,33.48,34.92,1.23,4.19,24.04,4.75,69.06,310.44,360.52,1,11,257,848.5,72,32,-1,31.5
43,Pacific ocean perch adult,1,1,1,0,0,165,293,825,0.22,4.15,10.34,19.06,25.14,30.4,32.82,34.22,2.55,6.36,25.85,11.81,42.98,300.64,353.35,0,11,216,515,64,24,143,-110
44,Pacific ocean perch juvenile,1,1,1,0,0,165,293,825,0.22,4.15,10.34,19.06,25.14,30.4,32.82,34.22,2.55,6.36,25.85,11.81,42.98,300.64,353.35,0,11,216,515,64,24,143,-110
45,Slope rockfish,1,2,2,0,12.5,144.5,461.5,1050,1.08,4.82,10.02,19.06,25.23,30.84,32.83,34.25,3.99,6.42,22.63,14.66,35.17,296.38,353.35,2,12.5,205,434,63.5,33,130,-117
46,Demersal shelf rockfish,1,1,1,0,15,78,255,549,1.2,6.21,13.19,17.67,24.18,29.59,32.94,34.06,4.01,10.98,45.04,9.66,29.27,294.95,312.54,2,10,124,445,60,28,-170,-115
47,Pelagic shelf rockfish,0,1,1,1,6,100,300,675,-0.45,4.01,8.16,19.06,27.65,31.48,32.81,34.15,1.87,6.47,19.8,25.73,49.29,305.88,368.75,2,14,221,381,NA,NA,NA,NA
48,Thornyheads,1,1,1,0,17,91,686,1600,-1.65,4.75,13.19,28.61,24.68,30.82,32.94,35.26,0.54,6.07,31.08,8.17,31.45,293.85,353.35,0,14,217,406,90,0,130,0
49,Sablefish adult,1,1,1,0,175,175,1450,2740,2.28,4.72,12.85,20.56,24.18,30.34,32.86,34.16,1.51,5.7,31.37,8.17,35.13,298.72,363.29,0,12,241,565,64,23,141,-109
50,Sablefish juvenile,1,1,1,0,175,175,1450,2740,2.28,4.72,12.85,20.56,24.18,30.34,32.86,34.16,1.51,5.7,31.37,8.17,35.13,298.72,363.29,0,12,241,565,64,23,141,-109
51,Pacific cod adult,1,1,1,0,10,100,400,1280,1.23,3.8,11.04,19.9,24.18,29.21,32.72,34.15,1.58,6.84,25.11,13.1,82.91,312.26,365.48,0,7,176,356,63,31,119,-119
52,Pacific cod juvenile,1,1,1,0,10,100,400,1280,1.23,3.8,11.04,19.9,24.18,29.21,32.72,34.15,1.58,6.84,25.11,13.1,82.91,312.26,365.48,0,7,176,356,63,31,119,-119
53, Walleye pollock adult,1,1,1,0,1,30,400,1280,-1.2,2.44,9.58,19.9,23.67,29.87,32.77,34.38,1.29,4.97,22.92,11.81,69.26,335.32,368.38,0,9,217,426,68,34,129,-120
54,Walleye pollock juvenile,1,1,1,0,1,30,400,1280,-1.2,2.44,9.58,19.9,23.67,29.87,32.77,34.38,1.29,4.97,22.92,11.81,69.26,335.32,368.38,0,9,217,426,68,34,129,-120
55,Large sculpins,1,1,1,0,257,297,417,604,-1.78,1.54,5.98,9.28,31.05,32.1,34.32,34.82,1.86,5.74,20.23,13.25,92.16,319.06,365.59,1,11,243,401,66,54,154,-134
56,Lingcod,1,1,1,0,0,56,215,475,0.98,6.56,13.19,17.99,24.18,28.81,32.95,34.29,1.92,10.91,49.71,8.17,33.55,299.94,354.45,1,8,116,559,61,31,-172,-116
57,Atka mackerel,1,1,1,0,0,88,318,720,2.3,3.7,7.1,19.06,27.11,31.6,32.85,34.15,2.03,5.8,18.41,26.15,46.71,307.22,354.95,2,15,249,871,64,34,130,-118
58,Shelf demersal fish,1,1,1,0,0,25,120,275,2.37,6.75,12.54,17.25,24.18,25.75,32.83,36.03,3.89,13.69,64.1,10.06,71.02,305.91,334.64,0,4,84,425,62,36,-179,-121
62,Octopus,1,1,1,0,0,197,636,1500,2.37,5.51,14.21,22.55,20.46,25.75,33.09,36.3,4.42,8.14,50.87,10,43.19,298.32,353.35,0,4,124,357,67,22,127,-109
64,King crab,1,1,1,0,0,26,113,240,-0.32,2.77,7.83,19.06,23.83,29.68,32.77,34.37,1.92,4.47,17.33,25.73,92.23,341.39,360.56,0,11,223,412,65,36,127,-126
65,Pandalid shrimp,1,4,4,0,4.75,41,353.25,1377,1.14,3.19,10.23,17.78,20.18,28.02,32.84,35.42,2.34,7.16,24.15,36.67,127.17,321.37,354.82,0.75,7,151.5,380.75,70,35.25,62.75,-51
75,Euphausiids,0,1,1,1,100,213,493,1000,-0.17,5.39,16.52,22.16,24.8,29.8,33.49,34.56,1.97,5.89,30.36,10,46.95,293.57,333.96,1,12,217,1597,NA,22,NA,NA
