"tstep","year","month","btemp","stemp"
1,1980,1,4.59947391476654,4.97841758491159
2,1980,2,4.35707376478576,4.45025980109082
3,1980,3,4.05439688867287,3.79490516821676
4,1980,4,4.09024524639896,4.08686306692907
5,1980,5,4.68485851296715,5.21332442448378
6,1980,6,5.3679490838413,7.35648445243575
7,1980,7,5.90068020116576,10.7133272989928
8,1980,8,6.28515612974104,11.5170842584814
9,1980,9,6.44932662354626,10.1361060809513
10,1980,10,6.32714171446726,8.11138073742489
11,1980,11,5.68464649527249,6.15205947796626
12,1980,12,4.91040892769128,5.08041151809429
13,1981,1,4.37359595423666,4.0289111062187
14,1981,2,4.01796958258107,3.57610474570277
15,1981,3,3.67433576007132,3.56481086750322
16,1981,4,3.82437764004418,4.03075553232585
17,1981,5,4.5128103475912,5.74193755048493
18,1981,6,5.3132009217753,8.89617415874539
19,1981,7,5.96794275532849,12.3052538890307
20,1981,8,6.42455056465349,13.3094486841896
21,1981,9,6.75123988132959,11.5658467485891
22,1981,10,6.6452693260017,8.96021866345524
23,1981,11,6.22848511310123,7.21327117806593
24,1981,12,5.91734535685644,6.30517825171697
25,1982,1,5.11579483407496,5.24150182490009
26,1982,2,4.58489471390621,4.68538762346837
27,1982,3,4.30622536081566,4.40862723194186
28,1982,4,4.51363901477216,4.87158102416258
29,1982,5,5.18061099698096,6.44194945575936
30,1982,6,5.91242606880923,8.81503743653241
31,1982,7,6.57719821891101,12.4199932027629
32,1982,8,7.1007685312997,13.6706024439451
33,1982,9,7.40792403114391,11.9872898360343
34,1982,10,7.34562922513712,8.90379905842181
35,1982,11,6.34652373219406,6.97746912966747
36,1982,12,5.54563572090541,6.00841908198405
37,1983,1,5.0227776238716,5.32011871268959
38,1983,2,4.45277105046244,4.54082306660242
39,1983,3,4.29646979487081,4.43215447681475
40,1983,4,4.59613150098558,4.9276227399677
41,1983,5,5.24907381985085,7.15010787209592
42,1983,6,5.93571066446584,8.96751929636841
43,1983,7,6.47286774777013,11.3583993770323
44,1983,8,6.9059666259236,12.0341516632599
45,1983,9,7.29985064428941,12.0697642428613
46,1983,10,7.29523679869625,9.2558765670306
47,1983,11,6.53640695302188,7.38243295511088
48,1983,12,5.80462556440081,6.16060876737126
49,1984,1,5.06436381869624,5.23408386163831
50,1984,2,4.5787039024984,4.54389934599558
51,1984,3,4.05324446725216,3.81021947816511
52,1984,4,4.13140124620295,4.34810302231172
53,1984,5,4.82234032164389,6.09813664893546
54,1984,6,5.59967480546772,8.88767311346748
55,1984,7,6.22636988355878,12.021241093644
56,1984,8,6.70626000765967,12.2757316944953
57,1984,9,6.97274761218705,10.9023526697419
58,1984,10,6.8404727593006,8.67466244094432
59,1984,11,6.08947619215562,6.71640093595905
60,1984,12,5.24332482356269,5.40593944516132
61,1985,1,4.75193316372121,4.38636469555508
62,1985,2,4.25823112723178,3.65700957952815
63,1985,3,3.75193356236739,3.34831089425284
64,1985,4,3.86447085874099,3.83149753688817
65,1985,5,4.52588744165971,5.976528726579
66,1985,6,5.30683808827966,8.34351769698767
67,1985,7,5.78999451555087,9.87480414393569
68,1985,8,6.16642252480514,11.8517971477599
69,1985,9,6.44509644547808,11.0339629725136
70,1985,10,6.41183547767519,8.66723553333031
71,1985,11,6.04656805967438,6.7628148566808
72,1985,12,5.49857079599805,5.81527455336039
73,1986,1,4.59724344661726,4.63629807748903
74,1986,2,4.13220250833548,3.9503900822602
75,1986,3,4.10402793742021,4.28441384697534
76,1986,4,4.40373378194843,4.63019813646304
77,1986,5,5.06885611458012,7.23963338232055
78,1986,6,5.79414823879512,9.31698799727307
79,1986,7,6.36289143228311,12.5923291342009
80,1986,8,6.75715429046679,13.5966058057242
81,1986,9,6.92692898883787,11.4313443609535
82,1986,10,6.89005912120906,9.78935375279905
83,1986,11,6.29910783404896,7.60644080938333
84,1986,12,5.66015007856222,5.95776196337766
85,1987,1,4.81803079154859,4.99750192202875
86,1987,2,4.19460752239153,4.04256953574463
87,1987,3,3.89508599499441,3.96380374888181
88,1987,4,4.23167341568027,4.65848919221944
89,1987,5,4.85640664190703,6.65888914683619
90,1987,6,5.59784767391824,8.7111116061705
91,1987,7,6.18983388031415,11.8137738699776
92,1987,8,6.56308803573987,12.8897157297899
93,1987,9,6.69458136907264,10.6193495239777
94,1987,10,6.44240146699648,8.38903229186998
95,1987,11,6.06015881736162,6.88371483236687
96,1987,12,5.37156044887665,5.46260139970216
97,1988,1,4.54633526371502,4.60854698881269
98,1988,2,3.8496607179273,3.64965975027828
99,1988,3,3.3497006872012,3.18448445317406
100,1988,4,3.72023060128344,3.95731829397478
101,1988,5,4.38389685619779,5.84017098280557
102,1988,6,5.18782005272327,8.285753303259
103,1988,7,5.84037449210485,12.080622056801
104,1988,8,6.31146535761197,13.0337762494293
105,1988,9,6.61759991463787,11.6790079817314
106,1988,10,6.49049821141702,8.80590296611602
107,1988,11,6.03052755744487,6.89889280863066
108,1988,12,5.23192447527003,5.81693790276796
109,1989,1,4.64093087223192,4.84014474951203
110,1989,2,4.47759238264711,4.47513751497508
111,1989,3,4.05190046990349,4.0187290901841
112,1989,4,4.06639426088497,4.36123437160237
113,1989,5,4.71241851930548,6.30533455331008
114,1989,6,5.48786167227056,8.87695468604029
115,1989,7,6.0534004393062,11.5001853283057
116,1989,8,6.46876168640108,12.2853000210116
117,1989,9,6.82132029756837,11.0061470299423
118,1989,10,6.71107540312707,8.52395441568605
119,1989,11,5.95060296498224,6.55812971276581
120,1989,12,4.56851335000513,4.67012404657076
121,1990,1,3.71634490928634,3.96325853134431
122,1990,2,3.33194577403752,3.36651117463455
123,1990,3,3.34840840384746,3.31441823405795
124,1990,4,3.79877886693431,4.06909664673409
125,1990,5,4.50938848850209,6.45011424048956
126,1990,6,5.28747786610115,8.71073565719568
127,1990,7,5.85769524888386,11.0683220099302
128,1990,8,6.26227648889078,12.68166139398
129,1990,9,6.55385752665091,11.4270493175926
130,1990,10,6.4876615211851,8.68109447854805
131,1990,11,5.96862484175192,6.83747181974185
132,1990,12,5.08327674768418,5.34471218549255
133,1991,1,3.74720115808523,3.90933875416277
134,1991,2,3.18361877266327,3.09427855035208
135,1991,3,3.13738380260317,3.02802678793723
136,1991,4,3.45570990616478,3.7943825600647
137,1991,5,4.14323005331606,5.4259651128269
138,1991,6,4.87077399870177,8.12670878960908
139,1991,7,5.36552487048408,11.2029139871053
140,1991,8,5.81412501581969,12.0135230829767
141,1991,9,6.39491513499745,10.7445082603758
142,1991,10,6.3793445848741,8.75500395211185
143,1991,11,6.17368090508725,7.28578736014375
144,1991,12,5.29097845977435,5.81611841661121
145,1992,1,4.70736485121433,4.96763469049021
146,1992,2,4.0670980551471,4.2379964081107
147,1992,3,3.72941253877723,3.9349245900313
148,1992,4,3.99983934749994,4.4335315589492
149,1992,5,4.62698951280406,6.36100137290857
150,1992,6,5.48752133616255,9.33695397048056
151,1992,7,5.97856637337894,11.5811601039322
152,1992,8,6.47557124035927,12.195068457983
153,1992,9,6.40681379491481,10.7753946298494
154,1992,10,6.13759422729315,8.26589399357557
155,1992,11,5.69655665774838,6.72712878074965
156,1992,12,4.89747639621594,5.38406269270012
157,1993,1,4.20652959014619,4.45135352864114
158,1993,2,3.47188854542289,3.5381008870601
159,1993,3,3.56874547260076,3.75198436250375
160,1993,4,3.99237275048809,4.53446314612316
161,1993,5,4.64973848760489,6.37403385185962
162,1993,6,5.38455174947869,9.45851839708661
163,1993,7,5.83945118854522,11.8085366465487
164,1993,8,6.17386653305584,12.5512471537652
165,1993,9,6.13270788139649,11.0374629331652
166,1993,10,5.93771209982293,8.90548463035955
167,1993,11,5.49417836023298,6.96050477960632
168,1993,12,4.91116291620666,5.43258520748154
169,1994,1,4.4889344969123,4.77969606202841
170,1994,2,4.0950012294916,4.34503700380971
171,1994,3,3.45097950166023,3.61046811479479
172,1994,4,3.60623160867422,4.04898704419354
173,1994,5,4.25783417661718,5.83739940149997
174,1994,6,5.08995791742824,9.33127983470669
175,1994,7,5.63986650814819,11.1791223505329
176,1994,8,5.99578542665857,12.5688011006934
177,1994,9,6.17429739871484,10.8947193179737
178,1994,10,6.29468537738601,8.4293047556754
179,1994,11,5.32936456510237,6.26719104515683
180,1994,12,4.34196149053422,4.64732252470118
181,1995,1,4.01737363728829,4.24283996069348
182,1995,2,3.69592685773842,3.90640406484548
183,1995,3,3.32181332998219,3.4340816415112
184,1995,4,3.49769579896481,3.86643963031068
185,1995,5,4.21813714963982,5.71754684248597
186,1995,6,5.06640765467545,8.68994871559806
187,1995,7,5.68455960730145,11.3365120471402
188,1995,8,6.04988578667463,11.7871866704303
189,1995,9,6.52775365746557,11.5252883006516
190,1995,10,6.73916772550226,9.37188268339069
191,1995,11,6.25172524352168,7.26230675419232
192,1995,12,5.24413591414843,5.67278884495454
193,1996,1,4.59476857794362,4.87287577841851
194,1996,2,3.90709505706481,4.06493125256432
195,1996,3,3.77444777091153,3.98656529593484
196,1996,4,4.15414664145331,4.61525335535487
197,1996,5,4.88853606715813,6.935449827152
198,1996,6,5.62306488165855,9.45203858890226
199,1996,7,6.19674227386699,11.4432217310848
200,1996,8,6.52406871092932,12.6245400262061
201,1996,9,6.84603152400494,11.3273828963817
202,1996,10,6.68780142642594,8.66584577166475
203,1996,11,6.13585827494853,7.17168568698244
204,1996,12,5.10974629158617,5.64346455008028
205,1997,1,4.21795208733182,4.52452768220123
206,1997,2,3.99157361199104,4.23806673631265
207,1997,3,3.81185379027806,4.04008239056611
208,1997,4,3.96407763413444,4.46900152897638
209,1997,5,4.71752710310779,6.67412104396225
210,1997,6,5.55768446641141,10.5734038828897
211,1997,7,6.3104278833768,13.6125360879937
212,1997,8,6.90644590994664,14.0547980098653
213,1997,9,7.31096288181867,12.5687230481477
214,1997,10,7.34701538440057,10.0723232676501
215,1997,11,6.7421146147881,7.98448408269422
216,1997,12,5.77246136349403,6.42881732553477
217,1998,1,4.74271700618404,5.2080182515325
218,1998,2,4.70203000320142,5.05476968195986
219,1998,3,4.66188080559631,5.1275984334739
220,1998,4,4.94886371096601,5.50992567899068
221,1998,5,5.43679961912338,6.66268544855356
222,1998,6,5.87195608806858,8.84419784984734
223,1998,7,6.43445354624039,11.8025563463518
224,1998,8,6.9256529817972,12.3719610304501
225,1998,9,7.22009021313195,10.8146896597451
226,1998,10,7.15531844651361,9.32004906339263
227,1998,11,6.91751323196428,8.18293723463916
228,1998,12,5.82316242052711,6.48952469371875
229,1999,1,4.97985938542987,5.44902209261938
230,1999,2,3.79617663838619,4.00200137732431
231,1999,3,3.44698838110368,3.68165985845823
232,1999,4,3.78997372103614,4.11236210329596
233,1999,5,4.43249092803473,5.72152123644189
234,1999,6,5.23604306014976,8.15752497534795
235,1999,7,5.92581686704521,11.1613774677741
236,1999,8,6.2587986872586,11.9838064011534
237,1999,9,6.76404081386917,11.1100135794964
238,1999,10,6.83444376999539,8.85281054083869
239,1999,11,6.18653996795397,6.85840311249076
240,1999,12,5.15497271432203,5.57053138926208
241,2000,1,3.9627572725565,4.21822294461807
242,2000,2,3.6648044612097,3.8367635788767
243,2000,3,3.90650286919538,4.14268586760753
244,2000,4,4.17011641875452,4.65064878865858
245,2000,5,4.86548140655397,6.60973568060287
246,2000,6,5.59537943992129,9.14410126332736
247,2000,7,6.17424224552786,11.5665860647244
248,2000,8,6.46286248262683,12.3481795139923
249,2000,9,6.57392327003935,11.1064726588398
250,2000,10,6.63763280684206,8.79652698397758
251,2000,11,6.32511383769589,7.2574277122344
252,2000,12,5.74876288227939,6.30019508440245
253,2001,1,5.28241104791621,5.63248537620957
254,2001,2,4.80413505845579,5.08127774508128
255,2001,3,4.64783730544163,4.91353735329371
256,2001,4,4.64524052174523,5.07407216514461
257,2001,5,5.13777604181854,6.4078902837838
258,2001,6,5.83934904445272,10.251509517146
259,2001,7,6.3087369578101,12.3018619331649
260,2001,8,6.62575027872229,13.13868420055
261,2001,9,7.07173930867925,11.5008500730165
262,2001,10,7.004799714409,9.27968028251162
263,2001,11,6.14827667446944,6.92422113425794
264,2001,12,5.11278119969136,5.6184168289067
265,2002,1,4.57633000413711,4.89209733318938
266,2002,2,4.07136297526647,4.24070376909093
267,2002,3,3.8680177386953,4.03459355381502
268,2002,4,4.08877581092679,4.3634539230206
269,2002,5,4.63288072212234,6.49915920829905
270,2002,6,5.4866605982626,9.33346089170617
271,2002,7,6.11171939401395,12.1447602515971
272,2002,8,6.45431271797988,13.0389364377355
273,2002,9,6.57922245680443,11.3541064323673
274,2002,10,6.60387348702067,9.32012972849415
275,2002,11,6.73974946997034,8.04269396688352
276,2002,12,6.36176767923967,7.13219789211773
277,2003,1,5.62254898860759,6.11884465209085
278,2003,2,5.43407793103275,5.93920909864198
279,2003,3,5.12206097924325,5.497735935273
280,2003,4,4.96044162454083,5.5136483503348
281,2003,5,5.48254670267206,7.26903653139333
282,2003,6,6.19267387216733,9.72244994401499
283,2003,7,6.66644771585873,12.507069212126
284,2003,8,6.96794136909965,13.40077552586
285,2003,9,7.27844940450513,12.3593540005343
286,2003,10,7.52466407798865,10.2431409181155
287,2003,11,6.79331795624832,8.48038304422431
288,2003,12,5.66511210172062,6.31000658158261
289,2004,1,4.72065418552939,5.03832604953594
290,2004,2,4.33337002844545,4.59810776918342
291,2004,3,4.21717761900092,4.47062734409444
292,2004,4,4.20867376561204,4.69839367159476
293,2004,5,4.85555370355208,6.75588040333989
294,2004,6,5.59998065812527,9.43772725553308
295,2004,7,6.26941572003706,12.9805430858728
296,2004,8,6.73879899595804,14.4767261053529
297,2004,9,6.86948037956745,12.9132125763751
298,2004,10,6.72119844360176,9.66191488792043
299,2004,11,6.04560650201569,7.09896553807187
300,2004,12,5.61051146309428,6.14041044940081
301,2005,1,5.02811601824747,5.33660785355391
302,2005,2,4.57676054785464,4.81897184347126
303,2005,3,4.55980190089845,4.87300223452142
304,2005,4,4.64812987898125,5.19125169555342
305,2005,5,5.27428441998348,7.58851420662105
306,2005,6,6.02665074318965,10.6027834826905
307,2005,7,6.58254128351581,13.7831208863386
308,2005,8,7.06673249829864,14.2942302807446
309,2005,9,7.05178442967306,12.1881002413679
310,2005,10,7.10086223994052,9.62212414802781
311,2005,11,6.33463176245711,7.30779588525549
312,2005,12,5.52241916022172,6.08107647078155
313,2006,1,5.15715037372396,5.61156231403867
314,2006,2,4.18626291411555,4.50948659791786
315,2006,3,3.94935778154169,4.13367258840532
316,2006,4,4.20156558420286,4.54529821524443
317,2006,5,4.77003604578386,6.21078274975904
318,2006,6,5.59184713390464,9.51884213165763
319,2006,7,6.29988352954588,11.7487170049134
320,2006,8,6.80610808971376,12.1690052736644
321,2006,9,7.15439277092868,11.2263389804321
322,2006,10,6.989612198676,9.54189805845289
323,2006,11,6.09673450670356,7.0467152836067
324,2006,12,5.1354885356427,5.51305350021924
325,2007,1,4.06082657209387,4.30434283655775
326,2007,2,3.84417616759771,4.04361340282792
327,2007,3,3.15180154855222,3.16387417771492
328,2007,4,3.24909579619394,3.51891050983457
329,2007,5,4.09031045702062,5.44260233894138
330,2007,6,4.94446880033228,8.27155984933048
331,2007,7,5.65205959946133,11.9367281827888
332,2007,8,6.17732624803786,12.891039259261
333,2007,9,6.51882659024041,11.7093853766306
334,2007,10,6.34336062537945,8.70190212345532
335,2007,11,6.0326741411885,6.98870005260119
336,2007,12,5.46924128415409,5.97827566481862
337,2008,1,4.31453067474861,4.56157539389316
338,2008,2,3.66987490113542,3.84407520739169
339,2008,3,3.59413679851542,3.72862710396602
340,2008,4,3.73305653235908,4.00402185952895
341,2008,5,4.35295231790217,5.32450038100689
342,2008,6,5.17441989932045,8.18998754624593
343,2008,7,5.86850393691966,10.8007140537886
344,2008,8,6.47539778338678,12.5600848718894
345,2008,9,6.96474834666619,11.3331612212825
346,2008,10,6.78243529254769,9.1918291968312
347,2008,11,6.14309020071528,7.10390840330902
348,2008,12,5.35718472350619,5.88591991593003
349,2009,1,4.31255887019411,4.56247436800478
350,2009,2,3.757112531237,3.82481948728169
351,2009,3,3.52663983547689,3.46624489546187
352,2009,4,3.53541000066338,3.73487495771732
353,2009,5,4.27242754371437,6.2832243821497
354,2009,6,5.0956250064556,9.10458963712843
355,2009,7,5.78388091624154,11.8853811432717
356,2009,8,6.26747170631697,11.9027865921031
357,2009,9,6.82380258330473,11.4022676909963
358,2009,10,7.11106597201707,9.73877273520471
359,2009,11,6.44713466105585,7.46252728481375
360,2009,12,5.54444503378137,6.05767139186913
361,2010,1,5.15574635824128,5.45484171546763
362,2010,2,4.7847795561747,5.06746451876587
363,2010,3,4.3298192806853,4.6093126513687
364,2010,4,4.39461215813241,4.81184747426978
365,2010,5,5.00287310208653,6.27816352176653
366,2010,6,5.88104893379656,8.77735204785421
367,2010,7,6.39783644062142,11.2606566640556
368,2010,8,6.61852463202978,11.8703229554409
369,2010,9,6.75098341610323,12.0751932409563
370,2010,10,6.90424236373498,9.50204003408737
371,2010,11,6.49920157710006,7.57373192267163
372,2010,12,5.36140504928328,5.9196233746931
373,2011,1,4.53233353551604,4.94368741649283
374,2011,2,4.03177744679472,4.31361241241607
375,2011,3,3.59774938154568,3.70264399458644
376,2011,4,3.88751989521241,4.23701266254017
377,2011,5,4.53803133261042,6.10701835157755
378,2011,6,5.27749793687901,8.53817763559098
379,2011,7,5.8655623433943,11.0768362503708
380,2011,8,6.29665895759514,11.8356151558484
381,2011,9,7.11017975046578,10.6323616725239
382,2011,10,7.30699434202733,9.38688876431903
383,2011,11,6.2743132013146,7.38864616353095
384,2011,12,5.26756765078479,5.76355410403312
385,2012,1,4.03667889752273,4.18910878136751
386,2012,2,3.4140121927306,3.52528658604333
387,2012,3,3.13257321798501,3.01821377134729
388,2012,4,3.4610449601141,3.83134489875273
389,2012,5,4.30254714873333,5.76507927694114
390,2012,6,5.24217301838765,8.84326243693721
391,2012,7,5.94879508176101,10.9773175192478
392,2012,8,6.49988972854041,11.9630550773512
393,2012,9,6.76360297645599,10.4945438034419
394,2012,10,6.8028738944744,8.86420773509585
395,2012,11,6.14035533005202,7.0838211004478
396,2012,12,5.03354830376799,5.51160550177485
397,2013,1,4.56565270706621,4.93816931907747
398,2013,2,4.30681814667192,4.58643377847187
399,2013,3,4.13131690669942,4.33001103436157
400,2013,4,4.20112894202416,4.48017002292462
401,2013,5,4.78661949900926,5.95839320550168
402,2013,6,5.67007869541544,9.23510455115171
403,2013,7,6.23392733266139,11.8254825539493
404,2013,8,6.70887193122728,12.9067890727742
405,2013,9,6.99725254652672,11.5732514024122
406,2013,10,6.93597260657059,9.22657068216968
407,2013,11,6.56354559514193,7.90580996482769
408,2013,12,5.6517730705135,6.31662220914421
409,2014,1,5.18971354010628,5.66321153818005
410,2014,2,4.88332002181883,5.17693891719026
411,2014,3,4.5676895648303,4.81195252810683
412,2014,4,4.79705089978583,5.36254477077254
413,2014,5,5.50355069296995,8.00634103265718
414,2014,6,6.17203756929733,10.1796058630064
415,2014,7,6.76176758291068,13.2703038370028
416,2014,8,7.30838268126313,14.4634776088688
417,2014,9,7.52408205180758,13.1520469817048
418,2014,10,7.61655928043017,10.4467453711488
419,2014,11,7.22110585431139,8.79219206930355
420,2014,12,6.82143925900601,7.82927522980674
421,2015,1,6.21924233730627,6.96996190232697
422,2015,2,5.56715380351757,6.163681849101
423,2015,3,5.20390538283614,5.82251104281431
424,2015,4,5.35601254719388,6.06827277176259
425,2015,5,5.77607172842712,7.62642245609214
426,2015,6,6.32318051552448,10.77417815994
427,2015,7,6.91148098718663,12.962718398781
428,2015,8,7.23770010966746,13.9515576663466
429,2015,9,7.22120731084485,11.9450547832099
430,2015,10,7.28550182075624,10.0237014840115
431,2015,11,6.74875389566715,8.30572317890865
432,2015,12,6.17941561794879,6.9833807990182
433,2016,1,5.82753547265841,6.35307025544886
434,2016,2,5.59726257380879,6.1495967959059
435,2016,3,5.48808985762429,6.02948732942337
436,2016,4,5.67563944375783,6.68536175768216
437,2016,5,6.16877383868799,8.3491065681561
438,2016,6,6.73506073621294,11.3727542818834
439,2016,7,7.24317425433586,13.8417662856619
440,2016,8,7.50907122122143,14.218334135899
441,2016,9,7.55970351153273,13.5277256022405
442,2016,10,7.69710827236612,10.9479773397654
443,2016,11,7.43261247343471,9.05071229380426
444,2016,12,6.3971330533908,7.31380612437388
445,2017,1,5.46939808599561,6.01309068247986
446,2017,2,4.88791215081262,5.18742987240759
447,2017,3,4.2830018867357,4.55919982002316
448,2017,4,4.46625429380572,5.09275892834639
449,2017,5,5.18899632686579,6.880727474919
450,2017,6,6.10753646455321,9.74811431372068
451,2017,7,6.78352127782478,12.4998038927877
452,2017,8,7.25058924269772,13.4344493113139
453,2017,9,7.78207013607337,11.5581701229726
454,2017,10,7.54906567543721,9.97192755781216
455,2017,11,7.01253901254183,8.26449253810426
456,2017,12,6.33182277379292,7.060275201934
457,2018,1,5.65728870843917,6.19116599806052
458,2018,2,4.85913733973709,5.26845898305405
459,2018,3,4.62713335305821,4.92205435597843
460,2018,4,4.91004101783802,5.49534447382125
461,2018,5,5.47138504694524,6.86420313962318
462,2018,6,6.15187376791099,9.76819620685644
463,2018,7,6.60197164236478,11.9077110573915
464,2018,8,6.90754475437163,12.0466622919358
465,2018,9,7.01808309254195,12.349824611674
466,2018,10,7.28197944172074,10.6601356046858
467,2018,11,7.16800180743025,8.84919569691526
468,2018,12,6.5578586679659,7.43884161458435
469,2019,1,5.74592582051761,6.31831157784281
470,2019,2,5.44918907421473,5.91116717562988
471,2019,3,5.38323433383011,5.79858648629089
472,2019,4,5.68600920717439,6.44895458733863
473,2019,5,6.02266379201389,7.72167297577639
474,2019,6,6.67646439199417,10.5888008756875
475,2019,7,7.11018093678257,13.7831364639155
476,2019,8,7.28684441778979,14.7174016120878
477,2019,9,7.35987443078503,12.8987556825406
478,2019,10,7.26192713395726,10.2341432335304
479,2019,11,7.10197856340953,8.88418214651604
480,2019,12,6.51215099487854,7.39987630939093
481,2020,1,5.27013420672689,5.65476851404957
482,2020,2,4.32288070833023,4.59176529846023
483,2020,3,3.90554287142757,4.21777110752674
484,2020,4,4.19397112838035,4.76584627460371
485,2020,5,4.9954209298327,6.82591062825044
486,2020,6,5.89084478641949,9.98037131725352
487,2020,7,6.53542180095851,12.8504239440143
488,2020,8,7.02327162420143,13.6926738061215
489,2020,9,7.35973173597331,11.8550734749197
490,2020,10,7.71104875911173,10.0580188776766
491,2020,11,6.76065024000274,8.07813610807575
492,2020,12,6.00382287836266,6.65252399412167
493,2021,1,3.9406814550648,4.39094261499067
494,2021,2,3.51507370312486,3.59889646029842
495,2021,3,3.3079059624249,3.10822881728365
496,2021,4,3.53794819808735,3.79541384325465
497,2021,5,4.22215264425129,5.58576716135803
498,2021,6,5.08747559009804,8.44291440761036
499,2021,7,5.70787099529744,11.2482306757363
500,2021,8,6.0068589391017,11.1813710020444
501,2021,9,6.4001399543768,11.1641587144727
502,2021,10,6.58862553570827,9.35169079477438
503,2021,11,6.52003749348763,7.94822057203035
504,2021,12,5.737679752248,6.32781401715878
505,2022,1,5.0252630119794,5.52528827646721
506,2022,2,4.47687179763151,4.83376503363582
507,2022,3,4.32071396090783,4.56213372501403
508,2022,4,4.41675192994684,4.88975674210849
509,2022,5,5.04945341262611,6.94140947495615
510,2022,6,5.74668605720037,9.21825431902858
511,2022,7,6.31026559761078,12.4235108971888
512,2022,8,6.78664754841175,13.6947794536922
513,2022,9,7.20772113962743,12.6800863866073
514,2022,10,7.22909220344938,9.78628076849236
515,2022,11,6.55369542599363,7.71648994738658
516,2022,12,5.47722158977627,6.20789857554736
517,2023,1,4.6735240232821,5.15431853363095
518,2023,2,3.97596673465026,4.25456590627232
519,2023,3,3.94389099488454,4.19342147257377
520,2023,4,4.09595436907543,4.32998005216301
521,2023,5,4.67668185597564,6.09041583598481
522,2023,6,5.49228919522335,8.97642025551077
523,2023,7,6.07652622908497,11.6686649131221
524,2023,8,6.42405028490859,12.2181175029891
525,2023,9,6.77001373575372,11.4750511474256
526,2023,10,6.92916493050052,9.86726858607282
527,2023,11,6.21702949526609,7.23156464780892
528,2023,12,5.40968705190687,6.03519623739626
529,2024,1,4.97878583382242,5.39786556154357
530,2024,2,4.93168023913323,5.42755954358484
531,2024,3,4.85027067837242,5.20068314735982
532,2024,4,4.84766282318066,5.00669139444872
533,2024,5,5.42309296935108,7.85228385106538
534,2024,6,6.23116571562774,11.7671432647134
535,2024,7,6.78202638252838,13.4639149555408
536,2024,8,7.2265302795027,14.024483285083
537,2024,9,7.41620291067619,12.1331917572459
538,2024,10,7.40108005956987,9.59118123046509
539,2024,11,6.68540401520717,7.98541756350946
540,2024,12,5.88828005251276,6.78841038021591
541,2025,1,4.88841330614886,5.47329432198783
542,2025,2,4.55651540911224,5.09911788633891
543,2025,3,4.32900115398481,4.69808515914455
544,2025,4,4.35564781502978,4.77226502868542
545,2025,5,4.97172810782589,6.84044705435018
546,2025,6,5.80441257473958,10.0006218147484
547,2025,7,6.36307468511981,12.502748792047
548,2025,8,6.78938161528891,13.6394925131905
549,2025,9,7.02239538539985,12.3032720824854
550,2025,10,7.05803043507911,9.61500090687623
551,2025,11,6.46322128196877,7.70350496408414
552,2025,12,5.34986692350573,5.92072643875245
553,2026,1,4.70750061629694,5.21937421143667
554,2026,2,4.27654178438262,4.65856748151108
555,2026,3,4.20273438582934,4.5900445288517
556,2026,4,4.49724719430982,5.16144895303694
557,2026,5,5.164065158266,7.35158572493545
558,2026,6,5.92394739185797,10.7231158837183
559,2026,7,6.50027088130822,13.1578517684019
560,2026,8,7.01974375938475,14.1381991745504
561,2026,9,7.30835948877996,12.5032006425682
562,2026,10,7.21512426972685,9.63422975143278
563,2026,11,6.61698610378225,7.86905954654697
564,2026,12,6.19914891928489,7.04272473158823
565,2027,1,5.19559977592709,5.54995552014896
566,2027,2,4.77918398859846,5.17102045853777
567,2027,3,4.30659783132824,4.46591703711391
568,2027,4,4.39234568197771,4.49296330274545
569,2027,5,5.00687530047502,6.64046110857261
570,2027,6,5.93110248073517,10.643921068544
571,2027,7,6.62819880009175,13.0651993439508
572,2027,8,7.08730149752471,14.160051165249
573,2027,9,7.38877871682831,12.2038247076142
574,2027,10,7.40307526034886,9.68248123759183
575,2027,11,6.82539564999383,7.90998783228746
576,2027,12,6.35148205934705,7.03340599217107
577,2028,1,4.80306981220921,5.23052433056154
578,2028,2,4.21657942334969,4.46616617223358
579,2028,3,4.14145237972509,4.45984650287752
580,2028,4,4.47084918563457,5.30328646356528
581,2028,5,5.1407687133383,7.57381336684613
582,2028,6,5.89052845094562,10.1620279663346
583,2028,7,6.50229872823901,12.8838222101968
584,2028,8,6.97397361452203,13.253681187404
585,2028,9,7.42611886241435,12.8295728270503
586,2028,10,7.65154281181836,10.6960271791655
587,2028,11,7.27696880898496,8.91054710394327
588,2028,12,6.80553825580121,7.88212425808126
589,2029,1,5.18096779109581,5.67732843292897
590,2029,2,4.49933924975783,4.81027777057317
591,2029,3,3.76544694893075,4.07298992958035
592,2029,4,4.10538198992607,4.80533663410493
593,2029,5,4.87179605093703,6.71858606930312
594,2029,6,5.65092109892704,8.90631253843594
595,2029,7,6.27990892976162,12.2426009831862
596,2029,8,6.80871632514761,13.1047032272954
597,2029,9,7.18154379837927,12.2586547393901
598,2029,10,7.42275462873391,10.0263630937692
599,2029,11,7.0459993057123,8.44372973107003
600,2029,12,5.6757165885494,6.30872566578386
601,2030,1,5.00737673033849,5.41069566918018
602,2030,2,4.7434473923719,5.18304235272553
603,2030,3,4.46017189019306,4.72500220118402
604,2030,4,4.57310079439823,5.09290146536125
605,2030,5,5.2479625637408,7.55078173085516
606,2030,6,6.05210340100017,9.99356773544962
607,2030,7,6.55794119359041,12.5288715094017
608,2030,8,6.97966706763185,13.4436187046773
609,2030,9,7.38495624465739,13.0054657126494
610,2030,10,7.38105321334766,9.78821900825644
611,2030,11,6.70440698987391,7.89632765066491
612,2030,12,5.65571817373993,6.39975576221887
613,2031,1,4.80704371122399,5.36408490121679
614,2031,2,4.43923691366561,4.81220816789955
615,2031,3,4.09814957655324,4.2586800001566
616,2031,4,4.32596001823067,4.70109708245012
617,2031,5,4.96294871169901,6.69318304381383
618,2031,6,5.72634659959539,9.65782541905717
619,2031,7,6.38548516380546,13.0445169663528
620,2031,8,6.76873043704624,13.0409909781538
621,2031,9,7.03665358157482,11.6824186530626
622,2031,10,7.03136066667454,9.36258153799071
623,2031,11,6.55529760490271,7.5063010206033
624,2031,12,5.37269504270521,5.68088540291207
625,2032,1,4.73350614473563,4.96674433726877
626,2032,2,4.52310164609808,4.56464703859244
627,2032,3,4.46074226035368,4.55497068389495
628,2032,4,4.64088897178791,4.92975285662542
629,2032,5,5.23519123263315,6.97038099367207
630,2032,6,6.08256294981167,10.5152075722005
631,2032,7,6.62493776226844,13.1041534885689
632,2032,8,7.07552334687295,13.954889476823
633,2032,9,7.50026972341209,13.442281173832
634,2032,10,7.74258169412196,10.388448907903
635,2032,11,7.05968711667355,8.23281129477762
636,2032,12,6.56016075521978,7.33945592702151
637,2033,1,5.28990743234949,5.83762729088652
638,2033,2,4.82532355991464,5.26605996950119
639,2033,3,4.38774427460627,4.79253602244924
640,2033,4,4.50080255955802,4.89750267011414
641,2033,5,5.17490687355182,6.87277692484528
642,2033,6,5.87955193234158,8.8184044068598
643,2033,7,6.38067968003992,11.5214604309653
644,2033,8,6.90190352693968,13.8153592974788
645,2033,9,7.39643485192883,12.9624471335995
646,2033,10,7.65062175123287,10.3189268125719
647,2033,11,6.81457991737283,7.97118092330684
648,2033,12,5.69356372299228,6.46011378563408
649,2034,1,5.07845936809909,5.5367382621263
650,2034,2,4.08508411520917,4.37857114177235
651,2034,3,3.65626828759091,3.87535476887385
652,2034,4,4.06104317806481,4.67377014336305
653,2034,5,4.78063979852515,6.42403021579161
654,2034,6,5.6330429448714,9.8899699999819
655,2034,7,6.25024123882858,12.7361197812692
656,2034,8,6.77186420297915,14.0667138179677
657,2034,9,7.22589144748684,13.35692372588
658,2034,10,7.44163315249846,10.4040100328305
659,2034,11,7.13862566530431,8.81381565406957
660,2034,12,6.61863846233519,7.62963930302359
661,2035,1,5.77733514325103,6.35803183089223
662,2035,2,5.52650859316209,6.05214687640334
663,2035,3,5.31793467019325,5.7480412491865
664,2035,4,5.30428161089721,5.5877483181514
665,2035,5,5.87416773327017,7.88633017560644
666,2035,6,6.48964952290875,10.1456367274107
667,2035,7,7.0630536900941,13.8707261472496
668,2035,8,7.55732494246073,14.5384040483079
669,2035,9,7.90106221067707,12.8599247554545
670,2035,10,8.06787641448283,10.4354386597069
671,2035,11,7.35959650633544,8.68488564973669
672,2035,12,6.50732005975948,7.32707849310675
673,2036,1,5.63830650089463,6.24448573590354
674,2036,2,5.18558714413466,5.64757209254094
675,2036,3,5.04278735515735,5.54443083555642
676,2036,4,5.15447632480654,5.70455486912562
677,2036,5,5.76004576247781,7.74696401576305
678,2036,6,6.48225118377156,10.0768315939157
679,2036,7,6.98013003124326,12.8727131013873
680,2036,8,7.45673104716971,14.1858454970047
681,2036,9,7.84499023906276,12.3291427800892
682,2036,10,8.05555336793874,10.747720099142
683,2036,11,7.10602105873474,8.24628285496395
684,2036,12,6.34170815592358,6.91617987514132
685,2037,1,5.63348941057259,6.15034933143714
686,2037,2,5.05422540110802,5.56641299790582
687,2037,3,4.80108278879953,5.36459940413407
688,2037,4,4.73740985524292,5.16851267245468
689,2037,5,5.38014393343069,7.35101139457754
690,2037,6,6.09584367064176,10.3603619939694
691,2037,7,6.67572891244569,12.4468753929129
692,2037,8,7.11264779360825,13.3051490397948
693,2037,9,7.49601786868693,12.2301010106066
694,2037,10,7.81142950566156,10.0922666286015
695,2037,11,7.22758903389383,8.34319881323161
696,2037,12,6.27841146109184,6.94401543493717
697,2038,1,5.28275693596554,5.74680054802048
698,2038,2,4.9379218625111,5.33388206797312
699,2038,3,4.81185645185007,5.23107883746924
700,2038,4,4.97733650362872,5.41338086319062
701,2038,5,5.55746544207788,7.14112907024806
702,2038,6,6.224511321921,10.6626376689565
703,2038,7,6.81336212763482,13.4826646071801
704,2038,8,7.35314048933918,14.6142593327872
705,2038,9,7.65653026125838,12.6499597808229
706,2038,10,7.97819650585258,10.4744271446621
707,2038,11,7.35858817203495,8.69618339913208
708,2038,12,6.57244975568893,7.36597616147249
709,2039,1,5.85942308632262,6.3691713955814
710,2039,2,5.54206895953571,5.87980235160928
711,2039,3,5.20165103951133,5.51984874187772
712,2039,4,4.9961261042432,5.3496354145168
713,2039,5,5.58695682035377,7.34493126808277
714,2039,6,6.27964564715768,10.6489412659176
715,2039,7,6.88984544055916,14.1414277401976
716,2039,8,7.32588753572746,13.757157329795
717,2039,9,7.66083387758153,12.1382397884727
718,2039,10,7.84986260590067,10.3944622908757
719,2039,11,7.42476263431291,8.85384570681855
720,2039,12,6.22892084607863,7.21455149794032
721,2040,1,5.43704991979127,6.2333063912639
722,2040,2,5.17686940518957,5.73409651015941
723,2040,3,5.02515571819009,5.5416696964671
724,2040,4,5.19799902011879,5.80582934478055
725,2040,5,5.81328037613365,8.01438622970089
726,2040,6,6.4689571639517,10.6573731350719
727,2040,7,7.10393771512574,14.0358549582253
728,2040,8,7.65200467044346,14.1744920996961
729,2040,9,8.02174122561935,12.8351383195975
730,2040,10,8.32240229458754,10.9090163249071
731,2040,11,7.75947470969319,9.16811178716241
732,2040,12,6.37496984786667,7.15894316804906
733,2041,1,5.58776790941802,6.11925275103613
734,2041,2,5.31249351905748,5.86947520528065
735,2041,3,5.11086293589465,5.71537094195383
736,2041,4,5.32487209489383,6.15203065025894
737,2041,5,5.89833592484446,8.15759766607832
738,2041,6,6.53480369467389,10.0242335888557
739,2041,7,7.08262639489934,13.3048767318914
740,2041,8,7.60785428964571,14.2760209649327
741,2041,9,8.02330619144305,13.2108181501608
742,2041,10,8.1936743494025,10.5474450978062
743,2041,11,7.33672571512367,8.67210100402096
744,2041,12,6.65354686542276,7.71353733773047
745,2042,1,5.23023144687133,5.9528600853357
746,2042,2,4.74720901687277,5.24545048141903
747,2042,3,4.42977165740522,4.84671234680066
748,2042,4,4.53843963339078,4.92783552183996
749,2042,5,5.16904501109873,6.97340965784156
750,2042,6,5.96550126813187,9.83616301688916
751,2042,7,6.50172413473467,12.0612024455988
752,2042,8,7.01751746518452,14.1686779032898
753,2042,9,7.38807469042146,12.9051812887754
754,2042,10,7.53982838797518,10.1124941213072
755,2042,11,7.13775355730408,8.62819904935796
756,2042,12,6.23975954948756,7.28190045806592
757,2043,1,5.1802425190143,5.83724557281426
758,2043,2,4.62156677499264,5.10861442575788
759,2043,3,4.18148416156184,4.53962880053817
760,2043,4,4.21899032023591,4.77273583620035
761,2043,5,4.94440696031182,7.06808266644819
762,2043,6,5.69693921251318,9.98653336568732
763,2043,7,6.31420012755509,13.295737859584
764,2043,8,6.83255646618705,13.6802898871169
765,2043,9,7.26128713590558,12.6781433981728
766,2043,10,7.50256377058738,10.2456000931688
767,2043,11,7.34229593301586,9.10143286379077
768,2043,12,6.57367576581507,7.66237793463898
769,2044,1,5.69895504694704,6.29141695021553
770,2044,2,4.97745428848329,5.48410045936483
771,2044,3,4.71237021833367,5.10192348951754
772,2044,4,4.91058511164391,5.4755619045531
773,2044,5,5.51614195601924,7.50886797823507
774,2044,6,6.23879798325628,9.70825615284346
775,2044,7,6.74872256791653,12.6580745972403
776,2044,8,7.29792288378977,14.4886616523116
777,2044,9,7.61687019944556,13.2256899236846
778,2044,10,7.75929046045671,10.7695074469454
779,2044,11,7.3652334382293,8.87491695573063
780,2044,12,6.84803234396455,7.84523417258176
781,2045,1,5.63770713470083,6.09772246273508
782,2045,2,4.67920208049632,5.06216636373336
783,2045,3,4.41539951539878,4.85875259917722
784,2045,4,4.46728684456891,4.83585566389218
785,2045,5,5.08181437450439,6.53673304384386
786,2045,6,5.8549653742604,9.35315927177396
787,2045,7,6.54876512201211,12.9269966410888
788,2045,8,7.21119009933294,14.8601413621492
789,2045,9,7.57238049127008,12.1129470210629
790,2045,10,7.72507444727136,10.4002149894798
791,2045,11,7.28573264455811,8.69898465994003
792,2045,12,6.67894595558429,7.5985673359554
793,2046,1,5.47131820018333,5.99922574530964
794,2046,2,4.93278450215514,5.41443479738052
795,2046,3,4.62913559730881,5.04016716306319
796,2046,4,4.73942648617777,5.02097111406889
797,2046,5,5.35052570421771,7.3461936640087
798,2046,6,6.12676910604202,10.559290416862
799,2046,7,6.69748585685217,12.8198877056022
800,2046,8,7.31640823644112,13.6597666199985
801,2046,9,7.70541187914884,12.2275390080769
802,2046,10,7.70849441804961,9.70047811114037
803,2046,11,7.07405962431096,7.77780047341966
804,2046,12,6.60457858459871,7.1656972375203
805,2047,1,5.80592347297234,6.36408454036673
806,2047,2,5.13021747672838,5.61964683526671
807,2047,3,4.97110972113807,5.4995659179467
808,2047,4,5.17671373242285,5.68386622691362
809,2047,5,5.80814510902279,7.90992674904668
810,2047,6,6.55544896527629,11.1447189419338
811,2047,7,7.20618852994432,13.9687089426866
812,2047,8,7.8629241769408,15.7448354984965
813,2047,9,8.30749446379717,14.3591299314052
814,2047,10,8.30134457635907,10.547603218168
815,2047,11,7.42986982324198,8.597479358239
816,2047,12,6.4766648581751,7.32218396564335
817,2048,1,5.12207440976812,5.75980112616571
818,2048,2,4.74799504277452,5.32836970960787
819,2048,3,4.32266787557917,4.72736573264728
820,2048,4,4.46985056573806,4.79319874314535
821,2048,5,5.1619638329828,6.89351504786459
822,2048,6,5.95893334420167,9.71767613083187
823,2048,7,6.64502112918076,13.0584691116207
824,2048,8,7.25029470822213,14.3960089258014
825,2048,9,7.60700728221388,12.2819688393766
826,2048,10,7.76731159980756,10.6479714630513
827,2048,11,7.08529624385948,8.27248319557023
828,2048,12,6.34701328503319,7.19568297942641
829,2049,1,5.71599777698573,6.40188289568534
830,2049,2,5.54700213087464,6.24607385157146
831,2049,3,5.3821245461413,6.03604240622466
832,2049,4,5.42766895242369,5.99491673197789
833,2049,5,6.07105437608378,8.39419990270344
834,2049,6,6.77318131169588,10.7147926489472
835,2049,7,7.28533770119246,13.2225783714205
836,2049,8,7.73857703215468,13.7375094494451
837,2049,9,8.11016357052597,13.0517294800584
838,2049,10,8.23562183597062,10.3706048458828
839,2049,11,7.85439649494169,9.14367799027337
840,2049,12,7.05156272166899,7.9639223889598
841,2050,1,6.12811280758751,6.83307667986446
842,2050,2,5.38283846409416,6.00514276034387
843,2050,3,5.32479491206996,6.00649607905694
844,2050,4,5.10653931189383,5.48903097792681
845,2050,5,5.72166232389766,7.43098610784414
846,2050,6,6.52598914161015,10.0415843581476
847,2050,7,7.05161186977547,12.4160908702194
848,2050,8,7.47930951375963,13.4514748174149
849,2050,9,7.83273528091618,12.50541167765
850,2050,10,7.74713480606361,9.57695196082984
851,2050,11,7.02993143923872,8.06445658322258
852,2050,12,5.8735928656308,6.52225581527882
853,2051,1,5.11702545421939,5.56953065051081
854,2051,2,4.65520628053137,5.19487384944473
855,2051,3,4.08729572148187,4.54807701696485
856,2051,4,4.21859426275298,4.57919403619558
857,2051,5,4.89035841112219,6.40927112565354
858,2051,6,5.75743503026556,9.54449832458328
859,2051,7,6.46526679825339,12.6293079446599
860,2051,8,6.96033363929852,13.2108301921121
861,2051,9,7.32723800770407,12.308550808965
862,2051,10,7.46304037585596,10.1921123115192
863,2051,11,6.99315087283814,8.26785512117548
864,2051,12,6.43596163473377,7.46043319342354
865,2052,1,5.69517777912561,6.48592593421572
866,2052,2,5.21006009672183,5.93584302131297
867,2052,3,4.85541875423762,5.5510758159476
868,2052,4,4.76421707455645,5.26457275516643
869,2052,5,5.43324278136378,7.29767031347414
870,2052,6,6.26387597929443,10.8610595153602
871,2052,7,6.93554551860079,13.1645274791082
872,2052,8,7.44668351874311,14.0296901051844
873,2052,9,7.846396860397,12.8160696914565
874,2052,10,7.93661612283517,10.2485733643298
875,2052,11,7.33968509342373,8.42847073770193
876,2052,12,6.92170308626634,7.81659561338552
877,2053,1,5.95421865707055,6.71169313975938
878,2053,2,5.54940038691546,6.2330118916455
879,2053,3,5.36084526570222,5.95964830131332
880,2053,4,5.51180246025118,6.09533488459261
881,2053,5,6.09093515502534,8.58699169775458
882,2053,6,6.70826098094532,10.8335707140332
883,2053,7,7.23788393807342,13.832724008482
884,2053,8,7.74208852707437,14.7724431120571
885,2053,9,8.14995543347853,13.4003211117536
886,2053,10,8.34577273443755,10.6169271415945
887,2053,11,7.69871917466251,8.98986247894783
888,2053,12,6.16809560605095,6.87255299652446
889,2054,1,5.15835173660462,5.63880332612985
890,2054,2,4.61220992740736,5.08377951913587
891,2054,3,4.31116593281051,4.84690680880219
892,2054,4,4.49891226985637,5.01115563112093
893,2054,5,5.23357058245387,7.86947715506696
894,2054,6,6.07764635168071,11.1447958802789
895,2054,7,6.76881902195917,14.0624025764029
896,2054,8,7.24369236390727,13.6944380780731
897,2054,9,7.52983131508068,12.5133018594828
898,2054,10,7.88963464816234,11.1885478124336
899,2054,11,7.34419122470094,8.80910854790645
900,2054,12,6.67140124338791,7.52871253646184
901,2055,1,5.93151835936734,6.60194625815284
902,2055,2,5.51012749350609,6.16197468281039
903,2055,3,5.14758031534647,5.71317784972092
904,2055,4,5.21890689513743,5.53561303759511
905,2055,5,5.73764663579221,7.34946463124445
906,2055,6,6.43415112943302,9.75673600486389
907,2055,7,7.00735347450589,13.1241951095894
908,2055,8,7.57437007409637,14.635382529345
909,2055,9,7.91812316570268,12.5985744555725
910,2055,10,8.37800285680903,11.002832053048
911,2055,11,8.06671238624986,9.53682130283788
912,2055,12,7.30246850349892,8.3347837827936
913,2056,1,6.35532152908426,7.15061689071899
914,2056,2,5.88520271938902,6.52362229913263
915,2056,3,5.43477989003732,5.89276246137815
916,2056,4,5.45336920986971,5.82005879562769
917,2056,5,6.04464558421622,7.97427667406349
918,2056,6,6.68564657238372,9.50718182235494
919,2056,7,7.29602386298624,13.6043158193948
920,2056,8,7.84243553166594,14.8397071696991
921,2056,9,8.32628354068831,13.6824632589443
922,2056,10,8.54710697596395,10.9930035251593
923,2056,11,7.74342976017659,9.01581538082859
924,2056,12,7.11007425022211,7.98443898562611
925,2057,1,6.1283910168912,6.91070071072965
926,2057,2,5.75509969627825,6.53617034312897
927,2057,3,5.23892086072588,5.91745419161408
928,2057,4,5.43446649179107,6.2999188797477
929,2057,5,6.08788497213541,8.70641903859114
930,2057,6,6.75217665872198,11.2015027205827
931,2057,7,7.38924686629433,14.0558065688286
932,2057,8,7.96889361258997,14.2910114692622
933,2057,9,8.31731943888073,12.8818792644523
934,2057,10,8.46432483790084,10.4723063927404
935,2057,11,8.01310971292229,9.34854952839815
936,2057,12,6.8554105501127,7.77334128759406
937,2058,1,5.12799627217215,5.68448993224698
938,2058,2,4.59088930456535,5.22343534621442
939,2058,3,4.45173110736104,4.95407000546956
940,2058,4,4.76792484892233,5.45861979941985
941,2058,5,5.46125377005306,7.48260752040098
942,2058,6,6.21544662274301,9.99248864365243
943,2058,7,6.84480818332306,12.7710497090826
944,2058,8,7.40038683682552,13.581362765529
945,2058,9,8.00761688559607,13.5435996929111
946,2058,10,8.30410441796654,11.1742093070061
947,2058,11,7.81181918099287,9.13196510327038
948,2058,12,7.31165487819023,8.13722389255261
949,2059,1,5.87862763256624,6.48866150654449
950,2059,2,4.77578198003706,5.16632129432643
951,2059,3,4.17087930910093,4.35715233649627
952,2059,4,4.25582185210546,4.48692042031921
953,2059,5,4.95182003069651,6.14265767951631
954,2059,6,5.68740826041963,8.22240061366807
955,2059,7,6.39692741360695,11.801068998515
956,2059,8,6.96037290928265,13.1431526856516
957,2059,9,7.57560004093906,12.9008520797105
958,2059,10,7.90376575587209,10.4267434103634
959,2059,11,7.35730331824889,8.38569500700588
960,2059,12,6.55188117094943,7.34281886629207
961,2060,1,5.63772568903224,6.36943298067513
962,2060,2,5.38409571401842,6.13714975851983
963,2060,3,5.32588789309463,6.08260677473188
964,2060,4,5.46399802654089,6.01605723869448
965,2060,5,6.04404386732983,8.21829515118075
966,2060,6,6.78892030502297,11.9557970330279
967,2060,7,7.35024177124834,13.9004587489152
968,2060,8,7.92676428003876,14.9129897523162
969,2060,9,8.3099277584867,13.3329330587322
970,2060,10,8.67449369491018,11.0327852404503
971,2060,11,7.70627976787684,8.78831319223233
972,2060,12,6.07564976425723,6.87773864473438
973,2061,1,4.96718359087546,5.69020095993156
974,2061,2,5.03303858316887,5.75304520730177
975,2061,3,5.11069001125242,5.85295474707551
976,2061,4,5.32726247770596,6.16137827407575
977,2061,5,5.9301707870838,8.30833889453981
978,2061,6,6.61396597417919,10.9794880598513
979,2061,7,7.23726022708789,13.9247924115612
980,2061,8,7.78956622722394,14.8170772375376
981,2061,9,8.16209370037519,13.6991258154834
982,2061,10,8.36513366000106,11.2676260991703
983,2061,11,7.73437494304188,9.22064625199186
984,2061,12,6.81419973980361,7.51586011096761
985,2062,1,5.65846278190426,6.14324504746527
986,2062,2,5.47883680219465,5.96260744090813
987,2062,3,5.37188077520718,5.89213969028344
988,2062,4,5.20745798320913,5.71177008588293
989,2062,5,5.79943828191089,7.71089256486421
990,2062,6,6.53485753225949,11.2587246300162
991,2062,7,7.23508120892955,14.659730816417
992,2062,8,7.81369460368976,14.6256882051751
993,2062,9,8.15226630633646,13.1636845544813
994,2062,10,8.54623046026945,11.4407794720721
995,2062,11,7.83833229939804,9.07732517198078
996,2062,12,7.0264926673657,7.74830929380891
997,2063,1,6.30320751910571,6.86857674142645
998,2063,2,5.90624399763934,6.33833465646245
999,2063,3,5.61656599926166,6.04507997015117
1000,2063,4,5.50368101829341,5.88640289994611
1001,2063,5,6.14379826083217,8.187438494982
1002,2063,6,6.76723401837363,10.6112919278907
1003,2063,7,7.40476382741511,13.8292500911109
1004,2063,8,7.89445589269533,13.7531367311083
1005,2063,9,8.35822868395261,13.0989305006735
1006,2063,10,8.69489311623666,11.2112614399656
1007,2063,11,7.83120681257917,8.69864509976663
1008,2063,12,6.64594821409784,7.20429481041036
1009,2064,1,5.95983435572264,6.56791014801804
1010,2064,2,5.69597827670764,6.33302080186842
1011,2064,3,5.50558382347097,6.23780927576152
1012,2064,4,5.7112063484249,6.40597994882034
1013,2064,5,6.29989331495545,8.55884787904972
1014,2064,6,6.95342885139248,10.5542679246563
1015,2064,7,7.53080112440315,14.0177999109748
1016,2064,8,8.05497160657459,14.7897754364707
1017,2064,9,8.56064570014214,13.8617368354149
1018,2064,10,8.84624400287491,11.7465643181735
1019,2064,11,7.94323569831518,9.22468379786402
1020,2064,12,6.28686691919785,7.11911042523304
1021,2065,1,5.08442008755073,5.64430023147913
1022,2065,2,4.85188210408551,5.15283523389181
1023,2065,3,4.57548391721734,4.94180031116096
1024,2065,4,4.62273922320069,4.91939413717071
1025,2065,5,5.21996428374438,6.56629869007299
1026,2065,6,5.96345658063911,10.0512686147011
1027,2065,7,6.65857863553226,13.8620684833707
1028,2065,8,7.20624116065577,14.3089690506098
1029,2065,9,7.61328131653709,12.6104707970523
1030,2065,10,7.73931714362255,9.80856614239712
1031,2065,11,7.01720442803463,8.11522386741599
1032,2065,12,6.26324614497377,6.93547810487621
1033,2066,1,5.36992147747675,5.93346217465171
1034,2066,2,4.98539936668013,5.24679141700548
1035,2066,3,4.39220165279393,4.62243031144091
1036,2066,4,4.48493353498569,4.76710825663743
1037,2066,5,5.1487989890026,7.03025709803689
1038,2066,6,5.96086596052992,10.056940653172
1039,2066,7,6.55517352713063,12.3829916240378
1040,2066,8,7.11823396584438,13.3804920730392
1041,2066,9,7.51804413622036,12.5671924285143
1042,2066,10,7.82252417150067,10.1936771777003
1043,2066,11,7.36393071742429,8.64102736834902
1044,2066,12,6.74405424672481,7.3465753287389
1045,2067,1,5.89263636390953,6.37080988399765
1046,2067,2,5.59485157165065,6.09681684643877
1047,2067,3,5.00900411053003,5.34149856582312
1048,2067,4,5.00924910181674,5.27020642246223
1049,2067,5,5.59358541767817,7.31658046140377
1050,2067,6,6.30795446211189,9.68231385350932
1051,2067,7,6.89033906071384,12.5163347691504
1052,2067,8,7.3775486623195,13.6649578337532
1053,2067,9,7.66121597274217,11.8462951851968
1054,2067,10,7.89687545832994,10.0892881038406
1055,2067,11,7.36582122024444,8.5583595460826
1056,2067,12,6.55642533855384,7.2423061511041
1057,2068,1,5.75803107500305,6.24262159467575
1058,2068,2,4.72125733405048,5.19878654688225
1059,2068,3,4.42174594007887,4.81546535138773
1060,2068,4,4.65637594834351,5.09611431148624
1061,2068,5,5.28643140805021,7.25227866644248
1062,2068,6,5.95656942847853,10.0866544684347
1063,2068,7,6.56002228375494,12.7630493888353
1064,2068,8,7.01806391212173,13.1522701530751
1065,2068,9,7.35131953851145,12.0495549860957
1066,2068,10,7.75291663431764,10.7361385018842
1067,2068,11,7.45276512563552,8.95547451068005
1068,2068,12,6.67163895245226,7.70147395243544
1069,2069,1,5.55630350561254,6.20928230437968
1070,2069,2,5.13338182803904,5.75239079110525
1071,2069,3,5.03715818649245,5.59039584976847
1072,2069,4,5.20497865507245,5.84950083541162
1073,2069,5,5.80297178388838,7.9144255342293
1074,2069,6,6.52434594904265,10.1983607473198
1075,2069,7,7.1777694050281,13.9269302176045
1076,2069,8,7.83729703528936,14.9402075500995
1077,2069,9,8.33382316531218,13.3113903985994
1078,2069,10,8.40993107784402,10.3721447279478
1079,2069,11,7.83180401415345,9.08713887477814
1080,2069,12,7.01924012738722,8.04471015526988
1081,2070,1,5.75437789255453,6.44735165191402
1082,2070,2,5.21554502968944,5.69242390230303
1083,2070,3,4.89198797483064,5.12558690756522
1084,2070,4,4.86119455336956,5.00670239666957
1085,2070,5,5.45164628732007,7.076390758061
1086,2070,6,6.2104465743072,10.4496588058423
1087,2070,7,6.84250253244895,13.8221903335791
1088,2070,8,7.47382111691219,14.8694287674271
1089,2070,9,8.03574123620721,14.0246863214009
1090,2070,10,8.18970394638063,10.9680141335663
1091,2070,11,7.47482514901663,8.58380484828296
1092,2070,12,7.0004807640543,7.6678503464333
1093,2071,1,5.96057568172122,6.41903389252574
1094,2071,2,5.19085877443656,5.53246577686389
1095,2071,3,4.8317934203839,4.92817862050188
1096,2071,4,4.75520925273322,4.84910764852668
1097,2071,5,5.33776943355278,6.37335377225637
1098,2071,6,6.06320175889401,8.44033147217963
1099,2071,7,6.78473097042813,13.0959350554256
1100,2071,8,7.35973631522683,14.1028295904326
1101,2071,9,7.76505113717289,12.816609428417
1102,2071,10,8.12137539243478,10.6789632169366
1103,2071,11,7.78021293793831,8.99520826944313
1104,2071,12,7.1306930519699,7.77581127465349
1105,2072,1,5.88499167436959,6.33901873868632
1106,2072,2,5.66953108867657,6.06597198904977
1107,2072,3,5.4417300338627,5.82111011361746
1108,2072,4,5.45887017182982,5.67141219507909
1109,2072,5,6.00982746218906,7.70630266817897
1110,2072,6,6.76290679741291,10.6852904949339
1111,2072,7,7.47949866651507,14.6688602059934
1112,2072,8,8.12970639547325,15.2675034741891
1113,2072,9,8.54165882077056,13.6831574688172
1114,2072,10,8.94556860523661,11.5336488461233
1115,2072,11,8.30639636985863,9.39475448965149
1116,2072,12,7.2044087514816,7.93541075831419
1117,2073,1,5.60282869720848,6.18212261630196
1118,2073,2,4.95847844015379,5.58094397138987
1119,2073,3,5.11685966274787,5.87089075052227
1120,2073,4,5.20280230620624,5.51245957106084
1121,2073,5,5.76070392261509,7.45531331219352
1122,2073,6,6.44496885787541,9.44382311965677
1123,2073,7,7.06494215265335,13.0791030221121
1124,2073,8,7.563285564768,13.3268636822869
1125,2073,9,7.92052052721227,12.2682426326256
1126,2073,10,8.00863625412673,9.86980687833053
1127,2073,11,7.40252159813933,8.22200793448013
1128,2073,12,6.83273071471922,7.45279475528535
1129,2074,1,5.84715575141908,6.22189666646801
1130,2074,2,4.95591303101386,5.14228181020696
1131,2074,3,4.39811646693458,4.59970944760243
1132,2074,4,4.64101457900416,5.01070477591051
1133,2074,5,5.32664728917709,7.09386734707958
1134,2074,6,6.13202431420707,9.98109649396565
1135,2074,7,6.76648786526437,12.8278935675731
1136,2074,8,7.28084686374719,13.4716921039145
1137,2074,9,7.64251754840687,12.0858894359897
1138,2074,10,7.88820162446438,10.0978885513874
1139,2074,11,7.43843375424736,8.49639523097297
1140,2074,12,6.9292216350979,7.5611385901922
1141,2075,1,5.78224315882066,6.3170690027609
1142,2075,2,5.4609044336417,5.87738957602267
1143,2075,3,5.30053504236794,5.64044209515668
1144,2075,4,5.30194406224578,5.66136545546912
1145,2075,5,5.85299270141963,7.43693489015412
1146,2075,6,6.55912725913706,10.0983089856344
1147,2075,7,7.16193280572603,13.4633491721656
1148,2075,8,7.69680155451534,14.3314405311822
1149,2075,9,8.1573207005863,13.7076311087862
1150,2075,10,8.28574167793558,10.7878996852026
1151,2075,11,7.53519472995756,8.57178020793993
1152,2075,12,6.63140617702061,7.23197450597777
1153,2076,1,5.69776610613072,6.07386252700544
1154,2076,2,5.48831019272897,5.92576415745796
1155,2076,3,5.30820314124055,5.72776738763351
1156,2076,4,5.41427634867785,5.91185359033258
1157,2076,5,6.03762452609051,8.18277505116545
1158,2076,6,6.70869659550503,11.4945228096489
1159,2076,7,7.25853721847448,13.5558008862973
1160,2076,8,7.89931589461513,14.7479411035776
1161,2076,9,8.29908982496588,13.1894558045223
1162,2076,10,8.59167017820416,11.0299271650505
1163,2076,11,7.82891182884366,8.96700693189818
1164,2076,12,6.47556173710343,7.02543818463714
1165,2077,1,4.99873691861873,5.56943585156112
1166,2077,2,4.70188409502776,5.23456421960033
1167,2077,3,4.22320857171188,4.67191242062132
1168,2077,4,4.42101741725006,5.11578352833429
1169,2077,5,5.15972340081989,6.86605334577403
1170,2077,6,5.93672093992471,9.42558427753485
1171,2077,7,6.64071016063051,12.5498860224682
1172,2077,8,7.36298011536657,15.254347888323
1173,2077,9,7.86532651354193,13.0007727382866
1174,2077,10,8.1910724283039,11.1692356645178
1175,2077,11,7.6633919294941,9.07960869275118
1176,2077,12,6.88703236683793,7.81743746279558
1177,2078,1,5.48945522155126,6.09773347239116
1178,2078,2,4.46771497752112,4.89774487138878
1179,2078,3,4.03133119984102,4.3008514239628
1180,2078,4,4.25374792780521,4.75897368563626
1181,2078,5,5.01608709198421,6.92819773399384
1182,2078,6,5.84622242829117,10.3299873654181
1183,2078,7,6.58852071714843,14.255317595321
1184,2078,8,7.15995743970271,14.3580519854996
1185,2078,9,7.58635034013722,12.4268986646583
1186,2078,10,7.93257537835288,10.1880640456755
1187,2078,11,7.69772499936852,8.9845235500197
1188,2078,12,6.99516057105922,7.73489384258442
1189,2079,1,5.75295803349487,6.2940056662572
1190,2079,2,5.52822468914604,5.99997336544052
1191,2079,3,5.28270318788685,5.62698922521682
1192,2079,4,5.16027636249759,5.50038914373259
1193,2079,5,5.77154762788268,7.55953968123172
1194,2079,6,6.45412942379838,9.4337204394394
1195,2079,7,7.02303151805572,12.5125360537699
1196,2079,8,7.54884873903353,13.3096772621188
1197,2079,9,7.95323276448314,12.3976354420888
1198,2079,10,8.25956616430481,10.4585173932233
1199,2079,11,7.51558196826571,8.52298693654801
1200,2079,12,6.56172540315085,7.18204748282572
1201,2080,1,5.60856265438782,6.11974059861782
1202,2080,2,5.52869386476204,6.20959343647776
1203,2080,3,5.41061591091251,6.10040286412811
1204,2080,4,5.3097975588693,5.71408889821592
1205,2080,5,5.87246542281334,7.27388032544768
1206,2080,6,6.58364034395672,10.5018726316554
1207,2080,7,7.16640421397456,12.9598338264381
1208,2080,8,7.72701109447244,14.4306608999576
1209,2080,9,8.14583478948777,12.6774681473159
1210,2080,10,8.46263191963751,10.5352320032443
1211,2080,11,7.85145889094734,9.03212076174823
1212,2080,12,7.28959253717622,8.15640369754841
1213,2081,1,5.71415958171332,6.30134584706034
1214,2081,2,4.66303910748339,5.04540833924422
1215,2081,3,4.31784376188226,4.61670741702126
1216,2081,4,4.56077220193571,4.82779499271585
1217,2081,5,5.2708219468793,7.05591046475051
1218,2081,6,6.1063120835843,10.2457401823532
1219,2081,7,6.85882012299519,13.7848772666203
1220,2081,8,7.4429842727713,14.311812974346
1221,2081,9,7.79000465407936,12.6394686741956
1222,2081,10,8.07061500607318,10.5759834487026
1223,2081,11,7.62220399058573,8.93427243650197
1224,2081,12,7.09989725966335,7.86693196188546
1225,2082,1,6.08788766673581,6.70643833513492
1226,2082,2,5.78794412911778,6.42065132276992
1227,2082,3,5.77883984889459,6.34966458143615
1228,2082,4,5.86940177095395,6.51810103233421
1229,2082,5,6.47787305721728,9.1772886021099
1230,2082,6,7.11848101761992,12.3674374301755
1231,2082,7,7.61442411794055,14.6204362239707
1232,2082,8,8.1283060600956,15.1060376956774
1233,2082,9,8.5281429023373,13.6128986282158
1234,2082,10,8.80421008747891,11.015522807711
1235,2082,11,8.08555687029107,9.20600204631642
1236,2082,12,7.42721638811942,8.21065797077147
1237,2083,1,6.41315577505129,6.99649315340893
1238,2083,2,6.09616943804828,6.76049927150081
1239,2083,3,5.98116200313706,6.61808021132957
1240,2083,4,5.96204614958676,6.45035325352589
1241,2083,5,6.42814024790287,9.25585993243698
1242,2083,6,7.06623465240862,11.9796745857871
1243,2083,7,7.64477076427491,15.4261403954375
1244,2083,8,8.3006797361203,16.4152503733505
1245,2083,9,8.62278226402402,13.681520887174
1246,2083,10,8.69649859579967,10.6965044332716
1247,2083,11,7.81363400408816,8.68745506335479
1248,2083,12,6.93578000595739,7.54638214587275
1249,2084,1,5.85834878761441,6.22985189136871
1250,2084,2,5.2352023600535,5.54900648769906
1251,2084,3,5.06741843492563,5.37070967992375
1252,2084,4,5.20201336305979,5.57552930746844
1253,2084,5,5.83392267846626,7.89584572630549
1254,2084,6,6.57432133005038,10.8387022642994
1255,2084,7,7.21233557451392,14.3913022781779
1256,2084,8,7.80632363118992,15.2436617398076
1257,2084,9,8.27660464136902,14.2184008077899
1258,2084,10,8.62414318090064,11.2327599830168
1259,2084,11,7.9310993112221,9.19755789180181
1260,2084,12,7.23585725108923,8.21569239626786
1261,2085,1,6.29083695997487,6.9730977969214
1262,2085,2,5.59082322175058,6.21478596467112
1263,2085,3,5.15500305468534,5.82825709937725
1264,2085,4,5.26983390278519,5.63839749028637
1265,2085,5,5.81208602531052,7.28951226593211
1266,2085,6,6.52696908128751,10.2853657001052
1267,2085,7,7.16077825169909,13.3930394268085
1268,2085,8,7.86631965183984,15.2103648356884
1269,2085,9,8.41088988856898,13.0956222685186
1270,2085,10,9.04617923349567,11.4612393280258
1271,2085,11,8.48012374534804,9.80449061977564
1272,2085,12,7.28412613597263,8.23908115428154
1273,2086,1,6.22194120456485,7.02193804990738
1274,2086,2,5.59150060173593,6.45222745331147
1275,2086,3,5.26685479697212,6.02896910229949
1276,2086,4,5.48349681855086,6.24905488306523
1277,2086,5,6.14919454344041,8.61837880921987
1278,2086,6,6.85093805998285,11.2920212127777
1279,2086,7,7.41257100447697,13.1759964708055
1280,2086,8,7.91578421496169,14.1100007366237
1281,2086,9,8.35318595577763,12.6397052511026
1282,2086,10,8.68104866220692,10.6000180052525
1283,2086,11,8.13743083318834,9.11407163354339
1284,2086,12,7.6082839771443,8.28682779025445
1285,2087,1,6.29338845428311,6.71154674889548
1286,2087,2,5.50449715080962,5.91966460974903
1287,2087,3,4.78889587975949,5.17970765748442
1288,2087,4,4.94550830411807,5.51791970638151
1289,2087,5,5.69764835165037,7.56461417570448
1290,2087,6,6.46903649443689,10.5090119354356
1291,2087,7,7.1919713126942,14.1588692094086
1292,2087,8,7.87362517520103,14.8787214978912
1293,2087,9,8.39571446878879,13.5798354184186
1294,2087,10,8.75248891110163,11.5205019860671
1295,2087,11,8.21295999317187,9.43749807839593
1296,2087,12,7.32196362434119,8.21886384709897
1297,2088,1,5.93782054257837,6.64474444377449
1298,2088,2,5.65889059315797,6.36001335693016
1299,2088,3,5.54131210179388,6.13852194371022
1300,2088,4,5.46397990842722,5.9489538055177
1301,2088,5,6.03618053446718,8.32360848992011
1302,2088,6,6.7521197181681,10.9638994456937
1303,2088,7,7.5081081988299,15.4532344904452
1304,2088,8,8.22144397859499,16.7314916845371
1305,2088,9,8.73018349598647,14.6978425424872
1306,2088,10,9.19430055121122,11.9431761862077
1307,2088,11,8.5564386640632,9.872067177133
1308,2088,12,7.58400833119946,8.42380345542208
1309,2089,1,6.4446282558726,7.22558995873135
1310,2089,2,6.24080003230577,6.97258629276945
1311,2089,3,6.12678826498448,6.89266196480606
1312,2089,4,6.18869865864635,6.89079003385691
1313,2089,5,6.74673799056724,9.72871217377865
1314,2089,6,7.44323630888385,13.3236791902898
1315,2089,7,8.06413998276475,15.9093094310433
1316,2089,8,8.69470235037311,16.6394034361708
1317,2089,9,9.04525918449204,14.7213169021958
1318,2089,10,9.48100816912725,12.2749843466188
1319,2089,11,8.65314961263446,10.2962391611266
1320,2089,12,7.7480590309893,8.75310076913004
1321,2090,1,6.49681662721736,7.30017727743912
1322,2090,2,6.31320370211356,7.18732508373004
1323,2090,3,6.12372998888264,6.91510408490786
1324,2090,4,6.09109042011987,6.71632782442989
1325,2090,5,6.71436707125995,9.60322435707886
1326,2090,6,7.34799726394546,12.2316534915459
1327,2090,7,7.92753677580608,15.26208840906
1328,2090,8,8.42078974657747,14.8033968606503
1329,2090,9,8.92499776684621,14.3576894404666
1330,2090,10,9.03439050593447,11.3375800902307
1331,2090,11,8.4672688833665,9.69482253645256
1332,2090,12,7.73121939688366,8.61048776241184
1333,2091,1,6.2653331336176,7.01435872782329
1334,2091,2,5.54791188243707,6.16861144732707
1335,2091,3,5.33984432371417,5.83862055138512
1336,2091,4,5.05701079278433,5.32514526076251
1337,2091,5,5.67756164260157,7.08848888629083
1338,2091,6,6.47597127896685,10.4410925107381
1339,2091,7,7.16343322438634,14.0474966677723
1340,2091,8,7.70523483444508,14.9069790621514
1341,2091,9,8.08001692518546,12.9499620083371
1342,2091,10,8.34799754102995,10.4121635380372
1343,2091,11,7.86184070361333,8.93545128502717
1344,2091,12,7.52030743841931,8.26856426113089
1345,2092,1,6.47092285395695,7.06190278066101
1346,2092,2,6.217025770201,6.84151476666377
1347,2092,3,6.01835383139643,6.74456613013531
1348,2092,4,6.02000584001607,6.5164567367638
1349,2092,5,6.51480982498232,8.71738064521744
1350,2092,6,7.09499387599262,10.5809196519468
1351,2092,7,7.7140120935655,13.9299334561211
1352,2092,8,8.2049222786475,14.8267028197932
1353,2092,9,8.65352126738541,13.5034788368666
1354,2092,10,8.80422269165008,10.9249930415894
1355,2092,11,8.31641717242223,9.50372058980581
1356,2092,12,7.58593311883763,8.3419282459859
1357,2093,1,6.19325369363782,6.76177519392198
1358,2093,2,5.87587175848856,6.38054647665745
1359,2093,3,5.65317846501447,6.18962857001089
1360,2093,4,5.74262922171874,6.13882024758152
1361,2093,5,6.25488739764794,8.04439420837407
1362,2093,6,6.88235663874528,10.98664842972
1363,2093,7,7.44910850757066,13.8758270190617
1364,2093,8,8.03149344124041,15.1338578789207
1365,2093,9,8.43030179059781,13.3614710888524
1366,2093,10,8.54030137773717,10.7887278842314
1367,2093,11,8.14796892318769,9.48064543881011
1368,2093,12,7.81657686916024,8.92281070457744
1369,2094,1,6.47598818884244,7.06458984251632
1370,2094,2,5.59098103332069,5.98103303153857
1371,2094,3,5.22010247622629,5.52500892833696
1372,2094,4,5.280750686465,5.58195052765998
1373,2094,5,5.89549433902004,7.94553303738755
1374,2094,6,6.58733097150035,11.6371483837
1375,2094,7,7.14435645236214,13.6092017456673
1376,2094,8,7.60912012560473,13.9485541381666
1377,2094,9,8.02506287288872,13.4175584037429
1378,2094,10,8.42041730734211,11.0133863354997
1379,2094,11,7.93182957595284,9.06666260624799
1380,2094,12,7.46030306886487,8.40161859353831
1381,2095,1,6.4691342499012,7.25192431215665
1382,2095,2,5.80445544702378,6.52858378808393
1383,2095,3,5.67295352803463,6.35845648088878
1384,2095,4,5.75977013007761,6.36968401553525
1385,2095,5,6.31198832700844,8.95368252553421
1386,2095,6,7.08910162288211,12.9217733865094
1387,2095,7,7.69668763886366,14.4532053907522
1388,2095,8,8.21862341608482,14.8742898646611
1389,2095,9,8.50360562413104,12.9872717088992
1390,2095,10,8.62193763792197,10.5703080269207
1391,2095,11,7.81210739753523,8.96008330447512
1392,2095,12,6.87177412008308,7.78044096364971
1393,2096,1,6.10533198312918,6.84517479982108
1394,2096,2,5.14334815259918,5.72586069370159
1395,2096,3,4.87792531658764,5.41873117470167
1396,2096,4,4.94532182439187,5.3754992406585
1397,2096,5,5.56512082192159,7.60540283580054
1398,2096,6,6.37208829724076,10.3204075116262
1399,2096,7,6.94756033168929,12.8706447782979
1400,2096,8,7.46182153797322,13.6308242990431
1401,2096,9,7.91916256872595,13.1055246311586
1402,2096,10,8.0457796979951,10.284504176992
1403,2096,11,7.30292485523985,8.29182703247719
1404,2096,12,6.60668627172833,7.39341169257031
1405,2097,1,5.64968926233635,6.22299786879641
1406,2097,2,4.80759711877287,5.36596265848486
1407,2097,3,4.6072188230362,5.13285411400776
1408,2097,4,4.65890353308044,5.11386799636533
1409,2097,5,5.36453026691181,7.67464160445826
1410,2097,6,6.27827958124751,11.4229948064654
1411,2097,7,6.91972689113362,14.0541038386014
1412,2097,8,7.47905080373174,14.1781241232559
1413,2097,9,7.88259294522737,12.657379781878
1414,2097,10,8.21130888877888,10.3924214338246
1415,2097,11,7.82170078910243,9.06552068475453
1416,2097,12,7.54508750846576,8.41035477334819
1417,2098,1,6.36890870302631,6.99325692648427
1418,2098,2,5.93416342326685,6.74742740923469
1419,2098,3,5.90587159635106,6.81814696380654
1420,2098,4,6.00168443104674,6.70474682268684
1421,2098,5,6.5371079672692,8.89947512537478
1422,2098,6,7.25672692223835,11.7538047295594
1423,2098,7,7.87976116039335,14.3918368866118
1424,2098,8,8.41042806898959,14.6537506139425
1425,2098,9,8.67947647656251,12.8166670147859
1426,2098,10,8.74457133047722,10.5742692231636
1427,2098,11,7.8087360391761,8.72947175192716
1428,2098,12,6.83541338365347,7.42407882936263
1429,2099,1,5.46679430443776,5.89439677190317
1430,2099,2,4.67759879643385,4.82875386226815
1431,2099,3,3.93562615088101,4.06745014265327
1432,2099,4,3.98864600370331,4.40967858540461
1433,2099,5,4.7444568065153,6.04897481310055
1434,2099,6,5.6141943396049,8.78224711661095
1435,2099,7,6.37658908395582,12.7593904387785
1436,2099,8,7.01115883106176,14.5393018200291
1437,2099,9,7.55797521675816,13.2474025994926
1438,2099,10,8.07456479475369,11.0607746737536
1439,2099,11,7.79438518981557,9.4899992455153
1440,2099,12,6.9187706890813,7.77304944298691
