"Group","Year","Value","Scale","Stdev","Node"
"arrowtooth_flounder_adult",1991,0.0722343239524809,1,0.00722343239524809,35
"atka_mackerel",1991,0.0120307164702324,1,0.00120307164702324,57
"big_skate",1991,NA,1,NA,30
"deep_water_flatfish",1991,0.0427255302020283,1,0.00427255302020283,42
"demersal_shelf_rockfish",1991,0.000810158070273333,1,8.10158070273333e-05,46
"flathead_sole_adult",1991,0.00524775417538091,1,0.000524775417538091,39
"gelatinous_carnivores",1991,NA,1,NA,71
"infauna",1991,NA,1,NA,70
"king_crab",1991,0.000209497140380544,1,2.09497140380544e-05,64
"large_sculpins",1991,NA,1,NA,55
"lingcod",1991,0.000139909490120076,1,1.39909490120076e-05,56
"longnose_skate",1991,NA,1,NA,31
"motile_epifauna",1991,0.00288942831784435,1,0.000288942831784435,67
"octopus",1991,0.000289554720870302,1,2.89554720870302e-05,62
"other_skates",1991,NA,1,NA,32
"pacific_cod_adult",1991,0.274596859040163,1,0.0274596859040163,51
"pacific_dogfish",1991,NA,1,NA,27
"pacific_halibut_adult",1991,0.0063102534146331,1,0.00063102534146331,33
"pacific_herring_adult",1991,0.0101132435191358,1,0.00101132435191358,21
"pacific_ocean_perch_adult",1991,0.0186850904506131,1,0.00186850904506131,43
"pacific_sleeper_shark",1991,NA,1,NA,29
"pelagic_shelf_rockfish",1991,0.00410394898815432,1,0.000410394898815432,47
"rex_sole_adult",1991,NA,1,NA,37
"sablefish_adult",1991,0.0558122239307574,1,0.00558122239307574,49
"salmon_returning",1991,0.358304262763432,1,0.0358304262763432,18
"salmon_shark",1991,NA,1,NA,28
"shallow_water_flatfish",1991,0.0222156247204699,1,0.00222156247204699,41
"shelf_demersal_fish",1991,0.00255173394357858,1,0.000255173394357858,58
"shelf_forage_fish",1991,NA,1,NA,25
"slope_demersal_fish",1991,0.000305969654826659,1,3.0596965482666e-05,59
"slope_rockfish",1991,0.0354388782164596,1,0.00354388782164596,45
"squid",1991,0.000111278821224267,1,1.11278821224267e-05,61
"tanner_crab",1991,0.00475209440087916,1,0.000475209440087916,63
"thornyheads",1991,0.0054497825522109,1,0.00054497825522109,48
"walleye_pollock_adult",1991,0.374103948988154,1,0.0374103948988154,53
"arrowtooth_flounder_adult",1992,0.0872439717339172,1,0.00872439717339172,35
"atka_mackerel",1992,0.0532347616209976,1,0.00532347616209976,57
"big_skate",1992,NA,1,NA,30
"deep_water_flatfish",1992,0.0357339768027295,1,0.00357339768027295,42
"demersal_shelf_rockfish",1992,0.000904037585882294,1,9.04037585882294e-05,46
"flathead_sole_adult",1992,0.00980189036883064,1,0.000980189036883063,39
"gelatinous_carnivores",1992,NA,1,NA,71
"infauna",1992,NA,1,NA,70
"king_crab",1992,0.000116144931784009,1,1.16144931784009e-05,64
"large_sculpins",1992,NA,1,NA,55
"lingcod",1992,0.000104529279351192,1,1.04529279351192e-05,56
"longnose_skate",1992,NA,1,NA,31
"motile_epifauna",1992,0.00335684433549574,1,0.000335684433549574,67
"octopus",1992,0.000429303848548999,1,4.29303848548999e-05,62
"other_skates",1992,NA,1,NA,32
"pacific_cod_adult",1992,0.336358292619553,1,0.0336358292619553,51
"pacific_dogfish",1992,NA,1,NA,27
"pacific_halibut_adult",1992,0.00408084416411877,1,0.000408084416411877,33
"pacific_herring_adult",1992,0.0131715663624414,1,0.00131715663624414,21
"pacific_ocean_perch_adult",1992,0.0183461615460304,1,0.00183461615460304,43
"pacific_sleeper_shark",1992,NA,1,NA,29
"pelagic_shelf_rockfish",1992,0.0100952851526394,1,0.00100952851526394,47
"rex_sole_adult",1992,NA,1,NA,37
"sablefish_adult",1992,0.0535664419067253,1,0.00535664419067253,49
"salmon_returning",1992,0.350199796794585,1,0.0350199796794585,18
"salmon_shark",1992,NA,1,NA,28
"shallow_water_flatfish",1992,0.0354979575667997,1,0.00354979575667997,41
"shelf_demersal_fish",1992,0.00178962387818664,1,0.000178962387818664,58
"shelf_forage_fish",1992,0.000677212629733909,1,6.77212629733909e-05,25
"slope_demersal_fish",1992,0.00161114238434376,1,0.000161114238434376,59
"slope_rockfish",1992,0.0421418500739024,1,0.00421418500739024,45
"squid",1992,0.000142087617530423,1,1.42087617530423e-05,61
"tanner_crab",1992,0.00544706089502447,1,0.000544706089502447,63
"thornyheads",1992,0.0053844843228876,1,0.00053844843228876,48
"walleye_pollock_adult",1992,0.385848174162687,1,0.0385848174162687,53
"arrowtooth_flounder_adult",1993,0.0779253223381281,1,0.00779253223381281,35
"atka_mackerel",1993,0.0287756580511056,1,0.00287756580511056,57
"big_skate",1993,NA,1,NA,30
"deep_water_flatfish",1993,0.0280666101572184,1,0.00280666101572184,42
"demersal_shelf_rockfish",1993,0.000366274934084142,1,3.66274934084142e-05,46
"flathead_sole_adult",1993,0.0120258211262986,1,0.00120258211262986,39
"gelatinous_carnivores",1993,NA,1,NA,71
"infauna",1993,NA,1,NA,70
"king_crab",1993,NA,1,NA,64
"large_sculpins",1993,NA,1,NA,55
"lingcod",1993,2.14422006994109e-05,1,2.14422006994109e-06,56
"longnose_skate",1993,NA,1,NA,31
"motile_epifauna",1993,0.00320048899812156,1,0.000320048899812156,67
"octopus",1993,0.000288922931383615,1,2.88922931383615e-05,62
"other_skates",1993,NA,1,NA,32
"pacific_cod_adult",1993,0.19529482171837,1,0.019529482171837,51
"pacific_dogfish",1993,NA,1,NA,27
"pacific_halibut_adult",1993,0.0052386302638764,1,0.000523863026387641,33
"pacific_herring_adult",1993,0.0198621319249475,1,0.00198621319249475,21
"pacific_ocean_perch_adult",1993,0.00688762144916918,1,0.000688762144916918,43
"pacific_sleeper_shark",1993,NA,1,NA,29
"pelagic_shelf_rockfish",1993,0.0089988882688941,1,0.00089988882688941,47
"rex_sole_adult",1993,NA,1,NA,37
"sablefish_adult",1993,0.0540719600969464,1,0.00540719600969464,49
"salmon_returning",1993,0.461481228629896,1,0.0461481228629896,18
"salmon_shark",1993,NA,1,NA,28
"shallow_water_flatfish",1993,0.0381245820359587,1,0.00381245820359587,41
"shelf_demersal_fish",1993,0.00111413659358774,1,0.000111413659358774,58
"shelf_forage_fish",1993,0.000102809729989905,1,1.02809729989905e-05,25
"slope_demersal_fish",1993,0.00109742605199153,1,0.000109742605199153,59
"slope_rockfish",1993,0.0346406893584758,1,0.00346406893584758,45
"squid",1993,0.000159214985709357,1,1.59214985709357e-05,61
"tanner_crab",1993,0.00365761476840639,1,0.000365761476840639,63
"thornyheads",1993,0.0040849941857741,1,0.00040849941857741,48
"walleye_pollock_adult",1993,0.461007117634781,1,0.0461007117634781,53
"arrowtooth_flounder_adult",1994,0.0936803411012527,1,0.00936803411012527,35
"atka_mackerel",1994,0.0178941736732704,1,0.00178941736732704,57
"big_skate",1994,NA,1,NA,30
"deep_water_flatfish",1994,0.0119508964130699,1,0.00119508964130699,42
"demersal_shelf_rockfish",1994,0.000145845490673811,1,1.45845490673811e-05,46
"flathead_sole_adult",1994,0.0106966422312997,1,0.00106966422312997,39
"gelatinous_carnivores",1994,NA,1,NA,71
"infauna",1994,0.000906131017723805,1,9.06131017723805e-05,70
"king_crab",1994,0.000649064186924168,1,6.49064186924168e-05,64
"large_sculpins",1994,NA,1,NA,55
"lingcod",1994,4.96003042139294e-05,1,4.96003042139294e-06,56
"longnose_skate",1994,NA,1,NA,31
"motile_epifauna",1994,0.00342806072739586,1,0.000342806072739586,67
"octopus",1994,9.78848633848591e-05,1,9.78848633848591e-06,62
"other_skates",1994,NA,1,NA,32
"pacific_cod_adult",1994,0.19427854614536,1,0.019427854614536,51
"pacific_dogfish",1994,NA,1,NA,27
"pacific_halibut_adult",1994,0.00546698834718383,1,0.000546698834718383,33
"pacific_herring_adult",1994,0.0160769111355418,1,0.00160769111355418,21
"pacific_ocean_perch_adult",1994,0.00457509296372179,1,0.000457509296372179,43
"pacific_sleeper_shark",1994,NA,1,NA,29
"pelagic_shelf_rockfish",1994,0.00711818851722331,1,0.000711818851722331,47
"rex_sole_adult",1994,0.0151533635190336,1,0.00151533635190336,37
"sablefish_adult",1994,0.0422130690167782,1,0.00422130690167782,49
"salmon_returning",1994,0.329443638335206,1,0.0329443638335206,18
"salmon_shark",1994,NA,1,NA,28
"shallow_water_flatfish",1994,0.0153208898960255,1,0.00153208898960255,41
"shelf_demersal_fish",1994,0.000587413512533597,1,5.87413512533597e-05,58
"shelf_forage_fish",1994,5.90211161609923e-05,1,5.90211161609923e-06,25
"slope_demersal_fish",1994,0.000411124927439312,1,4.11124927439312e-05,59
"slope_rockfish",1994,0.0324286000281128,1,0.00324286000281128,45
"squid",1994,6.93827294745047e-05,1,6.93827294745047e-06,61
"tanner_crab",1994,0.00494207175869045,1,0.000494207175869045,63
"thornyheads",1994,0.00381506928086757,1,0.000381506928086757,48
"walleye_pollock_adult",1994,0.427707065242855,1,0.0427707065242855,53
"arrowtooth_flounder_adult",1995,0.0741813868100133,1,0.00741813868100133,35
"atka_mackerel",1995,0.00383212280709975,1,0.000383212280709975,57
"big_skate",1995,NA,1,NA,30
"deep_water_flatfish",1995,0.00844753779246834,1,0.000844753779246834,42
"demersal_shelf_rockfish",1995,0.000213060497765889,1,2.13060497765889e-05,46
"flathead_sole_adult",1995,0.00916019576690279,1,0.000916019576690279,39
"gelatinous_carnivores",1995,NA,1,NA,71
"infauna",1995,NA,1,NA,70
"king_crab",1995,0.000341858002121234,1,3.41858002121234e-05,64
"large_sculpins",1995,NA,1,NA,55
"lingcod",1995,0.000178367501041449,1,1.78367501041449e-05,56
"longnose_skate",1995,NA,1,NA,31
"motile_epifauna",1995,0.00120360532566054,1,0.000120360532566054,67
"octopus",1995,0.00023493874236377,1,2.3493874236377e-05,62
"other_skates",1995,NA,1,NA,32
"pacific_cod_adult",1995,0.289251051033144,1,0.0289251051033144,51
"pacific_dogfish",1995,NA,1,NA,27
"pacific_halibut_adult",1995,0.0120492029792945,1,0.00120492029792945,33
"pacific_herring_adult",1995,0.0179480860928658,1,0.00179480860928658,21
"pacific_ocean_perch_adult",1995,0.0171149512925471,1,0.00171149512925471,43
"pacific_sleeper_shark",1995,NA,1,NA,29
"pelagic_shelf_rockfish",1995,0.00800011926617228,1,0.000800011926617228,47
"rex_sole_adult",1995,0.0163867035255933,1,0.00163867035255933,37
"sablefish_adult",1995,0.0401230997278175,1,0.00401230997278175,49
"salmon_returning",1995,0.645589261573657,1,0.0645589261573657,18
"salmon_shark",1995,NA,1,NA,28
"shallow_water_flatfish",1995,0.02196009694636,1,0.002196009694636,41
"shelf_demersal_fish",1995,0.00144408140330283,1,0.000144408140330283,58
"shelf_forage_fish",1995,0.000122872427066606,1,1.22872427066606e-05,25
"slope_demersal_fish",1995,0.000833573763742232,1,8.33573763742232e-05,59
"slope_rockfish",1995,0.0332175031626834,1,0.00332175031626834,45
"squid",1995,5.64166751146872e-06,1,5.64166751146872e-07,61
"tanner_crab",1995,0.00330276933879686,1,0.000330276933879686,63
"thornyheads",1995,0.00320723775285493,1,0.000320723775285493,48
"walleye_pollock_adult",1995,0.294622075316587,1,0.0294622075316587,53
"arrowtooth_flounder_adult",1996,0.0918162534235781,1,0.00918162534235781,35
"atka_mackerel",1996,0.00697002890330495,1,0.000697002890330495,57
"big_skate",1996,NA,1,NA,30
"deep_water_flatfish",1996,0.00838513602732899,1,0.0008385136027329,42
"demersal_shelf_rockfish",1996,0.00019163518181702,1,1.9163518181702e-05,46
"flathead_sole_adult",1996,0.0125282724720896,1,0.00125282724720896,39
"gelatinous_carnivores",1996,NA,1,NA,71
"infauna",1996,NA,1,NA,70
"king_crab",1996,0.000906387983933143,1,9.06387983933143e-05,64
"large_sculpins",1996,NA,1,NA,55
"lingcod",1996,0.000170971506749187,1,1.70971506749187e-05,56
"longnose_skate",1996,NA,1,NA,31
"motile_epifauna",1996,0.00182657873258394,1,0.000182657873258394,67
"octopus",1996,0.000255776202701378,1,2.55776202701378e-05,62
"other_skates",1996,NA,1,NA,32
"pacific_cod_adult",1996,0.235941116586943,1,0.0235941116586943,51
"pacific_dogfish",1996,2.07891583641793e-06,1,2.07891583641793e-07,27
"pacific_halibut_adult",1996,0.0281957906449233,1,0.00281957906449234,33
"pacific_herring_adult",1996,0.0189577359132083,1,0.00189577359132083,21
"pacific_ocean_perch_adult",1996,0.0261165230503176,1,0.00261165230503176,43
"pacific_sleeper_shark",1996,NA,1,NA,29
"pelagic_shelf_rockfish",1996,0.00545216787565649,1,0.000545216787565649,47
"rex_sole_adult",1996,0.0245037036405999,1,0.00245037036405999,37
"sablefish_adult",1996,0.0353557752514173,1,0.00353557752514173,49
"salmon_returning",1996,0.245011416157499,1,0.0245011416157499,18
"salmon_shark",1996,NA,1,NA,28
"shallow_water_flatfish",1996,0.0336079720917156,1,0.00336079720917157,41
"shelf_demersal_fish",1996,0.00177493622203101,1,0.000177493622203101,58
"shelf_forage_fish",1996,2.29782026417457e-05,1,2.29782026417457e-06,25
"slope_demersal_fish",1996,0.00050696565240726,1,5.0696565240726e-05,59
"slope_rockfish",1996,0.0208536050330325,1,0.00208536050330325,45
"squid",1996,2.80247901554294e-05,1,2.80247901554294e-06,61
"tanner_crab",1996,0.00133804123926072,1,0.000133804123926072,63
"thornyheads",1996,0.00326354842419569,1,0.000326354842419569,48
"walleye_pollock_adult",1996,0.212233599836435,1,0.0212233599836435,53
"arrowtooth_flounder_adult",1997,0.0628629844655811,1,0.00628629844655811,35
"atka_mackerel",1997,0.00138169860586363,1,0.000138169860586363,57
"big_skate",1997,NA,1,NA,30
"deep_water_flatfish",1997,0.0113219377345391,1,0.00113219377345391,42
"demersal_shelf_rockfish",1997,0.000366573099514842,1,3.66573099514842e-05,46
"flathead_sole_adult",1997,0.00977974093683578,1,0.000977974093683578,39
"gelatinous_carnivores",1997,NA,1,NA,71
"infauna",1997,NA,1,NA,70
"king_crab",1997,0.000774939063079027,1,7.74939063079027e-05,64
"large_sculpins",1997,NA,1,NA,55
"lingcod",1997,0.000125838166691514,1,1.25838166691514e-05,56
"longnose_skate",1997,NA,1,NA,31
"motile_epifauna",1997,0.00174276326048158,1,0.000174276326048158,67
"octopus",1997,0.000133127896655862,1,1.33127896655862e-05,62
"other_skates",1997,NA,1,NA,32
"pacific_cod_adult",1997,0.250972573039881,1,0.0250972573039881,51
"pacific_dogfish",1997,NA,1,NA,27
"pacific_halibut_adult",1997,0.0502136056575102,1,0.00502136056575102,33
"pacific_herring_adult",1997,0.0136829043059348,1,0.00136829043059348,21
"pacific_ocean_perch_adult",1997,0.0341660951829245,1,0.00341660951829245,43
"pacific_sleeper_shark",1997,NA,1,NA,29
"pelagic_shelf_rockfish",1997,0.00816521772465701,1,0.000816521772465701,47
"rex_sole_adult",1997,0.0132138399873919,1,0.00132138399873919,37
"sablefish_adult",1997,0.0322910179793755,1,0.00322910179793755,49
"salmon_returning",1997,0.228264518346733,1,0.0228264518346733,18
"salmon_shark",1997,NA,1,NA,28
"shallow_water_flatfish",1997,0.0284113319901691,1,0.00284113319901691,41
"shelf_demersal_fish",1997,1.22551702141254e-05,1,1.22551702141254e-06,58
"shelf_forage_fish",1997,NA,1,NA,25
"slope_demersal_fish",1997,0.000189250895901929,1,1.89250895901929e-05,59
"slope_rockfish",1997,0.0205023235606064,1,0.00205023235606064,45
"squid",1997,1.74639752267122e-06,1,1.74639752267122e-07,61
"tanner_crab",1997,NA,1,NA,63
"thornyheads",1997,0.00361653369908293,1,0.000361653369908293,48
"walleye_pollock_adult",1997,0.358563737120318,1,0.0358563737120318,53
"arrowtooth_flounder_adult",1998,0.0527207169600757,1,0.00527207169600757,35
"atka_mackerel",1998,0.00134911338379428,1,0.000134911338379428,57
"big_skate",1998,NA,1,NA,30
"deep_water_flatfish",1998,0.0074733461402485,1,0.00074733461402485,42
"demersal_shelf_rockfish",1998,0.000115943757480758,1,1.15943757480758e-05,46
"flathead_sole_adult",1998,0.00678560627680826,1,0.000678560627680826,39
"gelatinous_carnivores",1998,NA,1,NA,71
"infauna",1998,NA,1,NA,70
"king_crab",1998,0.000605866788630526,1,6.05866788630526e-05,64
"large_sculpins",1998,NA,1,NA,55
"lingcod",1998,0.000106668089594452,1,1.06668089594452e-05,56
"longnose_skate",1998,NA,1,NA,31
"motile_epifauna",1998,0.000942850158240654,1,9.42850158240654e-05,67
"octopus",1998,2.47132086093138e-05,1,2.47132086093138e-06,62
"other_skates",1998,NA,1,NA,32
"pacific_cod_adult",1998,0.213907926515,1,0.0213907926515,51
"pacific_dogfish",1998,NA,1,NA,27
"pacific_halibut_adult",1998,0.0560280782186064,1,0.00560280782186064,33
"pacific_herring_adult",1998,0.00505926773977825,1,0.000505926773977825,21
"pacific_ocean_perch_adult",1998,0.0286257981249654,1,0.00286257981249654,43
"pacific_sleeper_shark",1998,NA,1,NA,29
"pelagic_shelf_rockfish",1998,0.00974749647525866,1,0.000974749647525866,47
"rex_sole_adult",1998,0.0111751551525116,1,0.00111751551525116,37
"sablefish_adult",1998,0.0308464916577572,1,0.00308464916577572,49
"salmon_returning",1998,0.358167359610732,1,0.0358167359610733,18
"salmon_shark",1998,NA,1,NA,28
"shallow_water_flatfish",1998,0.0135209929760744,1,0.00135209929760744,41
"shelf_demersal_fish",1998,NA,1,NA,58
"shelf_forage_fish",1998,NA,1,NA,25
"slope_demersal_fish",1998,0.000204010039102266,1,2.04010039102266e-05,59
"slope_rockfish",1998,0.0183523804250135,1,0.00183523804250135,45
"squid",1998,NA,1,NA,61
"tanner_crab",1998,NA,1,NA,63
"thornyheads",1998,0.0037398038071466,1,0.00037398038071466,48
"walleye_pollock_adult",1998,0.0231222180100439,1,0.00231222180100439,53
"arrowtooth_flounder_adult",1999,0.0623984853196121,1,0.00623984853196121,35
"atka_mackerel",1999,0.000610302041581299,1,6.10302041581299e-05,57
"big_skate",1999,NA,1,NA,30
"deep_water_flatfish",1999,0.00802260945865936,1,0.000802260945865936,42
"demersal_shelf_rockfish",1999,0.000256038914848212,1,2.56038914848212e-05,46
"flathead_sole_adult",1999,0.00341361082596085,1,0.000341361082596085,39
"gelatinous_carnivores",1999,NA,1,NA,71
"infauna",1999,0.000704999774672125,1,7.04999774672125e-05,70
"king_crab",1999,0.000679175621142485,1,6.79175621142485e-05,64
"large_sculpins",1999,NA,1,NA,55
"lingcod",1999,0.000109299579740085,1,1.09299579740085e-05,56
"longnose_skate",1999,NA,1,NA,31
"motile_epifauna",1999,0.00117359049533797,1,0.000117359049533797,67
"octopus",1999,4.26061821620401e-05,1,4.26061821620401e-06,62
"other_skates",1999,NA,1,NA,32
"pacific_cod_adult",1999,0.282254769582015,1,0.0282254769582015,51
"pacific_dogfish",1999,NA,1,NA,27
"pacific_halibut_adult",1999,0.0637149970379906,1,0.00637149970379906,33
"pacific_herring_adult",1999,0.00421129033645839,1,0.000421129033645839,21
"pacific_ocean_perch_adult",1999,0.0380537890436982,1,0.00380537890436982,43
"pacific_sleeper_shark",1999,NA,1,NA,29
"pelagic_shelf_rockfish",1999,0.015938305312882,1,0.0015938305312882,47
"rex_sole_adult",1999,0.0127202058193373,1,0.00127202058193373,37
"sablefish_adult",1999,0.0310616393135379,1,0.00310616393135379,49
"salmon_returning",1999,0.338843529685776,1,0.0338843529685776,18
"salmon_shark",1999,NA,1,NA,28
"shallow_water_flatfish",1999,0.00951143464426735,1,0.000951143464426735,41
"shelf_demersal_fish",1999,2.2257537579493e-06,1,2.2257537579493e-07,58
"shelf_forage_fish",1999,NA,1,NA,25
"slope_demersal_fish",1999,0.00510617566092628,1,0.000510617566092628,59
"slope_rockfish",1999,0.0276276680481665,1,0.00276276680481665,45
"squid",1999,NA,1,NA,61
"tanner_crab",1999,NA,1,NA,63
"thornyheads",1999,0.00367327032103898,1,0.000367327032103898,48
"walleye_pollock_adult",1999,0.385727672733624,1,0.0385727672733624,53
"arrowtooth_flounder_adult",2000,0.0979420196022473,1,0.00979420196022473,35
"atka_mackerel",2000,0.000715852604049087,1,7.15852604049087e-05,57
"big_skate",2000,NA,1,NA,30
"deep_water_flatfish",2000,0.00357347009187755,1,0.000357347009187755,42
"demersal_shelf_rockfish",2000,3.07536344236249e-05,1,3.07536344236249e-06,46
"flathead_sole_adult",2000,0.00610612985530457,1,0.000610612985530458,39
"gelatinous_carnivores",2000,NA,1,NA,71
"infauna",2000,NA,1,NA,70
"king_crab",2000,0.000350096382316234,1,3.50096382316234e-05,64
"large_sculpins",2000,NA,1,NA,55
"lingcod",2000,0.000121664878361283,1,1.21664878361283e-05,56
"longnose_skate",2000,NA,1,NA,31
"motile_epifauna",2000,NA,1,NA,67
"octopus",2000,4.85299330831583e-05,1,4.85299330831583e-06,62
"other_skates",2000,NA,1,NA,32
"pacific_cod_adult",2000,0.227393182234452,1,0.0227393182234452,51
"pacific_dogfish",2000,1.10321209358987e-05,1,1.10321209358987e-06,27
"pacific_halibut_adult",2000,0.0594629591921847,1,0.00594629591921847,33
"pacific_herring_adult",2000,0.0031372598162449,1,0.00031372598162449,21
"pacific_ocean_perch_adult",2000,0.0399622607754856,1,0.00399622607754857,43
"pacific_sleeper_shark",2000,NA,1,NA,29
"pelagic_shelf_rockfish",2000,0.013527084069873,1,0.0013527084069873,47
"rex_sole_adult",2000,0.0152141466718349,1,0.00152141466718349,37
"sablefish_adult",2000,0.0328358940064489,1,0.00328358940064489,49
"salmon_returning",2000,0.257589533155996,1,0.0257589533155996,18
"salmon_shark",2000,NA,1,NA,28
"shallow_water_flatfish",2000,0.0247311612691624,1,0.00247311612691624,41
"shelf_demersal_fish",2000,NA,1,NA,58
"shelf_forage_fish",2000,NA,1,NA,25
"slope_demersal_fish",2000,0.00710941393454843,1,0.000710941393454843,59
"slope_rockfish",2000,0.0195608449156404,1,0.00195608449156404,45
"squid",2000,NA,1,NA,61
"tanner_crab",2000,NA,1,NA,63
"thornyheads",2000,0.00378303779459809,1,0.000378303779459809,48
"walleye_pollock_adult",2000,0.0236523135507669,1,0.00236523135507669,53
"arrowtooth_flounder_adult",2001,0.0741844110593818,1,0.00741844110593818,35
"atka_mackerel",2001,0.000320698218248576,1,3.20698218248576e-05,57
"big_skate",2001,NA,1,NA,30
"deep_water_flatfish",2001,0.000859525746584941,1,8.59525746584941e-05,42
"demersal_shelf_rockfish",2001,9.46462267164745e-05,1,9.46462267164745e-06,46
"flathead_sole_adult",2001,0.0068514156468699,1,0.00068514156468699,39
"gelatinous_carnivores",2001,NA,1,NA,71
"infauna",2001,0.000502241721862767,1,5.02241721862767e-05,70
"king_crab",2001,0.000223527890224007,1,2.23527890224007e-05,64
"large_sculpins",2001,NA,1,NA,55
"lingcod",2001,0.000148157530747245,1,1.48157530747245e-05,56
"longnose_skate",2001,NA,1,NA,31
"motile_epifauna",2001,NA,1,NA,67
"octopus",2001,4.71407690538359e-05,1,4.71407690538359e-06,62
"other_skates",2001,NA,1,NA,32
"pacific_cod_adult",2001,0.172584157192815,1,0.0172584157192815,51
"pacific_dogfish",2001,8.79588020564896e-05,1,8.79588020564896e-06,27
"pacific_halibut_adult",2001,0.065397462092951,1,0.0065397462092951,33
"pacific_herring_adult",2001,0.00469013266231913,1,0.000469013266231913,21
"pacific_ocean_perch_adult",2001,0.0434090105593158,1,0.00434090105593158,43
"pacific_sleeper_shark",2001,NA,1,NA,29
"pelagic_shelf_rockfish",2001,0.0107301219496612,1,0.00107301219496612,47
"rex_sole_adult",2001,0.012321686423676,1,0.0012321686423676,37
"sablefish_adult",2001,0.030213230878012,1,0.0030213230878012,49
"salmon_returning",2001,0.294797698314087,1,0.0294797698314087,18
"salmon_shark",2001,NA,1,NA,28
"shallow_water_flatfish",2001,0.0228709071470254,1,0.00228709071470254,41
"shelf_demersal_fish",2001,NA,1,NA,58
"shelf_forage_fish",2001,NA,1,NA,25
"slope_demersal_fish",2001,0.00255685375837525,1,0.000255685375837525,59
"slope_rockfish",2001,0.0187515813416593,1,0.00187515813416593,45
"squid",2001,NA,1,NA,61
"tanner_crab",2001,0.00149038365073753,1,0.000149038365073753,63
"thornyheads",2001,0.00338485915942906,1,0.000338485915942906,48
"walleye_pollock_adult",2001,0.014705093091507,1,0.0014705093091507,53
"arrowtooth_flounder_adult",2002,0.0859294029450225,1,0.00859294029450225,35
"atka_mackerel",2002,0.00035387977117933,1,3.5387977117933e-05,57
"big_skate",2002,NA,1,NA,30
"deep_water_flatfish",2002,0.000855010670062913,1,8.55010670062913e-05,42
"demersal_shelf_rockfish",2002,5.70347873867504e-05,1,5.70347873867504e-06,46
"flathead_sole_adult",2002,0.00820683309977041,1,0.000820683309977041,39
"gelatinous_carnivores",2002,NA,1,NA,71
"infauna",2002,NA,1,NA,70
"king_crab",2002,0.000209732853911717,1,2.09732853911717e-05,64
"large_sculpins",2002,NA,1,NA,55
"lingcod",2002,8.8062179282614e-05,1,8.8062179282614e-06,56
"longnose_skate",2002,NA,1,NA,31
"motile_epifauna",2002,0.00106032435968974,1,0.000106032435968974,67
"octopus",2002,8.00113226618506e-05,1,8.00113226618506e-06,62
"other_skates",2002,0.00407149155126955,1,0.000407149155126955,32
"pacific_cod_adult",2002,0.177059109166883,1,0.0177059109166883,51
"pacific_dogfish",2002,2.38532344559972e-06,1,2.38532344559972e-07,27
"pacific_halibut_adult",2002,0.069801962131031,1,0.0069801962131031,33
"pacific_herring_adult",2002,0.00485696952323348,1,0.000485696952323348,21
"pacific_ocean_perch_adult",2002,0.0458626138885458,1,0.00458626138885458,43
"pacific_sleeper_shark",2002,9.20053329017034e-06,1,9.20053329017034e-07,29
"pelagic_shelf_rockfish",2002,0.0121042386345727,1,0.00121042386345727,47
"rex_sole_adult",2002,0.0127030826046028,1,0.00127030826046028,37
"sablefish_adult",2002,0.0340854201363894,1,0.00340854201363894,49
"salmon_returning",2002,0.268817614588383,1,0.0268817614588383,18
"salmon_shark",2002,NA,1,NA,28
"shallow_water_flatfish",2002,0.0257460738002037,1,0.00257460738002037,41
"shelf_demersal_fish",2002,0.000272267633290597,1,2.72267633290597e-05,58
"shelf_forage_fish",2002,NA,1,NA,25
"slope_demersal_fish",2002,0.00262411136052886,1,0.000262411136052886,59
"slope_rockfish",2002,0.0204314027831613,1,0.00204314027831613,45
"squid",2002,NA,1,NA,61
"tanner_crab",2002,0.000697800852327181,1,6.97800852327181e-05,63
"thornyheads",2002,0.00370721858507725,1,0.000370721858507725,48
"walleye_pollock_adult",2002,0.00723276923273516,1,0.000723276923273516,53
"arrowtooth_flounder_adult",2003,0.128508329464282,1,0.0128508329464282,35
"atka_mackerel",2003,0.00247540774122647,1,0.000247540774122647,57
"big_skate",2003,NA,1,NA,30
"deep_water_flatfish",2003,0.00383021608474714,1,0.000383021608474714,42
"demersal_shelf_rockfish",2003,0.000479151847134843,1,4.79151847134843e-05,46
"flathead_sole_adult",2003,0.0101883212860301,1,0.00101883212860301,39
"gelatinous_carnivores",2003,NA,1,NA,71
"infauna",2003,NA,1,NA,70
"king_crab",2003,0.000156067457713753,1,1.56067457713753e-05,64
"large_sculpins",2003,NA,1,NA,55
"lingcod",2003,0.000107440920777445,1,1.07440920777445e-05,56
"longnose_skate",2003,0.000101981096311694,1,1.01981096311694e-05,31
"motile_epifauna",2003,0.0014694650430849,1,0.00014694650430849,67
"octopus",2003,0.000953585457577448,1,9.53585457577449e-05,62
"other_skates",2003,0.0185540424843144,1,0.00185540424843144,32
"pacific_cod_adult",2003,0.223052255621483,1,0.0223052255621483,51
"pacific_dogfish",2003,0.00128544654532754,1,0.000128544654532754,27
"pacific_halibut_adult",2003,0.0683688472141978,1,0.00683688472141978,33
"pacific_herring_adult",2003,0.00595426612542542,1,0.000595426612542542,21
"pacific_ocean_perch_adult",2003,0.0436181736089518,1,0.00436181736089518,43
"pacific_sleeper_shark",2003,0.0011160843211838,1,0.00011160843211838,29
"pelagic_shelf_rockfish",2003,0.0102572486145957,1,0.00102572486145957,47
"rex_sole_adult",2003,0.0148988282098574,1,0.00148988282098574,37
"sablefish_adult",2003,0.0388124326465589,1,0.00388124326465589,49
"salmon_returning",2003,0.278488889531412,1,0.0278488889531412,18
"salmon_shark",2003,0.000146765544002828,1,1.46765544002828e-05,28
"shallow_water_flatfish",2003,0.0183676124190162,1,0.00183676124190162,41
"shelf_demersal_fish",2003,0.00302954393467622,1,0.000302954393467622,58
"shelf_forage_fish",2003,NA,1,NA,25
"slope_demersal_fish",2003,NA,1,NA,59
"slope_rockfish",2003,0.0294461023388949,1,0.00294461023388949,45
"squid",2003,0.000272842666621232,1,2.72842666621232e-05,61
"tanner_crab",2003,0.000987919739829364,1,9.87919739829364e-05,63
"thornyheads",2003,0.00438978314854176,1,0.000438978314854176,48
"walleye_pollock_adult",2003,0.206969731949278,1,0.0206969731949278,53
"arrowtooth_flounder_adult",2004,0.0665969868253474,1,0.00665969868253474,35
"atka_mackerel",2004,0.00349454144286511,1,0.000349454144286511,57
"big_skate",2004,0.00488598579880649,1,0.000488598579880649,30
"deep_water_flatfish",2004,0.00250814630551734,1,0.000250814630551734,42
"demersal_shelf_rockfish",2004,0.000405560359331939,1,4.05560359331939e-05,46
"flathead_sole_adult",2004,0.00996357696288693,1,0.000996357696288693,39
"gelatinous_carnivores",2004,NA,1,NA,71
"infauna",2004,NA,1,NA,70
"king_crab",2004,NA,1,NA,64
"large_sculpins",2004,NA,1,NA,55
"lingcod",2004,0.000177992677908923,1,1.77992677908923e-05,56
"longnose_skate",2004,0.00185771545646998,1,0.000185771545646998,31
"motile_epifauna",2004,0.00119076473597451,1,0.000119076473597451,67
"octopus",2004,0.00127012381506928,1,0.000127012381506928,62
"other_skates",2004,0.0047530040167143,1,0.00047530040167143,32
"pacific_cod_adult",2004,0.240450153129247,1,0.0240450153129247,51
"pacific_dogfish",2004,0.000482648901686339,1,4.82648901686339e-05,27
"pacific_halibut_adult",2004,0.0654494021086686,1,0.00654494021086686,33
"pacific_herring_adult",2004,0.0084588921450447,1,0.00084588921450447,21
"pacific_ocean_perch_adult",2004,0.0458442724550516,1,0.00458442724550516,43
"pacific_sleeper_shark",2004,0.00116206569010389,1,0.000116206569010389,29
"pelagic_shelf_rockfish",2004,0.0099721982033403,1,0.00099721982033403,47
"rex_sole_adult",2004,0.00624842291784691,1,0.000624842291784691,37
"sablefish_adult",2004,0.0403920066107535,1,0.00403920066107535,49
"salmon_returning",2004,0.358272507141488,1,0.0358272507141488,18
"salmon_shark",2004,0.000171645319441664,1,1.71645319441664e-05,28
"shallow_water_flatfish",2004,0.0122809612853486,1,0.00122809612853486,41
"shelf_demersal_fish",2004,0.0028139192142063,1,0.00028139192142063,58
"shelf_forage_fish",2004,NA,1,NA,25
"slope_demersal_fish",2004,NA,1,NA,59
"slope_rockfish",2004,0.025434179981173,1,0.0025434179981173,45
"squid",2004,0.000660099928014346,1,6.60099928014346e-05,61
"tanner_crab",2004,0.00109397729299865,1,0.000109397729299865,63
"thornyheads",2004,0.00291831119100052,1,0.000291831119100052,48
"walleye_pollock_adult",2004,0.265939881330158,1,0.0265939881330158,53
"arrowtooth_flounder_adult",2005,0.0848645817803883,1,0.00848645817803883,35
"atka_mackerel",2005,0.00340915964203111,1,0.000340915964203111,57
"big_skate",2005,0.00356696582598213,1,0.000356696582598213,30
"deep_water_flatfish",2005,0.00159520635177557,1,0.000159520635177557,42
"demersal_shelf_rockfish",2005,0.000314879732843774,1,3.14879732843774e-05,46
"flathead_sole_adult",2005,0.0104812603026805,1,0.00104812603026805,39
"gelatinous_carnivores",2005,NA,1,NA,71
"infauna",2005,NA,1,NA,70
"king_crab",2005,NA,1,NA,64
"large_sculpins",2005,NA,1,NA,55
"lingcod",2005,0.00017506171571204,1,1.7506171571204e-05,56
"longnose_skate",2005,0.00438617534683029,1,0.000438617534683029,31
"motile_epifauna",2005,0.00136391562642427,1,0.000136391562642427,67
"octopus",2005,0.000703081851948085,1,7.03081851948085e-05,62
"other_skates",2005,0.00284279014691037,1,0.000284279014691037,32
"pacific_cod_adult",2005,0.202427833317005,1,0.0202427833317005,51
"pacific_dogfish",2005,0.00131672835851411,1,0.000131672835851411,27
"pacific_halibut_adult",2005,0.0606617034076049,1,0.00606617034076049,33
"pacific_herring_adult",2005,0.00658379314134319,1,0.000658379314134319,21
"pacific_ocean_perch_adult",2005,0.0443066801834995,1,0.00443066801834995,43
"pacific_sleeper_shark",2005,0.00197515430061039,1,0.000197515430061039,29
"pelagic_shelf_rockfish",2005,0.00830397965659861,1,0.000830397965659861,47
"rex_sole_adult",2005,0.00928293343669735,1,0.000928293343669735,37
"sablefish_adult",2005,0.0367824968373167,1,0.00367824968373167,49
"salmon_returning",2005,0.457825911133497,1,0.0457825911133497,18
"salmon_shark",2005,0.000250165055863423,1,2.50165055863423e-05,28
"shallow_water_flatfish",2005,0.0196846176454302,1,0.00196846176454302,41
"shelf_demersal_fish",2005,0.00251402442400829,1,0.000251402442400829,58
"shelf_forage_fish",2005,NA,1,NA,25
"slope_demersal_fish",2005,NA,1,NA,59
"slope_rockfish",2005,0.023282895101142,1,0.0023282895101142,45
"squid",2005,0.00268347183827507,1,0.000268347183827507,61
"tanner_crab",2005,0.00485147662595999,1,0.000485147662595999,63
"thornyheads",2005,0.00247312464592855,1,0.000247312464592855,48
"walleye_pollock_adult",2005,0.333531224309854,1,0.0333531224309854,53
"arrowtooth_flounder_adult",2006,0.117659056349007,1,0.0117659056349007,35
"atka_mackerel",2006,0.00374047680911875,1,0.000374047680911875,57
"big_skate",2006,0.00572261244031367,1,0.000572261244031367,30
"deep_water_flatfish",2006,0.00137311996047178,1,0.000137311996047178,42
"demersal_shelf_rockfish",2006,0.000348346672686769,1,3.48346672686769e-05,46
"flathead_sole_adult",2006,0.0131345535398625,1,0.00131345535398625,39
"gelatinous_carnivores",2006,NA,1,NA,71
"infauna",2006,NA,1,NA,70
"king_crab",2006,NA,1,NA,64
"large_sculpins",2006,NA,1,NA,55
"lingcod",2006,0.000262621554728265,1,2.62621554728265e-05,56
"longnose_skate",2006,0.00314561973684771,1,0.000314561973684771,31
"motile_epifauna",2006,0.00083762533085714,1,8.3762533085714e-05,67
"octopus",2006,0.000764365078481401,1,7.64365078481401e-05,62
"other_skates",2006,0.00571700267071035,1,0.000571700267071035,32
"pacific_cod_adult",2006,0.203464171163995,1,0.0203464171163995,51
"pacific_dogfish",2006,0.00328523782952604,1,0.000328523782952604,27
"pacific_halibut_adult",2006,0.0563152217190174,1,0.00563152217190174,33
"pacific_herring_adult",2006,0.00568517597297769,1,0.000568517597297769,21
"pacific_ocean_perch_adult",2006,0.0525442882152243,1,0.00525442882152243,43
"pacific_sleeper_shark",2006,0.00100919201427787,1,0.000100919201427787,29
"pelagic_shelf_rockfish",2006,0.00943406497450685,1,0.000943406497450686,47
"rex_sole_adult",2006,0.0140332284074984,1,0.00140332284074984,37
"sablefish_adult",2006,0.0343802333357471,1,0.00343802333357471,49
"salmon_returning",2006,0.381434365403865,1,0.0381434365403865,18
"salmon_shark",2006,0.000137381851948085,1,1.37381851948085e-05,28
"shallow_water_flatfish",2006,0.0316710085232718,1,0.00316710085232718,41
"shelf_demersal_fish",2006,0.00271158031937777,1,0.000271158031937777,58
"shelf_forage_fish",2006,NA,1,NA,25
"slope_demersal_fish",2006,NA,1,NA,59
"slope_rockfish",2006,0.0263326248354766,1,0.00263326248354766,45
"squid",2006,0.00643462722931903,1,0.000643462722931903,61
"tanner_crab",2006,0.00493616153325183,1,0.000493616153325183,63
"thornyheads",2006,0.00254295073029233,1,0.000254295073029233,48
"walleye_pollock_adult",2006,0.293600552031998,1,0.0293600552031998,53
"arrowtooth_flounder_adult",2007,0.107965647082877,1,0.0107965647082877,35
"atka_mackerel",2007,0.00622776431300555,1,0.000622776431300555,57
"big_skate",2007,0.00675490801596464,1,0.000675490801596464,30
"deep_water_flatfish",2007,0.000991864343248044,1,9.91864343248044e-05,42
"demersal_shelf_rockfish",2007,0.000423369354557033,1,4.23369354557033e-05,46
"flathead_sole_adult",2007,0.0130555226627025,1,0.00130555226627025,39
"gelatinous_carnivores",2007,NA,1,NA,71
"infauna",2007,NA,1,NA,70
"king_crab",2007,NA,1,NA,64
"large_sculpins",2007,NA,1,NA,55
"lingcod",2007,0.000333778052255621,1,3.33778052255621e-05,56
"longnose_skate",2007,0.00448806699351277,1,0.000448806699351277,31
"motile_epifauna",2007,0.00217164977999651,1,0.000217164977999651,67
"octopus",2007,0.00119228053205491,1,0.000119228053205491,62
"other_skates",2007,0.00498128372996434,1,0.000498128372996434,32
"pacific_cod_adult",2007,0.220694290983903,1,0.0220694290983903,51
"pacific_dogfish",2007,0.00252029015755913,1,0.000252029015755913,27
"pacific_halibut_adult",2007,0.0538417465899843,1,0.00538417465899843,33
"pacific_herring_adult",2007,0.00695797094164903,1,0.000695797094164903,21
"pacific_ocean_perch_adult",2007,0.0498908160787838,1,0.00498908160787838,43
"pacific_sleeper_shark",2007,0.00124303038305739,1,0.000124303038305739,29
"pelagic_shelf_rockfish",2007,0.0128783314662498,1,0.00128783314662498,47
"rex_sole_adult",2007,0.0121375735297249,1,0.00121375735297249,37
"sablefish_adult",2007,0.0345211633563205,1,0.00345211633563205,49
"salmon_returning",2007,0.400424622045074,1,0.0400424622045074,18
"salmon_shark",2007,0.000595892132266185,1,5.95892132266185e-05,28
"shallow_water_flatfish",2007,0.0355816057486295,1,0.00355816057486295,41
"shelf_demersal_fish",2007,0.00370568516286222,1,0.000370568516286222,58
"shelf_forage_fish",2007,NA,1,NA,25
"slope_demersal_fish",2007,NA,1,NA,59
"slope_rockfish",2007,0.022663988857132,1,0.0022663988857132,45
"squid",2007,0.00174970289944584,1,0.000174970289944584,61
"tanner_crab",2007,NA,1,NA,63
"thornyheads",2007,0.00255740749417512,1,0.000255740749417512,48
"walleye_pollock_adult",2007,0.219672558983511,1,0.0219672558983511,53
"arrowtooth_flounder_adult",2008,0.124402881129962,1,0.0124402881129962,35
"atka_mackerel",2008,0.00899420281212596,1,0.000899420281212596,57
"big_skate",2008,0.0058473861540493,1,0.00058473861540493,30
"deep_water_flatfish",2008,0.00219422496155795,1,0.000219422496155795,42
"demersal_shelf_rockfish",2008,0.000607737818877279,1,6.07737818877279e-05,46
"flathead_sole_adult",2008,0.0140772418845759,1,0.00140772418845759,39
"gelatinous_carnivores",2008,NA,1,NA,71
"infauna",2008,NA,1,NA,70
"king_crab",2008,NA,1,NA,64
"large_sculpins",2008,NA,1,NA,55
"lingcod",2008,0.00118122027090459,1,0.000118122027090459,56
"longnose_skate",2008,0.00425537869139452,1,0.000425537869139452,31
"motile_epifauna",2008,0.00298460634027491,1,0.000298460634027491,67
"octopus",2008,0.00151252237297088,1,0.000151252237297088,62
"other_skates",2008,0.00555892387836554,1,0.000555892387836554,32
"pacific_cod_adult",2008,0.248697161891051,1,0.0248697161891051,51
"pacific_dogfish",2008,0.00194132104323824,1,0.000194132104323824,27
"pacific_halibut_adult",2008,0.0556283757520967,1,0.00556283757520967,33
"pacific_herring_adult",2008,0.00807074348827997,1,0.000807074348827997,21
"pacific_ocean_perch_adult",2008,0.0483912271211276,1,0.00483912271211276,43
"pacific_sleeper_shark",2008,0.000275670978706729,1,2.75670978706729e-05,29
"pelagic_shelf_rockfish",2008,0.0145391597698163,1,0.00145391597698163,47
"rex_sole_adult",2008,0.0115306152004736,1,0.00115306152004736,37
"sablefish_adult",2008,0.0305589409163902,1,0.00305589409163902,49
"salmon_returning",2008,0.332546105293288,1,0.0332546105293288,18
"salmon_shark",2008,3.07195583744021e-05,1,3.07195583744021e-06,28
"shallow_water_flatfish",2008,0.0377396675029497,1,0.00377396675029497,41
"shelf_demersal_fish",2008,0.00596591543176484,1,0.000596591543176484,58
"shelf_forage_fish",2008,NA,1,NA,25
"slope_demersal_fish",2008,NA,1,NA,59
"slope_rockfish",2008,0.0221465397901767,1,0.00221465397901767,45
"squid",2008,0.000356346025241834,1,3.56346025241834e-05,61
"tanner_crab",2008,0.00045643795092197,1,4.5643795092197e-05,63
"thornyheads",2008,0.0024268962256516,1,0.00024268962256516,48
"walleye_pollock_adult",2008,0.216324156937244,1,0.0216324156937244,53
"arrowtooth_flounder_adult",2009,0.105770957835149,1,0.0105770957835149,35
"atka_mackerel",2009,0.00947110138050594,1,0.000947110138050594,57
"big_skate",2009,0.0084426265818741,1,0.00084426265818741,30
"deep_water_flatfish",2009,0.00184128654123841,1,0.000184128654123841,42
"demersal_shelf_rockfish",2009,0.000518560798061072,1,5.18560798061072e-05,46
"flathead_sole_adult",2009,0.0154360541638802,1,0.00154360541638802,39
"gelatinous_carnivores",2009,NA,1,NA,71
"infauna",2009,NA,1,NA,70
"king_crab",2009,NA,1,NA,64
"large_sculpins",2009,NA,1,NA,55
"lingcod",2009,0.000309458987557982,1,3.09458987557982e-05,56
"longnose_skate",2009,0.00500227883579177,1,0.000500227883579177,31
"motile_epifauna",2009,0.00364303724086229,1,0.000364303724086229,67
"octopus",2009,0.00143556450361845,1,0.000143556450361845,62
"other_skates",2009,0.00610859184986093,1,0.000610859184986093,32
"pacific_cod_adult",2009,0.220595478960169,1,0.022059547896017,51
"pacific_dogfish",2009,0.00565460942458331,1,0.000565460942458331,27
"pacific_halibut_adult",2009,NA,1,NA,33
"pacific_herring_adult",2009,0.00891466546264626,1,0.000891466546264626,21
"pacific_ocean_perch_adult",2009,0.0504242979268983,1,0.00504242979268983,43
"pacific_sleeper_shark",2009,0.000235201410748438,1,2.35201410748438e-05,29
"pelagic_shelf_rockfish",2009,0.0122155565683714,1,0.00122155565683714,47
"rex_sole_adult",2009,0.0202398442724551,1,0.00202398442724551,37
"sablefish_adult",2009,0.027217771511571,1,0.0027217771511571,49
"salmon_returning",2009,0.361385391885641,1,0.0361385391885641,18
"salmon_shark",2009,3.88211390771354e-05,1,3.88211390771354e-06,28
"shallow_water_flatfish",2009,0.0357387687471514,1,0.00357387687471514,41
"shelf_demersal_fish",2009,0.00447197031976112,1,0.000447197031976112,58
"shelf_forage_fish",2009,NA,1,NA,25
"slope_demersal_fish",2009,NA,1,NA,59
"slope_rockfish",2009,0.0216429937513044,1,0.00216429937513044,45
"squid",2009,0.00143190966439351,1,0.000143190966439351,61
"tanner_crab",2009,NA,1,NA,63
"thornyheads",2009,0.00217602835127295,1,0.000217602835127295,48
"walleye_pollock_adult",2009,0.176980363676636,1,0.0176980363676636,53
"arrowtooth_flounder_adult",2010,0.103674022106117,1,0.0103674022106117,35
"atka_mackerel",2010,0.0102944181160511,1,0.00102944181160511,57
"big_skate",2010,0.0101519190407788,1,0.00101519190407788,30
"deep_water_flatfish",2010,0.00229679009758103,1,0.000229679009758103,42
"demersal_shelf_rockfish",2010,0.000764815499212418,1,7.64815499212418e-05,46
"flathead_sole_adult",2010,0.0166214869406281,1,0.00166214869406281,39
"gelatinous_carnivores",2010,NA,1,NA,71
"infauna",2010,0.000475352993367949,1,4.75352993367949e-05,70
"king_crab",2010,NA,1,NA,64
"large_sculpins",2010,0.00204050757371246,1,0.000204050757371246,55
"lingcod",2010,0.000250231139085655,1,2.50231139085655e-05,56
"longnose_skate",2010,0.00414931073564738,1,0.000414931073564738,31
"motile_epifauna",2010,0.00261450908723043,1,0.000261450908723043,67
"octopus",2010,0.0015070421348074,1,0.000150704213480741,62
"other_skates",2010,0.00599730433086438,1,0.000599730433086438,32
"pacific_cod_adult",2010,0.32778669458099,1,0.032778669458099,51
"pacific_dogfish",2010,0.00149843095417751,1,0.000149843095417751,27
"pacific_halibut_adult",2010,NA,1,NA,33
"pacific_herring_adult",2010,0.0104035208396339,1,0.00104035208396339,21
"pacific_ocean_perch_adult",2010,0.058311374262078,1,0.0058311374262078,43
"pacific_sleeper_shark",2010,0.000689473688236948,1,6.89473688236948e-05,29
"pelagic_shelf_rockfish",2010,0.0126092234563861,1,0.00126092234563861,47
"rex_sole_adult",2010,0.0156232979591663,1,0.00156232979591663,37
"sablefish_adult",2010,0.0249861585922686,1,0.00249861585922686,49
"salmon_returning",2010,0.246036708041948,1,0.0246036708041948,18
"salmon_shark",2010,0.000457170314754503,1,4.57170314754503e-05,28
"shallow_water_flatfish",2010,0.0248092728858184,1,0.00248092728858184,41
"shelf_demersal_fish",2010,0.00108499885870963,1,0.000108499885870963,58
"shelf_forage_fish",2010,NA,1,NA,25
"slope_demersal_fish",2010,NA,1,NA,59
"slope_rockfish",2010,0.0213302903681393,1,0.00213302903681393,45
"squid",2010,0.000549992099605996,1,5.49992099605996e-05,61
"tanner_crab",2010,NA,1,NA,63
"thornyheads",2010,0.00177803919974699,1,0.000177803919974699,48
"walleye_pollock_adult",2010,0.312832547315923,1,0.0312832547315923,53
"arrowtooth_flounder_adult",2011,0.131669095099641,1,0.0131669095099641,35
"atka_mackerel",2011,0.00687714603840542,1,0.000687714603840542,57
"big_skate",2011,0.00945318392747467,1,0.000945318392747467,30
"deep_water_flatfish",2011,0.00195619651773573,1,0.000195619651773573,42
"demersal_shelf_rockfish",2011,0.000854815892926665,1,8.54815892926665e-05,46
"flathead_sole_adult",2011,0.0116336831996997,1,0.00116336831996997,39
"gelatinous_carnivores",2011,NA,1,NA,71
"infauna",2011,0.000446082012957418,1,4.46082012957418e-05,70
"king_crab",2011,NA,1,NA,64
"large_sculpins",2011,0.00229264026467677,1,0.000229264026467677,55
"lingcod",2011,0.000367601008208068,1,3.67601008208068e-05,56
"longnose_skate",2011,0.00412372894508858,1,0.000412372894508858,31
"motile_epifauna",2011,0.00118123186366173,1,0.000118123186366173,67
"octopus",2011,0.00411404016842427,1,0.000411404016842427,62
"other_skates",2011,0.0055479069102982,1,0.00055479069102982,32
"pacific_cod_adult",2011,0.356565285329013,1,0.0356565285329013,51
"pacific_dogfish",2011,0.00109609507530722,1,0.000109609507530722,27
"pacific_halibut_adult",2011,NA,1,NA,33
"pacific_herring_adult",2011,0.00926315049261189,1,0.000926315049261189,21
"pacific_ocean_perch_adult",2011,0.0526037492509935,1,0.00526037492509935,43
"pacific_sleeper_shark",2011,9.1740613429371e-05,1,9.1740613429371e-06,29
"pelagic_shelf_rockfish",2011,0.0104382339145347,1,0.00104382339145347,47
"rex_sole_adult",2011,0.0122524512930493,1,0.00122524512930493,37
"sablefish_adult",2011,0.0269049620327462,1,0.00269049620327462,49
"salmon_returning",2011,0.329832436150429,1,0.0329832436150429,18
"salmon_shark",2011,2.82056758089867e-05,1,2.82056758089867e-06,28
"shallow_water_flatfish",2011,0.017008795536386,1,0.0017008795536386,41
"shelf_demersal_fish",2011,0.000934590056857593,1,9.34590056857593e-05,58
"shelf_forage_fish",2011,NA,1,NA,25
"slope_demersal_fish",2011,NA,1,NA,59
"slope_rockfish",2011,0.0198442218886582,1,0.00198442218886582,45
"squid",2011,0.000973240989714145,1,9.73240989714145e-05,61
"tanner_crab",2011,0.00681576228122112,1,0.000681576228122112,63
"thornyheads",2011,0.0019676200861106,1,0.00019676200861106,48
"walleye_pollock_adult",2011,0.330940114036153,1,0.0330940114036153,53
"arrowtooth_flounder_adult",2012,0.0884354825863163,1,0.00884354825863163,35
"atka_mackerel",2012,0.0050590998000098,1,0.00050590998000098,57
"big_skate",2012,0.00837940299237506,1,0.000837940299237506,30
"deep_water_flatfish",2012,0.00109900535922588,1,0.000109900535922588,42
"demersal_shelf_rockfish",2012,0.000700259042451942,1,7.00259042451942e-05,46
"flathead_sole_adult",2012,0.00923049641509356,1,0.000923049641509356,39
"gelatinous_carnivores",2012,NA,1,NA,71
"infauna",2012,0.000424400234783979,1,4.24400234783979e-05,70
"king_crab",2012,NA,1,NA,64
"large_sculpins",2012,0.00251469085222069,1,0.000251469085222069,55
"lingcod",2012,0.00053473734034732,1,5.3473734034732e-05,56
"longnose_skate",2012,0.00358132522552126,1,0.000358132522552126,31
"motile_epifauna",2012,0.000700353127201632,1,7.00353127201632e-05,67
"octopus",2012,0.00184549435781683,1,0.000184549435781683,62
"other_skates",2012,0.00468241996035849,1,0.000468241996035849,32
"pacific_cod_adult",2012,0.327432965721143,1,0.0327432965721143,51
"pacific_dogfish",2012,0.000905261004970844,1,9.05261004970844e-05,27
"pacific_halibut_adult",2012,NA,1,NA,33
"pacific_herring_adult",2012,0.0113015371279854,1,0.00113015371279854,21
"pacific_ocean_perch_adult",2012,0.0563637913725547,1,0.00563637913725547,43
"pacific_sleeper_shark",2012,0.000610753112584711,1,6.10753112584711e-05,29
"pelagic_shelf_rockfish",2012,0.0170856331898398,1,0.00170856331898398,47
"rex_sole_adult",2012,0.0104068189540813,1,0.00104068189540813,37
"sablefish_adult",2012,0.0284559890784112,1,0.00284559890784112,49
"salmon_returning",2012,0.275214150768628,1,0.0275214150768628,18
"salmon_shark",2012,0.000212169525730399,1,2.12169525730399e-05,28
"shallow_water_flatfish",2012,0.0170891897611342,1,0.00170891897611342,41
"shelf_demersal_fish",2012,0.00084944732729023,1,8.4944732729023e-05,58
"shelf_forage_fish",2012,NA,1,NA,25
"slope_demersal_fish",2012,NA,1,NA,59
"slope_rockfish",2012,0.0285813842453249,1,0.00285813842453249,45
"squid",2012,7.01698814421836e-05,1,7.01698814421836e-06,61
"tanner_crab",2012,0.00498244059479744,1,0.000498244059479744,63
"thornyheads",2012,0.00220186761237386,1,0.000220186761237386,48
"walleye_pollock_adult",2012,0.421412926349107,1,0.0421412926349107,53
"arrowtooth_flounder_adult",2013,0.0928969004229835,1,0.00928969004229835,35
"atka_mackerel",2013,0.00543938035219216,1,0.000543938035219216,57
"big_skate",2013,0.0104018729552007,1,0.00104018729552007,30
"deep_water_flatfish",2013,0.000990436113643199,1,9.90436113643199e-05,42
"demersal_shelf_rockfish",2013,0.000799396153481934,1,7.99396153481934e-05,46
"flathead_sole_adult",2013,0.0120049665933867,1,0.00120049665933867,39
"gelatinous_carnivores",2013,NA,1,NA,71
"infauna",2013,NA,1,NA,70
"king_crab",2013,0.000244914060629811,1,2.44914060629811e-05,64
"large_sculpins",2013,0.00414694933001972,1,0.000414694933001972,55
"lingcod",2013,0.000577188956472106,1,5.77188956472106e-05,56
"longnose_skate",2013,0.00576631786723886,1,0.000576631786723886,31
"motile_epifauna",2013,0.000489188603478313,1,4.89188603478313e-05,67
"octopus",2013,0.00182523697520925,1,0.000182523697520925,62
"other_skates",2013,0.00724184312534789,1,0.00072418431253479,32
"pacific_cod_adult",2013,0.284661865948269,1,0.0284661865948269,51
"pacific_dogfish",2013,0.00620152747411839,1,0.000620152747411839,27
"pacific_halibut_adult",2013,0.0601241842202028,1,0.00601241842202028,33
"pacific_herring_adult",2013,0.0104756163249833,1,0.00104756163249833,21
"pacific_ocean_perch_adult",2013,0.0496002525212515,1,0.00496002525212515,43
"pacific_sleeper_shark",2013,0.000190836478458399,1,1.90836478458399e-05,29
"pelagic_shelf_rockfish",2013,0.0135507355140841,1,0.00135507355140841,47
"rex_sole_adult",2013,0.015758590155311,1,0.0015758590155311,37
"sablefish_adult",2013,0.0278801584651032,1,0.00278801584651032,49
"salmon_returning",2013,0.432251525101696,1,0.0432251525101696,18
"salmon_shark",2013,1.27959367731685e-05,1,1.27959367731685e-06,28
"shallow_water_flatfish",2013,0.0234950335265376,1,0.00234950335265376,41
"shelf_demersal_fish",2013,0.00322421990256934,1,0.000322421990256934,58
"shelf_forage_fish",2013,NA,1,NA,25
"slope_demersal_fish",2013,NA,1,NA,59
"slope_rockfish",2013,0.0264775749568525,1,0.00264775749568525,45
"squid",2013,0.0013562896185953,1,0.00013562896185953,61
"tanner_crab",2013,0.000663270755508606,1,6.63270755508606e-05,63
"thornyheads",2013,0.00345690384399133,1,0.000345690384399133,48
"walleye_pollock_adult",2013,0.386748810967755,1,0.0386748810967755,53
"arrowtooth_flounder_adult",2014,0.155576338776229,1,0.0155576338776229,35
"atka_mackerel",2014,0.00443722257259476,1,0.000443722257259476,57
"big_skate",2014,0.00662471532442528,1,0.000662471532442528,30
"deep_water_flatfish",2014,0.00146282675999046,1,0.000146282675999046,42
"demersal_shelf_rockfish",2014,0.000655965073953971,1,6.55965073953971e-05,46
"flathead_sole_adult",2014,0.0108845285508496,1,0.00108845285508496,39
"gelatinous_carnivores",2014,NA,1,NA,71
"infauna",2014,NA,1,NA,70
"king_crab",2014,NA,1,NA,64
"large_sculpins",2014,0.00366340354552645,1,0.000366340354552645,55
"lingcod",2014,0.000528212713262825,1,5.28212713262825e-05,56
"longnose_skate",2014,0.00518953775809029,1,0.000518953775809029,31
"motile_epifauna",2014,0.000859826838040798,1,8.59826838040798e-05,67
"octopus",2014,0.00562701848765383,1,0.000562701848765383,62
"other_skates",2014,0.00709241358743914,1,0.000709241358743914,32
"pacific_cod_adult",2014,0.355633530092817,1,0.0355633530092817,51
"pacific_dogfish",2014,0.00346890518162023,1,0.000346890518162024,27
"pacific_halibut_adult",2014,0.0368024352619895,1,0.00368024352619895,33
"pacific_herring_adult",2014,0.00640544302697545,1,0.000640544302697545,21
"pacific_ocean_perch_adult",2014,0.0674730843730066,1,0.00674730843730066,43
"pacific_sleeper_shark",2014,0.000338647592187214,1,3.38647592187214e-05,29
"pelagic_shelf_rockfish",2014,0.0126704791367225,1,0.00126704791367225,47
"rex_sole_adult",2014,0.0152309910364474,1,0.00152309910364474,37
"sablefish_adult",2014,0.0252610321524319,1,0.00252610321524319,49
"salmon_returning",2014,0.205211088273154,1,0.0205211088273154,18
"salmon_shark",2014,0.000626041113883008,1,6.26041113883008e-05,28
"shallow_water_flatfish",2014,0.020164933270686,1,0.0020164933270686,41
"shelf_demersal_fish",2014,0.00135690746989722,1,0.000135690746989722,58
"shelf_forage_fish",2014,NA,1,NA,25
"slope_demersal_fish",2014,NA,1,NA,59
"slope_rockfish",2014,0.0255289351754261,1,0.00255289351754261,45
"squid",2014,0.000390686254567681,1,3.90686254567681e-05,61
"tanner_crab",2014,NA,1,NA,63
"thornyheads",2014,0.00383134355126315,1,0.000383134355126315,48
"walleye_pollock_adult",2014,0.591850125027959,1,0.0591850125027959,53
"arrowtooth_flounder_adult",2015,0.0821939317400675,1,0.00821939317400675,35
"atka_mackerel",2015,0.00518725260057503,1,0.000518725260057503,57
"big_skate",2015,0.00616233050477704,1,0.000616233050477704,30
"deep_water_flatfish",2015,0.00106641516077932,1,0.000106641516077932,42
"demersal_shelf_rockfish",2015,0.000804136564779847,1,8.04136564779847e-05,46
"flathead_sole_adult",2015,0.00852189322125877,1,0.000852189322125877,39
"gelatinous_carnivores",2015,NA,1,NA,71
"infauna",2015,NA,1,NA,70
"king_crab",2015,NA,1,NA,64
"large_sculpins",2015,0.00286871777708045,1,0.000286871777708045,55
"lingcod",2015,0.000400202890986459,1,4.00202890986459e-05,56
"longnose_skate",2015,0.00558175905084317,1,0.000558175905084317,31
"motile_epifauna",2015,0.000883887004417107,1,8.83887004417107e-05,67
"octopus",2015,0.00416651320351538,1,0.000416651320351538,62
"other_skates",2015,0.00682815183490793,1,0.000682815183490793,32
"pacific_cod_adult",2015,0.330920998633677,1,0.0330920998633677,51
"pacific_dogfish",2015,0.00245053034652914,1,0.000245053034652914,27
"pacific_halibut_adult",2015,0.0374129329293791,1,0.00374129329293791,33
"pacific_herring_adult",2015,NA,1,NA,21
"pacific_ocean_perch_adult",2015,0.0713555155277844,1,0.00713555155277844,43
"pacific_sleeper_shark",2015,0.000218281619022103,1,2.18281619022103e-05,29
"pelagic_shelf_rockfish",2015,0.0118480524947514,1,0.00118480524947514,47
"rex_sole_adult",2015,0.0083370676708884,1,0.00083370676708884,37
"sablefish_adult",2015,0.0239540551562545,1,0.00239540551562545,49
"salmon_returning",2015,0.517472133664155,1,0.0517472133664155,18
"salmon_shark",2015,0.0015408436635382,1,0.00015408436635382,28
"shallow_water_flatfish",2015,0.0142760538024254,1,0.00142760538024254,41
"shelf_demersal_fish",2015,0.0014322656918686,1,0.00014322656918686,58
"shelf_forage_fish",2015,NA,1,NA,25
"slope_demersal_fish",2015,NA,1,NA,59
"slope_rockfish",2015,0.023445241654856,1,0.0023445241654856,45
"squid",2015,0.00174188947329971,1,0.000174188947329971,61
"tanner_crab",2015,NA,1,NA,63
"thornyheads",2015,0.00339830138740421,1,0.000339830138740421,48
"walleye_pollock_adult",2015,0.693480169616055,1,0.0693480169616055,53
"arrowtooth_flounder_adult",2016,0.0850891475362429,1,0.00850891475362429,35
"atka_mackerel",2016,0.00465521893798969,1,0.000465521893798969,57
"big_skate",2016,0.00860881251408448,1,0.000860881251408448,30
"deep_water_flatfish",2016,0.000934685101708488,1,9.34685101708488e-05,42
"demersal_shelf_rockfish",2016,0.000767167051427998,1,7.67167051427999e-05,46
"flathead_sole_adult",2016,0.0103047450636183,1,0.00103047450636183,39
"gelatinous_carnivores",2016,NA,1,NA,71
"infauna",2016,NA,1,NA,70
"king_crab",2016,NA,1,NA,64
"large_sculpins",2016,0.00435859134592472,1,0.000435859134592472,55
"lingcod",2016,0.000426255029565233,1,4.26255029565233e-05,56
"longnose_skate",2016,0.00444250004176403,1,0.000444250004176403,31
"motile_epifauna",2016,0.00078233312532745,1,7.8233312532745e-05,67
"octopus",2016,0.00170537891880231,1,0.000170537891880231,62
"other_skates",2016,0.00627922534886165,1,0.000627922534886165,32
"pacific_cod_adult",2016,0.267783768377279,1,0.0267783768377279,51
"pacific_dogfish",2016,0.0049028669652271,1,0.00049028669652271,27
"pacific_halibut_adult",2016,0.0350238523962742,1,0.00350238523962742,33
"pacific_herring_adult",2016,0.000584652573380642,1,5.84652573380642e-05,21
"pacific_ocean_perch_adult",2016,0.0860753033880393,1,0.00860753033880393,43
"pacific_sleeper_shark",2016,0.000288770662680337,1,2.88770662680337e-05,29
"pelagic_shelf_rockfish",2016,0.0141400405638163,1,0.00141400405638163,47
"rex_sole_adult",2016,0.00743891569617582,1,0.000743891569617582,37
"sablefish_adult",2016,0.0223462928704182,1,0.00223462928704182,49
"salmon_returning",2016,0.154972415842807,1,0.0154972415842807,18
"salmon_shark",2016,0.000383242935149445,1,3.83242935149445e-05,28
"shallow_water_flatfish",2016,0.0161994830970776,1,0.00161994830970776,41
"shelf_demersal_fish",2016,0.00124630794618455,1,0.000124630794618455,58
"shelf_forage_fish",2016,NA,1,NA,25
"slope_demersal_fish",2016,NA,1,NA,59
"slope_rockfish",2016,0.0234475146889785,1,0.00234475146889785,45
"squid",2016,0.00101506134360201,1,0.000101506134360201,61
"tanner_crab",2016,NA,1,NA,63
"thornyheads",2016,0.00379001789718533,1,0.000379001789718533,48
"walleye_pollock_adult",2016,0.73726238322663,1,0.073726238322663,53
"arrowtooth_flounder_adult",2017,0.115234587904076,1,0.0115234587904076,35
"atka_mackerel",2017,0.00457689146679629,1,0.000457689146679629,57
"big_skate",2017,0.00701348983562438,1,0.000701348983562438,30
"deep_water_flatfish",2017,0.00107350525386784,1,0.000107350525386785,42
"demersal_shelf_rockfish",2017,0.000844193260144227,1,8.44193260144227e-05,46
"flathead_sole_adult",2017,0.00873288741113265,1,0.000873288741113265,39
"gelatinous_carnivores",2017,NA,1,NA,71
"infauna",2017,NA,1,NA,70
"king_crab",2017,NA,1,NA,64
"large_sculpins",2017,0.00437287055243026,1,0.000437287055243026,55
"lingcod",2017,0.000499446005154003,1,4.99446005154003e-05,56
"longnose_skate",2017,0.00406848396737772,1,0.000406848396737772,31
"motile_epifauna",2017,0.000551639158066014,1,5.51639158066014e-05,67
"octopus",2017,0.00104839965669956,1,0.000104839965669956,62
"other_skates",2017,0.00654036184066167,1,0.000654036184066167,32
"pacific_cod_adult",2017,0.20532614851218,1,0.020532614851218,51
"pacific_dogfish",2017,0.00370349899239848,1,0.000370349899239848,27
"pacific_halibut_adult",2017,0.0361015315018034,1,0.00361015315018034,33
"pacific_herring_adult",2017,NA,1,NA,21
"pacific_ocean_perch_adult",2017,0.0898907030842645,1,0.00898907030842645,43
"pacific_sleeper_shark",2017,0.000579864173442405,1,5.79864173442405e-05,29
"pelagic_shelf_rockfish",2017,0.0111571199226389,1,0.00111571199226389,47
"rex_sole_adult",2017,0.00631168425613817,1,0.000631168425613817,37
"sablefish_adult",2017,0.0256375520795475,1,0.00256375520795475,49
"salmon_returning",2017,0.565224749277801,1,0.0565224749277801,18
"salmon_shark",2017,5.25330356703823e-05,1,5.25330356703823e-06,28
"shallow_water_flatfish",2017,0.0109517455699956,1,0.00109517455699956,41
"shelf_demersal_fish",2017,0.00145247830196704,1,0.000145247830196704,58
"shelf_forage_fish",2017,NA,1,NA,25
"slope_demersal_fish",2017,NA,1,NA,59
"slope_rockfish",2017,0.0139297287871397,1,0.00139297287871397,45
"squid",2017,0.000157237226782497,1,1.57237226782497e-05,61
"tanner_crab",2017,NA,1,NA,63
"thornyheads",2017,0.00321132671767227,1,0.000321132671767227,48
"walleye_pollock_adult",2017,0.784686345352542,1,0.0784686345352542,53
"arrowtooth_flounder_adult",2018,0.0803779502269082,1,0.00803779502269082,35
"atka_mackerel",2018,0.00612310881616355,1,0.000612310881616355,57
"big_skate",2018,0.00524498137000967,1,0.000524498137000967,30
"deep_water_flatfish",2018,0.000743610031694559,1,7.43610031694559e-05,42
"demersal_shelf_rockfish",2018,0.0004599197563571,1,4.599197563571e-05,46
"flathead_sole_adult",2018,0.00937906560856204,1,0.000937906560856204,39
"gelatinous_carnivores",2018,NA,1,NA,71
"infauna",2018,NA,1,NA,70
"king_crab",2018,NA,1,NA,64
"large_sculpins",2018,0.00128183998401237,1,0.000128183998401237,55
"lingcod",2018,0.000408686645093688,1,4.08686645093688e-05,56
"longnose_skate",2018,0.00276671808828593,1,0.000276671808828593,31
"motile_epifauna",2018,0.00241713187175479,1,0.000241713187175479,67
"octopus",2018,0.000935341264061268,1,9.35341264061268e-05,62
"other_skates",2018,0.00253457213482573,1,0.000253457213482573,32
"pacific_cod_adult",2018,0.0625350803744494,1,0.00625350803744494,51
"pacific_dogfish",2018,0.00547419777377677,1,0.000547419777377677,27
"pacific_halibut_adult",2018,0.0294568220031627,1,0.00294568220031627,33
"pacific_herring_adult",2018,NA,1,NA,21
"pacific_ocean_perch_adult",2018,0.0910875188153099,1,0.00910875188153099,43
"pacific_sleeper_shark",2018,0.00104505957779519,1,0.000104505957779519,29
"pelagic_shelf_rockfish",2018,0.0123727072765259,1,0.00123727072765259,47
"rex_sole_adult",2018,0.00744460349263914,1,0.000744460349263914,37
"sablefish_adult",2018,0.030529400948713,1,0.0030529400948713,49
"salmon_returning",2018,0.133248707531233,1,0.0133248707531233,18
"salmon_shark",2018,2.13287571451086e-05,1,2.13287571451086e-06,28
"shallow_water_flatfish",2018,0.0117126313907411,1,0.00117126313907411,41
"shelf_demersal_fish",2018,0.00119646665048622,1,0.000119646665048622,58
"shelf_forage_fish",2018,NA,1,NA,25
"slope_demersal_fish",2018,NA,1,NA,59
"slope_rockfish",2018,0.0176045219967002,1,0.00176045219967002,45
"squid",2018,0.000163160167817302,1,1.63160167817302e-05,61
"tanner_crab",2018,NA,1,NA,63
"thornyheads",2018,0.00364751588765766,1,0.000364751588765766,48
"walleye_pollock_adult",2018,0.642398239400413,1,0.0642398239400413,53
"arrowtooth_flounder_adult",2019,0.10464350917749,1,0.010464350917749,35
"atka_mackerel",2019,0.00534301314602992,1,0.000534301314602992,57
"big_skate",2019,0.00531883527765378,1,0.000531883527765378,30
"deep_water_flatfish",2019,0.000417420472045713,1,4.17420472045713e-05,42
"demersal_shelf_rockfish",2019,0.000547445550709846,1,5.47445550709846e-05,46
"flathead_sole_adult",2019,0.011361776498131,1,0.0011361776498131,39
"gelatinous_carnivores",2019,5.48343032938761e-05,1,5.48343032938761e-06,71
"infauna",2019,NA,1,NA,70
"king_crab",2019,NA,1,NA,64
"large_sculpins",2019,0.00175504799231458,1,0.000175504799231458,55
"lingcod",2019,0.000496020431019428,1,4.96020431019428e-05,56
"longnose_skate",2019,0.002941522727861,1,0.0002941522727861,31
"motile_epifauna",2019,0.00467628352976756,1,0.000467628352976756,67
"octopus",2019,0.00149211262497434,1,0.000149211262497434,62
"other_skates",2019,0.00308947030795036,1,0.000308947030795036,32
"pacific_cod_adult",2019,0.0647462848432285,1,0.00647462848432285,51
"pacific_dogfish",2019,0.00405814992908433,1,0.000405814992908433,27
"pacific_halibut_adult",2019,0.0302301533043184,1,0.00302301533043184,33
"pacific_herring_adult",2019,NA,1,NA,21
"pacific_ocean_perch_adult",2019,0.0944871247670306,1,0.00944871247670306,43
"pacific_sleeper_shark",2019,0.000364064281974196,1,3.64064281974196e-05,29
"pelagic_shelf_rockfish",2019,0.01025963734615,1,0.001025963734615,47
"rex_sole_adult",2019,0.00685789712474433,1,0.000685789712474433,37
"sablefish_adult",2019,0.0332789455627399,1,0.00332789455627399,49
"salmon_returning",2019,0.463933761955795,1,0.0463933761955795,18
"salmon_shark",2019,6.14110404895876e-05,1,6.14110404895876e-06,28
"shallow_water_flatfish",2019,0.0121484805730156,1,0.00121484805730156,41
"shelf_demersal_fish",2019,0.000940234447958632,1,9.40234447958632e-05,58
"shelf_forage_fish",2019,NA,1,NA,25
"slope_demersal_fish",2019,NA,1,NA,59
"slope_rockfish",2019,0.0176283509398059,1,0.00176283509398059,45
"squid",2019,NA,1,NA,61
"tanner_crab",2019,NA,1,NA,63
"thornyheads",2019,0.00212895498255264,1,0.000212895498255264,48
"walleye_pollock_adult",2019,0.471311252806239,1,0.0471311252806239,53
"arrowtooth_flounder_adult",2020,0.0899433032931665,1,0.00899433032931665,35
"atka_mackerel",2020,0.00258754208651398,1,0.000258754208651398,57
"big_skate",2020,0.00358840976092669,1,0.00035884097609267,30
"deep_water_flatfish",2020,0.000421129645544344,1,4.21129645544344e-05,42
"demersal_shelf_rockfish",2020,0.000389642944852173,1,3.89642944852173e-05,46
"flathead_sole_adult",2020,0.00814132343138618,1,0.000814132343138618,39
"gelatinous_carnivores",2020,NA,1,NA,71
"infauna",2020,NA,1,NA,70
"king_crab",2020,NA,1,NA,64
"large_sculpins",2020,0.00155916940521023,1,0.000155916940521023,55
"lingcod",2020,0.000680489433920151,1,6.80489433920151e-05,56
"longnose_skate",2020,0.00163377556346962,1,0.000163377556346962,31
"motile_epifauna",2020,0.00910504469073856,1,0.000910504469073856,67
"octopus",2020,0.000349681237818025,1,3.49681237818025e-05,62
"other_skates",2020,0.00117286319597903,1,0.000117286319597903,32
"pacific_cod_adult",2020,0.0259201569810512,1,0.00259201569810512,51
"pacific_dogfish",2020,0.00254138615488459,1,0.000254138615488459,27
"pacific_halibut_adult",2020,0.0234897762317274,1,0.00234897762317274,33
"pacific_herring_adult",2020,0.00424401780430977,1,0.000424401780430977,21
"pacific_ocean_perch_adult",2020,0.101056262262621,1,0.0101056262262621,43
"pacific_sleeper_shark",2020,0.000392955058158871,1,3.92955058158871e-05,29
"pelagic_shelf_rockfish",2020,0.00914548736518322,1,0.000914548736518322,47
"rex_sole_adult",2020,0.00527075820963415,1,0.000527075820963415,37
"sablefish_adult",2020,0.0319574201293195,1,0.00319574201293195,49
"salmon_returning",2020,0.258410221903318,1,0.0258410221903318,18
"salmon_shark",2020,0.000146362636679885,1,1.46362636679885e-05,28
"shallow_water_flatfish",2020,0.0185137451359486,1,0.00185137451359486,41
"shelf_demersal_fish",2020,0.000752079064890169,1,7.52079064890169e-05,58
"shelf_forage_fish",2020,0.000818453321775873,1,8.18453321775873e-05,25
"slope_demersal_fish",2020,NA,1,NA,59
"slope_rockfish",2020,0.0135613819206752,1,0.00135613819206752,45
"squid",2020,NA,1,NA,61
"tanner_crab",2020,NA,1,NA,63
"thornyheads",2020,0.0010876808956208,1,0.00010876808956208,48
"walleye_pollock_adult",2020,0.425827366338895,1,0.0425827366338895,53
"arrowtooth_flounder_adult",2021,0.0419403764093117,1,0.00419403764093117,35
"atka_mackerel",2021,0.00400106100917497,1,0.000400106100917497,57
"big_skate",2021,0.00236532098306847,1,0.000236532098306847,30
"deep_water_flatfish",2021,0.000353739085095988,1,3.53739085095988e-05,42
"demersal_shelf_rockfish",2021,0.000726330792661723,1,7.26330792661723e-05,46
"flathead_sole_adult",2021,0.00301174719778847,1,0.000301174719778847,39
"gelatinous_carnivores",2021,NA,1,NA,71
"infauna",2021,NA,1,NA,70
"king_crab",2021,NA,1,NA,64
"large_sculpins",2021,NA,1,NA,55
"lingcod",2021,0.00065897574659346,1,6.5897574659346e-05,56
"longnose_skate",2021,0.00239508024249411,1,0.000239508024249411,31
"motile_epifauna",2021,0.0082289980576652,1,0.00082289980576652,67
"octopus",2021,0.000237375013485597,1,2.37375013485597e-05,62
"other_skates",2021,0.00218638951621764,1,0.000218638951621764,32
"pacific_cod_adult",2021,0.0795965917544484,1,0.00795965917544484,51
"pacific_dogfish",2021,0.0035635117622382,1,0.00035635117622382,27
"pacific_halibut_adult",2021,0.0260283265427279,1,0.00260283265427279,33
"pacific_herring_adult",2021,0.0123820304512095,1,0.00123820304512095,21
"pacific_ocean_perch_adult",2021,0.116018518776397,1,0.0116018518776397,43
"pacific_sleeper_shark",2021,0.000335940595732827,1,3.35940595732827e-05,29
"pelagic_shelf_rockfish",2021,0.0125989042885151,1,0.00125989042885151,47
"rex_sole_adult",2021,0.00127550428294025,1,0.000127550428294025,37
"sablefish_adult",2021,0.0396924471730582,1,0.00396924471730582,49
"salmon_returning",2021,0.411314976266884,1,0.0411314976266884,18
"salmon_shark",2021,0.000189158319898283,1,1.89158319898283e-05,28
"shallow_water_flatfish",2021,0.00772668386363787,1,0.000772668386363788,41
"shelf_demersal_fish",2021,NA,1,NA,58
"shelf_forage_fish",2021,0.00085946167551934,1,8.5946167551934e-05,25
"slope_demersal_fish",2021,NA,1,NA,59
"slope_rockfish",2021,0.0152068722138331,1,0.00152068722138331,45
"squid",2021,NA,1,NA,61
"tanner_crab",2021,NA,1,NA,63
"thornyheads",2021,0.00061003449660347,1,6.1003449660347e-05,48
"walleye_pollock_adult",2021,0.399839241039071,1,0.0399839241039071,53
"arrowtooth_flounder_adult",2022,0.0491199080414104,1,0.00491199080414104,35
"atka_mackerel",2022,0.0037469379204665,1,0.00037469379204665,57
"big_skate",2022,0.00401953314592515,1,0.000401953314592515,30
"deep_water_flatfish",2022,0.00051625070418752,1,5.1625070418752e-05,42
"demersal_shelf_rockfish",2022,0.00104107693580839,1,0.000104107693580839,46
"flathead_sole_adult",2022,0.00240001391206931,1,0.000240001391206931,39
"gelatinous_carnivores",2022,NA,1,NA,71
"infauna",2022,NA,1,NA,70
"king_crab",2022,NA,1,NA,64
"large_sculpins",2022,NA,1,NA,55
"lingcod",2022,0.000509108326789312,1,5.09108326789312e-05,56
"longnose_skate",2022,0.00248559514844507,1,0.000248559514844507,31
"motile_epifauna",2022,0.00621494207923533,1,0.000621494207923533,67
"octopus",2022,0.000623319706032738,1,6.23319706032738e-05,62
"other_skates",2022,0.0033494981785142,1,0.00033494981785142,32
"pacific_cod_adult",2022,0.10813908670024,1,0.010813908670024,51
"pacific_dogfish",2022,0.00405267531354267,1,0.000405267531354267,27
"pacific_halibut_adult",2022,0.0296520302649336,1,0.00296520302649336,33
"pacific_herring_adult",2022,0.0102134198297049,1,0.00102134198297049,21
"pacific_ocean_perch_adult",2022,0.119630082409744,1,0.0119630082409744,43
"pacific_sleeper_shark",2022,0.000326015075089131,1,3.26015075089131e-05,29
"pelagic_shelf_rockfish",2022,0.0113522897602925,1,0.00113522897602925,47
"rex_sole_adult",2022,0.00296209503640429,1,0.000296209503640429,37
"sablefish_adult",2022,0.0476755211984969,1,0.00476755211984969,49
"salmon_returning",2022,0.235733778900408,1,0.0235733778900408,18
"salmon_shark",2022,0.000224124457472239,1,2.24124457472239e-05,28
"shallow_water_flatfish",2022,0.00549380131400228,1,0.000549380131400228,41
"shelf_demersal_fish",2022,NA,1,NA,58
"shelf_forage_fish",2022,0.000648200547772491,1,6.48200547772491e-05,25
"slope_demersal_fish",2022,NA,1,NA,59
"slope_rockfish",2022,0.013685660651339,1,0.0013685660651339,45
"squid",2022,NA,1,NA,61
"tanner_crab",2022,0.0013507021459392,1,0.00013507021459392,63
"thornyheads",2022,0.00120421530252418,1,0.000120421530252418,48
"walleye_pollock_adult",2022,0.526023598460596,1,0.0526023598460596,53
"arrowtooth_flounder_adult",2023,0.0388249194987655,1,0.00388249194987656,35
"atka_mackerel",2023,0.00197036225797017,1,0.000197036225797017,57
"big_skate",2023,0.00442358761977433,1,0.000442358761977433,30
"deep_water_flatfish",2023,0.000265084551397757,1,2.65084551397757e-05,42
"demersal_shelf_rockfish",2023,0.000980439527438035,1,9.80439527438035e-05,46
"flathead_sole_adult",2023,0.00199740976861255,1,0.000199740976861255,39
"gelatinous_carnivores",2023,NA,1,NA,71
"infauna",2023,NA,1,NA,70
"king_crab",2023,NA,1,NA,64
"large_sculpins",2023,NA,1,NA,55
"lingcod",2023,0.000593515014733632,1,5.93515014733632e-05,56
"longnose_skate",2023,0.0022896373572401,1,0.00022896373572401,31
"motile_epifauna",2023,0.00532747686449233,1,0.000532747686449233,67
"octopus",2023,0.000780885239137621,1,7.80885239137621e-05,62
"other_skates",2023,0.00197348468523059,1,0.000197348468523059,32
"pacific_cod_adult",2023,0.0895275653227301,1,0.00895275653227301,51
"pacific_dogfish",2023,0.00219152126856783,1,0.000219152126856783,27
"pacific_halibut_adult",2023,0.0269339272589874,1,0.00269339272589874,33
"pacific_herring_adult",2023,NA,1,NA,21
"pacific_ocean_perch_adult",2023,0.120978939317388,1,0.0120978939317388,43
"pacific_sleeper_shark",2023,0.00046198406550013,1,4.6198406550013e-05,29
"pelagic_shelf_rockfish",2023,0.015602639412364,1,0.0015602639412364,47
"rex_sole_adult",2023,0.00175274242219671,1,0.000175274242219671,37
"sablefish_adult",2023,0.0393821299766455,1,0.00393821299766455,49
"salmon_returning",2023,0.381587018859347,1,0.0381587018859347,18
"salmon_shark",2023,7.97967369541975e-05,1,7.97967369541975e-06,28
"shallow_water_flatfish",2023,0.00427829539077561,1,0.000427829539077561,41
"shelf_demersal_fish",2023,NA,1,NA,58
"shelf_forage_fish",2023,NA,1,NA,25
"slope_demersal_fish",2023,NA,1,NA,59
"slope_rockfish",2023,0.0102523967707231,1,0.00102523967707231,45
"squid",2023,NA,1,NA,61
"tanner_crab",2023,0.00312234031068838,1,0.000312234031068838,63
"thornyheads",2023,0.000639616986528034,1,6.39616986528034e-05,48
"walleye_pollock_adult",2023,0.532288528233939,1,0.0532288528233939,53
