"","spnum","preyvul","predvul","nll","dnll","nll_groupB","dnll_groupB","convergence","Vprey","Vpred"
"transient_killer_whales",1,0,4,26764.8345773224,-0.299128323062178,52.9393956082744,0.0409366225179113,"TRUE",2,55.5981500331442
"resident_killer_whales",2,0,4,26763.2698413399,-1.86386430549464,34.9629575147778,-0.973231334531135,"TRUE",2,55.5981500331442
"offshore_killer_whales",3,0,4,26764.8313336689,-0.302371976562426,NA,NA,"TRUE",2,55.5981500331442
"other_toothed_whales",4,0,-4,26736.0531927813,-29.0805128641259,NA,NA,"TRUE",2,1.01831563888873
"humpback_whale",5,-4,4,26765.0469269657,-0.0867786797352892,12.4252348706307,0.0173514543850626,"TRUE",1.01831563888873,55.5981500331442
"other_baleen_whales",6,-3.53747040473982,4,26764.9802939179,-0.153411727573257,4.88585128595599,0.00336207474091221,"TRUE",1.02908681196118,55.5981500331442
"dolphins_porpoises",7,-4,-4,26765.0743553838,-0.0593502616720798,NA,NA,"TRUE",1.01831563888873,1.01831563888873
"northern_elephant_seal",8,-4,4,26756.6787367583,-8.45496888718117,NA,NA,"TRUE",1.01831563888873,55.5981500331442
"northern_fur_seal_adult",9,-4,-4,26764.9821679761,-0.151537669356912,NA,NA,"TRUE",1.01831563888873,1.01831563888873
"northern_fur_seal_juvenile",10,-0.858427100112642,-4,26765.0465826009,-0.087123044533655,NA,NA,"TRUE",1.42382819763839,1.01831563888873
"steller_sea_lion",11,-4,-4,26712.552071845,-52.5816338004297,-3.36320782840378,-0.174615237490133,"TRUE",1.01831563888873,1.01831563888873
"harbor_seal",12,-4,-4,26752.1071264693,-13.0265791760939,11.1610467716654,0.587318436408031,"TRUE",1.01831563888873,1.01831563888873
"sea_otter",13,-4,4,26765.0463178779,-0.0873877674966934,NA,NA,"TRUE",1.01831563888873,55.5981500331442
"piscivorous_surface_birds",14,-4,4,26764.9607573989,-0.172948246523447,6.70638685944029,-0.0161625063082491,"TRUE",1.01831563888873,55.5981500331442
"planktivorous_surface_birds",15,-1.75296008819714e-05,0.00212844133784529,26765.1337011131,-4.53230313723907e-06,NA,NA,"TRUE",1.99998247055276,2.00213070807703
"piscivorous_diving_birds",16,-4,4,26764.6774316507,-0.456273994706862,26.5042324191929,-0.0249705114556171,"TRUE",1.01831563888873,55.5981500331442
"planktivorous_diving_birds",17,-0.000401249053538777,0.0025204244593624,26765.1336991291,-6.51634763926268e-06,7.82179549193464,-5.23504992422374e-06,"TRUE",1.9995988314361,2.00252360339929
"salmon_returning",18,4,4,25188.2427426671,-1576.8909629783,266.063834995196,205.599753601672,"TRUE",55.5981500331442,55.5981500331442
"salmon_outgoing",19,4,-4,26764.824688829,-0.309016816478106,14.849379832801,-0.00189014205883353,"TRUE",55.5981500331442,1.01831563888873
"pacific_hake",20,-4,-4,26763.9543112272,-1.17939441827912,NA,NA,"TRUE",1.01831563888873,1.01831563888873
"pacific_herring_adult",21,-4,4,26245.2626214356,-519.871084209812,1008.24971819264,-122.746962855914,"TRUE",1.01831563888873,55.5981500331442
"pacific_herring_juvenile",22,-4,4,26124.4135822246,-640.720123420815,NA,NA,"TRUE",1.01831563888873,55.5981500331442
"pacific_sandlance",23,-4,-4,22364.7794776201,-4400.3542280253,58.1619093996616,0.103425149435161,"TRUE",1.01831563888873,1.01831563888873
"pacific_capelin",24,4,4,26524.9341026441,-240.199603001296,269.44421173254,12.9488128195679,"TRUE",55.5981500331442,55.5981500331442
"shelf_forage_fish",25,-4,-4,24950.4488492795,-1814.68485636595,85.9800434547979,0.181656867101054,"TRUE",1.01831563888873,1.01831563888873
"slope_forage_fish",26,-4,4,26760.3498213883,-4.78388425713274,626.318572159061,7.53816416162624,"TRUE",1.01831563888873,55.5981500331442
"pacific_dogfish",27,-4,-4,26741.4808976012,-23.652808044244,158.422044512233,-54.1582582915314,"TRUE",1.01831563888873,1.01831563888873
"salmon_shark",28,0,4,26620.3548214823,-144.778884163177,NA,NA,"TRUE",2,55.5981500331442
"pacific_sleeper_shark",29,4,4,26759.753418264,-5.38028738142748,108.372872534099,-0.835861971382684,"TRUE",55.5981500331442,55.5981500331442
"big_skate",30,-4,-4,26712.8923206987,-52.241384946763,53.3838712719862,-56.8452063933578,"TRUE",1.01831563888873,1.01831563888873
"longnose_skate",31,4,0.233988917738338,26754.868588055,-10.2651175904612,347.214713537597,40.5538401497451,"TRUE",55.5981500331442,2.26363048824647
"other_skates",32,-4,-4,16961.5607321204,-9803.57297352504,1355.32815991848,-4798.24609751308,"TRUE",1.01831563888873,1.01831563888873
"pacific_halibut_adult",33,4,4,24010.7906814369,-2754.34302420855,168.320803117275,-108.320656164707,"TRUE",55.5981500331442,55.5981500331442
"pacific_halibut_juvenile",34,4,4,26677.5248152711,-87.608890374333,51.5482756408553,7.90895230930627,"TRUE",55.5981500331442,55.5981500331442
"arrowtooth_flounder_adult",35,-4,4,24067.0749428109,-2698.05876283454,36.1491550370952,-5.20185647496663,"TRUE",1.01831563888873,55.5981500331442
"arrowtooth_flounder_juvenile",36,4,4,26150.2067690678,-614.926936577594,204.36379287286,41.2616506107894,"TRUE",55.5981500331442,55.5981500331442
"rex_sole_adult",37,4,-4,26657.5587241654,-107.574981480091,40.6683429523147,-59.7630379492422,"TRUE",55.5981500331442,1.01831563888873
"rex_sole_juvenile",38,-4,-4,26738.1369447032,-26.9967609422274,542.14636425243,-29.0863782999476,"TRUE",1.01831563888873,1.01831563888873
"flathead_sole_adult",39,-4,0.309458574258609,26688.2688685105,-76.8648371349409,36.8031527712615,2.83509098146477,"TRUE",1.01831563888873,2.36268712048134
"flathead_sole_juvenile",40,-2.87460535009144,4,26752.3283628897,-12.8053427556952,-1.39171295392253,-5.66676517342819,"TRUE",1.05643840852202,55.5981500331442
"shallow_water_flatfish",41,-4,-4,26557.6424751136,-207.491230531799,6.72209818629074,-1.25853231150168,"TRUE",1.01831563888873,1.01831563888873
"deep_water_flatfish",42,4,-4,26555.2923443823,-209.841361263178,487.7676454585,-219.178822868715,"TRUE",55.5981500331442,1.01831563888873
"pacific_ocean_perch_adult",43,4,-4,26660.249309278,-104.884396367488,171.699439321981,-116.368954262447,"TRUE",55.5981500331442,1.01831563888873
"pacific_ocean_perch_juvenile",44,-4,-4,26756.6979090099,-8.43579663549463,49.8355512692759,-7.20682252089278,"TRUE",1.01831563888873,1.01831563888873
"slope_rockfish",45,-4,-4,26728.80711106,-36.3265945854873,10.6784886105573,-0.423134571326086,"TRUE",1.01831563888873,1.01831563888873
"demersal_shelf_rockfish",46,-4,4,26721.0962605948,-44.0374450506679,31.1735199285783,10.0388632950799,"TRUE",1.01831563888873,55.5981500331442
"pelagic_shelf_rockfish",47,-4,-4,26738.5900617788,-26.543643866622,26.5817658571226,-30.0356021474607,"TRUE",1.01831563888873,1.01831563888873
"thornyheads",48,0.947607654310676,-4,26629.2644603299,-135.869245315571,1169.73212504463,62.795760466046,"TRUE",3.5795311414806,1.01831563888873
"sablefish_adult",49,4,-4,26104.7219543089,-660.411751336542,283.468997045048,-117.05857406999,"TRUE",55.5981500331442,1.01831563888873
"sablefish_juvenile",50,4,-4,26761.9752318698,-3.15847377562386,156.324141835049,-1.78053445314148,"TRUE",55.5981500331442,1.01831563888873
"pacific_cod_adult",51,-4,-4,23985.7773127534,-2779.35639289204,121.432159576442,-72.9737677642718,"TRUE",1.01831563888873,1.01831563888873
"pacific_cod_juvenile",52,4,-4,26634.4340370474,-130.699668598056,44.4411003072345,-2.66966074618811,"TRUE",55.5981500331442,1.01831563888873
"walleye_pollock_adult",53,-4,4,17275.582631041,-9489.55107460446,2214.38047714032,-73.2289883745857,"TRUE",1.01831563888873,55.5981500331442
"walleye_pollock_juvenile",54,0.942350405200927,-4,26661.0656178458,-104.068087799682,30.9989688369421,0.185498766505347,"TRUE",3.56600548869907,1.01831563888873
"large_sculpins",55,4,-0.544966385370195,26763.9647397421,-1.16896590335818,39.3628908341281,-5.73395047935787,"TRUE",55.5981500331442,1.57986127483434
"lingcod",56,-4,4,26761.5712137532,-3.56249189220762,NA,NA,"TRUE",1.01831563888873,55.5981500331442
"atka_mackerel",57,-4,-4,26752.9424614715,-12.1912441739114,NA,NA,"TRUE",1.01831563888873,1.01831563888873
"shelf_demersal_fish",58,-4,-4,24654.2053807112,-2110.92832493423,72.9090851415988,1.85752352449344,"TRUE",1.01831563888873,1.01831563888873
"slope_demersal_fish",59,-4,-4,26673.0862718856,-92.0474337598062,891.692547466147,-0.369319348418344,"TRUE",1.01831563888873,1.01831563888873
"miscellaneous_deep_sea_fish",60,-4,-4,26758.0946358428,-7.0390698026531,NA,NA,"TRUE",1.01831563888873,1.01831563888873
"squid",61,-4,4,26516.8152413463,-248.318464299169,NA,NA,"TRUE",1.01831563888873,55.5981500331442
"octopus",62,-4,-4,26582.5002833527,-182.633422292754,329.554485724185,-5.16584501914508,"TRUE",1.01831563888873,1.01831563888873
"tanner_crab",63,-4,-4,23147.0615864017,-3618.07211924372,33.2695834928904,0.241568041832693,"TRUE",1.01831563888873,1.01831563888873
"king_crab",64,4,0.303386116056653,26765.033380973,-0.100324672410352,12.5421896495173,-0.124041377691665,"TRUE",55.5981500331442,2.35443733349392
"pandalid_shrimp",65,-4,-4,21835.4059526235,-4929.72775302191,87.4412627975474,-6.79637228827353,"TRUE",1.01831563888873,1.01831563888873
"nonpandalid_shrimp",66,-4,4,26589.1190480675,-176.014657577958,NA,NA,"TRUE",1.01831563888873,55.5981500331442
"motile_epifauna",67,-4,-4,26610.323039687,-154.810665958426,125.531130524447,-1.99040030301077,"TRUE",1.01831563888873,1.01831563888873
"benthic_zooplankton",68,-4,4,23588.9161091739,-3176.21759647158,NA,NA,"TRUE",1.01831563888873,55.5981500331442
"sessile_epifauna",69,-4,1.65562644919631,26756.6482846568,-8.48542098864345,4.47964866651009,0.0554218482640261,"TRUE",1.01831563888873,6.23635920793527
"infauna",70,-4,4,25695.5585834767,-1069.57512216873,NA,NA,"TRUE",1.01831563888873,55.5981500331442
"gelatinous_carnivores",71,-4,4,26704.7280916971,-60.4056139483146,266.451481316159,5.03707490140386,"TRUE",1.01831563888873,55.5981500331442
"other_gelatinous_zooplankton",72,-4,-4,26759.0504769051,-6.08322874037549,NA,NA,"TRUE",1.01831563888873,1.01831563888873
"mysids",73,-4,-4,26302.5750817033,-462.558623942186,NA,NA,"TRUE",1.01831563888873,1.01831563888873
"pelagic_amphipods",74,-4,-4,26748.7545197065,-16.3791859389785,NA,NA,"TRUE",1.01831563888873,1.01831563888873
"euphausiids",75,0.488118113236702,-4,26743.2003808962,-21.9333247492323,2872.49735501481,0.711133900121695,"TRUE",2.62924727427737,1.01831563888873
"large_copepods",76,4,4,26710.9689260378,-54.1647796076359,871.202528362752,-3.80268168124223,"TRUE",55.5981500331442,55.5981500331442
"small_copepods",77,-4,-4,26748.1003706846,-17.0333349608663,1366.25397576185,-2.32543377823731,"TRUE",1.01831563888873,1.01831563888873
"large_microzooplankton",78,4,4,26605.1168639813,-160.016841664146,NA,NA,"TRUE",55.5981500331442,55.5981500331442
"small_microzooplankton",79,-4,-4,26763.2414181891,-1.89228745634318,NA,NA,"TRUE",1.01831563888873,1.01831563888873
"large_phytoplankton",80,-0.922781006842839,4,26724.0285568091,-41.1051488363119,NA,NA,"TRUE",1.39741229654962,55.5981500331442
"small_phytoplankton",81,-2.81290105168698,4,26764.8397142142,-0.293991431277391,NA,NA,"TRUE",1.06003058769846,55.5981500331442
"macroalgae",82,4,-4,26764.520379001,-0.613326644448534,NA,NA,"TRUE",55.5981500331442,1.01831563888873
"benthic_microbes",83,4,4,26747.2838385173,-17.8498671281304,NA,NA,"TRUE",55.5981500331442,55.5981500331442
"discards",84,-4,0,26762.0845234667,-3.04918217875093,NA,NA,"TRUE",1.01831563888873,2
"offal",85,-4,0,24984.9331662189,-1780.2005394265,NA,NA,"TRUE",1.01831563888873,2
"detritus",86,-4,0,26678.9720520085,-86.1616536369547,NA,NA,"TRUE",1.01831563888873,2
