,dnll_transient_killer_whales,dnll_resident_killer_whales,dnll_offshore_killer_whales,dnll_other_toothed_whales,dnll_humpback_whale,dnll_other_baleen_whales,dnll_dolphins_porpoises,dnll_northern_elephant_seal,dnll_northern_fur_seal_adult,dnll_northern_fur_seal_juvenile,dnll_steller_sea_lion,dnll_harbor_seal,dnll_sea_otter,dnll_piscivorous_surface_birds,dnll_planktivorous_surface_birds,dnll_piscivorous_diving_birds,dnll_planktivorous_diving_birds,dnll_salmon_returning,dnll_salmon_outgoing,dnll_pacific_hake,dnll_pacific_herring_adult,dnll_pacific_herring_juvenile,dnll_pacific_sandlance,dnll_pacific_capelin,dnll_shelf_forage_fish,dnll_slope_forage_fish,dnll_pacific_dogfish,dnll_salmon_shark,dnll_pacific_sleeper_shark,dnll_big_skate,dnll_longnose_skate,dnll_other_skates,dnll_pacific_halibut_adult,dnll_pacific_halibut_juvenile,dnll_arrowtooth_flounder_adult,dnll_arrowtooth_flounder_juvenile,dnll_rex_sole_adult,dnll_rex_sole_juvenile,dnll_flathead_sole_adult,dnll_flathead_sole_juvenile,dnll_shallow_water_flatfish,dnll_deep_water_flatfish,dnll_pacific_ocean_perch_adult,dnll_pacific_ocean_perch_juvenile,dnll_slope_rockfish,dnll_demersal_shelf_rockfish,dnll_pelagic_shelf_rockfish,dnll_thornyheads,dnll_sablefish_adult,dnll_sablefish_juvenile,dnll_pacific_cod_adult,dnll_pacific_cod_juvenile,dnll_walleye_pollock_adult,dnll_walleye_pollock_juvenile,dnll_large_sculpins,dnll_lingcod,dnll_atka_mackerel,dnll_shelf_demersal_fish,dnll_slope_demersal_fish,dnll_miscellaneous_deep_sea_fish,dnll_squid,dnll_octopus,dnll_tanner_crab,dnll_king_crab,dnll_pandalid_shrimp,dnll_nonpandalid_shrimp,dnll_motile_epifauna,dnll_benthic_zooplankton,dnll_sessile_epifauna,dnll_infauna,dnll_gelatinous_carnivores,dnll_other_gelatinous_zooplankton,dnll_mysids,dnll_pelagic_amphipods,dnll_euphausiids,dnll_large_copepods,dnll_small_copepods,dnll_large_microzooplankton,dnll_small_microzooplankton,dnll_large_phytoplankton,dnll_small_phytoplankton,dnll_macroalgae,dnll_benthic_microbes,dnll_discards,dnll_offal,dnll_detritus
transient_killer_whales,0.042728226,-0.000779691,-0.000269861,0.000461275,-0.018908782,-6.56E-05,-0.00146827,0.005863921,-0.000378871,-0.000183063,-0.216651058,-0.011847813,1.87E-06,9.58E-05,1.50E-08,0.000453261,1.39E-09,8.126108001,0.000524671,-0.000591471,0.008472683,-0.007616028,-0.016633912,-0.002101476,-0.040085348,0.007478246,-0.00084602,-0.009030221,-0.04865852,-0.001308325,0.000188019,-0.008654059,0.114488654,0.00126128,0.150127996,0.215288578,-0.002841902,-0.000675565,0.0018232,-0.002641423,-0.006039757,0.01045671,0.005707888,-0.000133505,-0.025412626,0.001060028,0.000848356,-0.000685861,0.053318687,4.04E-06,-0.08304301,0.014428626,0.118321487,0.038193376,0.000153056,-0.02417126,-0.00137918,-0.009024165,-0.024633659,-0.000741291,-0.046390556,-0.011679604,-0.011403647,0.000315808,-0.045507654,-0.035237151,-0.02285179,-0.019432991,-0.000200371,-0.019194148,0.016918856,-0.013598334,-0.007120576,0.004503977,-0.190764321,0.090474312,-0.005079362,0.415040951,0.000992315,0.029722907,0.000974343,-0.000160597,0.002874353,6.35E-05,-0.005607727,0.003020988
resident_killer_whales,-0.001087317,-1.024139196,0.000135346,-0.002056393,-0.000137061,-0.000509278,0.000697272,0.024021104,-0.000168216,-0.000121168,-0.098008332,-0.016247147,3.28E-07,-0.000199541,-1.81E-07,-6.46E-05,-2.77E-09,-66.61225195,-0.00029744,-0.000236661,-0.004436016,0.042182296,-0.005315847,-0.620333697,-0.013671428,0.000979762,0.001259384,0.548949934,0.03295999,0.027800707,0.008151499,0.024591409,0.194896202,0.019003162,0.210179302,0.56560578,0.002456532,0.001144717,-0.000460595,0.009301265,0.008857773,-0.025907682,0.059568998,-1.61E-05,-0.055567905,0.03094391,-0.01063015,7.02E-06,0.094673334,0.000687999,0.558992317,0.012381373,0.309415447,-0.020269512,-0.005037975,-0.00618476,-0.030187838,-0.019625394,0.052510221,0.031635178,2.04067503,0.063174842,0.096950541,-0.000345532,0.145655333,0.171965557,0.107996333,0.04571786,0.002087644,0.100673136,-0.061500711,0.013435914,0.001340212,-0.030625088,2.013859121,-3.406491135,-0.097856728,-11.38455731,-0.012482046,-0.140961444,-0.025126924,0.00016874,0.000877551,-0.000567527,0.080392371,-0.0034117
offshore_killer_whales,NA,NA,NA,NA,NA,NA,NA,NA,NA,NA,NA,NA,NA,NA,NA,NA,NA,NA,NA,NA,NA,NA,NA,NA,NA,NA,NA,NA,NA,NA,NA,NA,NA,NA,NA,NA,NA,NA,NA,NA,NA,NA,NA,NA,NA,NA,NA,NA,NA,NA,NA,NA,NA,NA,NA,NA,NA,NA,NA,NA,NA,NA,NA,NA,NA,NA,NA,NA,NA,NA,NA,NA,NA,NA,NA,NA,NA,NA,NA,NA,NA,NA,NA,NA,NA,NA
other_toothed_whales,NA,NA,NA,NA,NA,NA,NA,NA,NA,NA,NA,NA,NA,NA,NA,NA,NA,NA,NA,NA,NA,NA,NA,NA,NA,NA,NA,NA,NA,NA,NA,NA,NA,NA,NA,NA,NA,NA,NA,NA,NA,NA,NA,NA,NA,NA,NA,NA,NA,NA,NA,NA,NA,NA,NA,NA,NA,NA,NA,NA,NA,NA,NA,NA,NA,NA,NA,NA,NA,NA,NA,NA,NA,NA,NA,NA,NA,NA,NA,NA,NA,NA,NA,NA,NA,NA
humpback_whale,0.002189821,1.29E-05,-3.47E-07,-9.70E-05,0.020403957,-9.17E-05,-2.61E-06,3.10E-05,-1.23E-05,-9.53E-06,0.000338131,0.000203257,3.65E-08,-6.64E-05,9.19E-09,-0.000606053,-1.30E-09,-0.304200007,-1.86E-05,5.15E-05,0.008800144,0.007591137,-0.001322893,0.068889396,0.005592326,0.000413184,9.31E-05,0.000844573,-0.000103292,0.00028708,-0.000112567,-0.001229038,0.015099425,0.000452485,0.003138216,0.007282507,-0.000432642,-9.83E-05,-0.000510575,0.000203044,-0.001254714,-4.31E-05,0.009734355,0.000142374,-0.000579067,0.000576168,-0.001574905,-3.87E-05,0.008711733,4.87E-05,0.010757639,-0.005770199,0.164618402,-0.014493367,-1.62E-05,0.000677835,-0.006163923,-0.003909071,-0.008729311,-0.003915265,-0.026515722,-0.000493359,-0.0025349,-2.90E-05,0.002806182,-0.003895263,-0.001251401,-0.000692191,-7.73E-05,-0.001612597,-0.012054276,0.000490809,0.001797385,-0.008138471,-0.053868878,0.062350032,-0.004824701,-0.017741821,-0.00155684,-0.018391282,-0.001542598,4.29E-06,-0.000215399,-1.83E-05,0.000513752,0.000887977
other_baleen_whales,6.21E-06,-1.55E-05,-1.33E-07,1.25E-05,-9.03E-06,0.003733459,9.15E-07,8.09E-05,-1.90E-07,-2.48E-07,0.00021257,4.52E-05,5.00E-10,-9.74E-07,-3.09E-10,-1.02E-05,-1.25E-10,0.300306708,-1.16E-05,6.26E-06,0.000946539,0.00136778,-2.96E-05,-0.007160736,-6.29E-05,-8.85E-05,-3.15E-05,-0.000147529,-7.52E-06,4.09E-06,-3.39E-06,-0.000203135,0.002010249,5.32E-05,0.002181814,0.003210867,0.000222843,-1.45E-05,-0.000266567,0.000234712,-0.000256421,-0.000844837,0.001432439,-3.58E-05,-0.000821502,8.36E-05,-0.000554814,-1.30E-05,0.000948754,6.86E-06,-0.000963332,-0.000639565,0.016615114,-0.002642033,2.72E-08,-0.000147649,-0.001054568,-0.000736606,-4.16E-05,0.000249016,-0.002733982,0.000311996,-0.000166678,6.57E-08,-0.002299105,-0.001623958,-0.000434268,-0.000584743,-2.59E-06,-0.00018246,-0.002173801,0.000816719,0.000322838,-0.001537732,-0.009657279,0.022062336,-0.001022303,0.00353853,-0.000210624,-0.003547784,-0.000346707,2.36E-06,-0.000738219,-3.55E-07,5.82E-06,-0.00024501
dolphins_porpoises,NA,NA,NA,NA,NA,NA,NA,NA,NA,NA,NA,NA,NA,NA,NA,NA,NA,NA,NA,NA,NA,NA,NA,NA,NA,NA,NA,NA,NA,NA,NA,NA,NA,NA,NA,NA,NA,NA,NA,NA,NA,NA,NA,NA,NA,NA,NA,NA,NA,NA,NA,NA,NA,NA,NA,NA,NA,NA,NA,NA,NA,NA,NA,NA,NA,NA,NA,NA,NA,NA,NA,NA,NA,NA,NA,NA,NA,NA,NA,NA,NA,NA,NA,NA,NA,NA
northern_elephant_seal,NA,NA,NA,NA,NA,NA,NA,NA,NA,NA,NA,NA,NA,NA,NA,NA,NA,NA,NA,NA,NA,NA,NA,NA,NA,NA,NA,NA,NA,NA,NA,NA,NA,NA,NA,NA,NA,NA,NA,NA,NA,NA,NA,NA,NA,NA,NA,NA,NA,NA,NA,NA,NA,NA,NA,NA,NA,NA,NA,NA,NA,NA,NA,NA,NA,NA,NA,NA,NA,NA,NA,NA,NA,NA,NA,NA,NA,NA,NA,NA,NA,NA,NA,NA,NA,NA
northern_fur_seal_adult,NA,NA,NA,NA,NA,NA,NA,NA,NA,NA,NA,NA,NA,NA,NA,NA,NA,NA,NA,NA,NA,NA,NA,NA,NA,NA,NA,NA,NA,NA,NA,NA,NA,NA,NA,NA,NA,NA,NA,NA,NA,NA,NA,NA,NA,NA,NA,NA,NA,NA,NA,NA,NA,NA,NA,NA,NA,NA,NA,NA,NA,NA,NA,NA,NA,NA,NA,NA,NA,NA,NA,NA,NA,NA,NA,NA,NA,NA,NA,NA,NA,NA,NA,NA,NA,NA
northern_fur_seal_juvenile,NA,NA,NA,NA,NA,NA,NA,NA,NA,NA,NA,NA,NA,NA,NA,NA,NA,NA,NA,NA,NA,NA,NA,NA,NA,NA,NA,NA,NA,NA,NA,NA,NA,NA,NA,NA,NA,NA,NA,NA,NA,NA,NA,NA,NA,NA,NA,NA,NA,NA,NA,NA,NA,NA,NA,NA,NA,NA,NA,NA,NA,NA,NA,NA,NA,NA,NA,NA,NA,NA,NA,NA,NA,NA,NA,NA,NA,NA,NA,NA,NA,NA,NA,NA,NA,NA
steller_sea_lion,-0.041692892,-0.003487632,3.57E-06,0.001670105,0.000455127,0.000178218,-0.000258005,0.012568051,8.52E-05,5.86E-05,-1.101914611,0.006455726,-4.13E-07,0.000189868,5.67E-08,0.000731883,3.04E-09,85.62161436,0.002327373,-0.002513011,-0.016121696,-0.019883445,-0.069212638,0.172934823,-0.139853342,0.035461653,-0.000433963,-0.046322589,-0.000458534,0.001048788,-0.000836851,-0.015515079,0.471144004,0.00223595,0.480836798,0.860466123,-0.014082015,-0.002772264,0.00364584,-0.011313145,-0.025915796,0.029953148,0.038658262,-8.68E-05,-0.114583101,0.003055319,0.000553539,-0.002476909,0.244253433,-7.66E-05,-0.222029949,0.039539676,1.015502854,-0.085618905,0.001504371,-0.053307696,-0.012167626,-0.043330291,-0.095159621,-0.004153824,-0.357538503,-0.023717434,-0.043504117,0.000703224,-0.185453849,-0.159247881,-0.105092568,-0.090489358,-0.000956943,-0.082020524,0.044198081,-0.065718591,-0.031421157,0.005579456,-1.037255913,0.707441909,-0.038445928,2.29738978,0.002781133,0.093038288,0.00250622,-0.000331175,0.00980572,0.000275858,-0.021993238,0.00584226
harbor_seal,0.061375486,0.004104546,0.039035326,0.003290679,-0.001700411,-0.001338794,4.17E-05,-0.105195287,-0.000985265,-0.000787087,-0.129818511,0.701997196,7.55E-07,-0.001903839,1.07E-07,-0.004925481,-1.22E-08,-31.7805739,-0.00030992,-0.005013174,-1.989778547,0.004201076,0.260769688,0.133409516,0.907993726,-0.001345043,0.095645653,-0.055798334,6.829397588,0.052205394,0.008517965,0.450570281,-2.38764569,-0.068493712,-2.389714559,-3.177391284,0.022772972,0.005713057,-0.010051729,-0.010942081,0.047374827,-0.046388362,0.07489761,0.004403765,-0.05768447,-0.046448017,0.001579071,0.005235494,-1.026714055,-0.002280834,-0.550105356,-0.283351027,-2.415630705,-0.923186771,0.001058002,1.124429365,-0.056535845,0.108964947,0.077113807,-0.02908486,0.073662978,0.003847847,-0.06487146,0.001946593,0.25490481,0.123350243,0.244182013,0.105991698,-0.003131217,-0.061893291,-0.164730332,0.160031742,0.098338428,-0.016229439,3.012827148,-0.68932404,0.014684432,-1.737063729,-0.007585053,-0.187809348,-0.000831038,-0.001323074,0.028011902,-0.000474895,-0.035004286,-0.279119176
sea_otter,NA,NA,NA,NA,NA,NA,NA,NA,NA,NA,NA,NA,NA,NA,NA,NA,NA,NA,NA,NA,NA,NA,NA,NA,NA,NA,NA,NA,NA,NA,NA,NA,NA,NA,NA,NA,NA,NA,NA,NA,NA,NA,NA,NA,NA,NA,NA,NA,NA,NA,NA,NA,NA,NA,NA,NA,NA,NA,NA,NA,NA,NA,NA,NA,NA,NA,NA,NA,NA,NA,NA,NA,NA,NA,NA,NA,NA,NA,NA,NA,NA,NA,NA,NA,NA,NA
piscivorous_surface_birds,-2.11E-06,2.64E-05,-2.05E-06,-9.39E-05,8.04E-05,5.17E-05,-5.06E-05,-0.000281603,9.19E-06,7.08E-06,-0.000922838,8.74E-05,-6.18E-08,-0.025869329,2.29E-08,0.000456386,8.32E-10,-0.265273704,6.37E-07,-2.39E-05,0.000495969,-0.002669386,0.002570445,-0.068696128,0.000739312,-0.000100933,-0.000246637,0.000205433,-0.00017526,-3.07E-05,9.00E-05,0.000637777,-0.002668968,-0.000114597,-0.008843628,-0.013603343,-0.001218425,-0.000107848,0.001163124,-0.001026369,0.001704559,0.006451801,-0.006154264,-0.000255139,0.002743537,7.92E-06,-0.000119033,-6.57E-06,-0.004845595,-2.65E-05,0.004354077,0.003768437,-0.102748533,0.004872635,-0.000104929,-3.54E-05,0.002239219,0.002753654,-0.002965114,-0.002203502,0.019246106,0.013446194,-0.001910847,0.00015578,-0.000981156,-0.000108503,0.008335306,9.20E-05,2.40E-05,0.002978015,0.004877596,0.002150626,0.000240645,0.000637619,0.029204999,-0.010460221,0.001637687,0.003770896,-3.06E-05,0.007340029,-0.000169809,-7.66E-05,0.001244982,0.000122202,-2.34E-05,-0.001453125
planktivorous_surface_birds,NA,NA,NA,NA,NA,NA,NA,NA,NA,NA,NA,NA,NA,NA,NA,NA,NA,NA,NA,NA,NA,NA,NA,NA,NA,NA,NA,NA,NA,NA,NA,NA,NA,NA,NA,NA,NA,NA,NA,NA,NA,NA,NA,NA,NA,NA,NA,NA,NA,NA,NA,NA,NA,NA,NA,NA,NA,NA,NA,NA,NA,NA,NA,NA,NA,NA,NA,NA,NA,NA,NA,NA,NA,NA,NA,NA,NA,NA,NA,NA,NA,NA,NA,NA,NA,NA
piscivorous_diving_birds,4.59E-07,-4.33E-05,-1.12E-06,4.09E-05,0.000139842,5.67E-05,-2.97E-05,-5.67E-05,1.63E-05,1.13E-05,-0.000693385,-0.00010072,-6.11E-08,0.002989722,1.81E-09,-0.024248594,1.22E-09,0.846375442,-1.46E-05,-5.24E-05,-0.004163295,-0.003019617,0.001009564,-0.133234158,-0.002594504,-0.000229572,-0.000291268,-0.001234831,-2.66E-05,-0.000333293,0.000213223,0.001204362,-0.011688739,-0.000432716,-0.004543302,-0.009318757,-0.000525347,-6.73E-05,0.001160495,-0.000925781,0.001161655,0.001904153,-0.007046913,-0.000321162,0.000296054,-7.93E-05,-0.000275378,2.07E-05,-0.007520937,-3.71E-05,-0.006895369,0.005652991,-0.136795364,0.002154759,-4.95E-05,-0.000920033,0.00252953,0.001456508,0.00432783,0.001845881,0.019633059,0.003748741,0.000954278,5.11E-05,-0.001016466,0.002992551,0.002981803,0.000660918,5.48E-05,0.001547866,0.005003807,0.00192379,9.10E-07,0.000720699,0.029200439,0.002545717,0.001856417,0.02215615,-3.64E-05,0.00770777,-0.000413248,-2.11E-05,0.00091885,1.07E-05,-0.000514106,-0.000662781
planktivorous_diving_birds,-4.98E-07,-7.11E-06,-5.91E-08,1.92E-05,2.02E-05,1.47E-05,8.73E-06,-6.14E-06,1.28E-06,1.14E-06,-5.29E-05,-2.55E-05,-4.50E-09,0.001189494,-1.26E-09,8.49E-05,-7.09E-06,0.201098497,2.07E-05,-8.57E-06,-0.001140529,-0.001043963,-1.70E-05,-0.008581421,-0.001389991,-8.40E-05,-1.59E-05,-0.000169378,-4.12E-06,-5.23E-05,1.16E-06,0.000185519,-0.001868032,-5.54E-05,-0.000300324,-0.000684306,-0.000258806,-4.85E-05,0.000161784,-0.000168439,0.000261816,0.00034959,-0.002079747,-5.58E-06,-0.000212436,-0.000198382,0.000476075,6.41E-07,-0.001262142,-7.57E-06,-0.000292503,0.000950358,-0.022793515,0.003114729,-4.14E-06,-0.000207408,0.001330951,0.000786902,0.002085614,0.000855384,0.007164304,0.000550346,0.000226667,1.00E-05,-0.000100722,0.000931098,0.000479957,0.000148706,9.35E-06,0.000238684,0.00164579,-0.00095257,-3.32E-05,-0.003912624,0.00440788,-0.006542702,-0.005810304,0.019392227,-0.001173283,0.006257504,-0.001569604,-3.46E-06,0.000192825,1.73E-06,-4.85E-05,-4.91E-05
salmon_returning,-0.016925426,0.430098039,0.002519876,0.016578946,-0.001410319,-0.00521529,0.007260159,0.072571754,-0.002170683,-0.001051624,-0.923772941,-0.101268036,-1.81E-07,-0.001856037,-1.97E-06,0.000113094,-2.24E-08,-614.839135,-0.003057876,-0.000542287,0.542367307,0.409370544,-0.055086569,-6.583294991,-0.242855463,0.010338457,-0.019732963,5.223142058,0.477620569,0.004200011,0.012233648,-0.116433607,0.142009598,0.01099063,1.704329513,1.96600491,-0.025114814,0.001602219,0.058862944,-0.05115707,-0.038187097,-0.000169605,0.639084162,-0.003825867,-0.38887988,-0.054202559,-0.177984464,0.0050198,-0.567405415,0.001306585,-0.460461365,0.200883082,1.318437104,-0.32068531,-0.002348141,-0.071390079,-0.285604484,-0.333265724,0.243317396,0.360400791,17.8957093,0.033909066,-0.015989821,0.000434236,-0.070380556,0.221142335,0.105896869,0.001943667,-0.002511029,-0.034417173,-0.734914787,-0.060217838,-0.041489957,-0.237327876,16.54134515,-27.772822,-0.853208468,-91.71114857,-0.141438771,-1.088198371,-0.258893043,-0.000567126,0.120952816,1.56E-06,-0.125384388,0.09260827
salmon_outgoing,-1.10E-06,-1.13E-06,-3.13E-08,-1.28E-06,-1.36E-06,-3.68E-06,-4.66E-06,-3.83E-06,5.60E-08,2.07E-07,-0.00044282,3.48E-06,-2.02E-09,-4.39E-06,4.24E-10,-3.00E-05,-1.07E-10,0.025964192,0.00017944,-6.94E-07,0.000141197,0.000198248,0.000583898,-0.005248098,0.000480664,3.78E-05,-6.93E-07,-5.03E-05,-6.11E-06,-3.62E-07,7.21E-07,-1.75E-06,-0.011110864,-3.11E-05,-3.14E-05,-0.000353054,-0.000127709,-7.55E-05,2.68E-05,-0.000101545,9.93E-05,-2.75E-05,0.000298616,-1.56E-05,0.00033067,-3.51E-06,-0.000177663,-2.97E-06,-0.001535189,5.61E-06,-0.000613418,0.000294422,-0.005563782,-0.000711498,-2.36E-06,-1.54E-06,-0.000454934,-0.00031284,-0.001006351,-6.79E-05,-0.001347054,-2.81E-05,0.000218642,8.79E-07,-1.33E-05,-0.000111766,0.000754799,4.68E-07,7.10E-07,-2.34E-05,-0.00058681,0.001757462,0.000596839,0.007875361,0.002786596,0.036581031,-0.0006756,-0.000530099,0.000296564,-0.001194475,-0.0003534,-1.02E-06,1.46E-06,5.70E-07,-1.49E-05,8.47E-06
pacific_hake,NA,NA,NA,NA,NA,NA,NA,NA,NA,NA,NA,NA,NA,NA,NA,NA,NA,NA,NA,NA,NA,NA,NA,NA,NA,NA,NA,NA,NA,NA,NA,NA,NA,NA,NA,NA,NA,NA,NA,NA,NA,NA,NA,NA,NA,NA,NA,NA,NA,NA,NA,NA,NA,NA,NA,NA,NA,NA,NA,NA,NA,NA,NA,NA,NA,NA,NA,NA,NA,NA,NA,NA,NA,NA,NA,NA,NA,NA,NA,NA,NA,NA,NA,NA,NA,NA
pacific_herring_adult,-0.035850992,0.075044357,0.014890156,0.093005951,0.006160752,-0.054045339,-0.003027619,-0.394494693,-0.055041112,-0.033407206,0.161331908,-8.234833717,3.28E-05,-0.084727732,-2.81E-07,0.013630202,-5.70E-08,90.5666982,0.000816725,0.017658965,-145.4129834,7.181332725,0.906319707,-21.28057602,1.531021662,0.030060675,9.253606709,0.483296065,-3.710120582,1.191968338,0.548125242,8.441865502,9.378435028,0.227306731,-6.605495505,-8.131953908,0.014357452,0.027124958,0.263622846,-0.08721622,1.79153388,-0.050795651,1.097512957,0.021304141,-0.53014381,-0.070639541,-0.313640965,0.054378341,-1.333036381,0.001602595,20.78148085,1.407474211,35.88179557,-1.792148633,0.044138061,-0.102528023,-0.571610863,0.918124411,0.03396551,-0.160797266,-0.120578967,0.301917217,1.585601384,-0.002243866,3.231202986,0.86824269,0.535151073,0.685152883,0.018181562,1.141923868,-1.568362985,-0.403689323,-0.160341041,-0.025525246,73.17811672,-6.76990558,-0.436409625,-0.182255089,0.074082571,-1.517910256,0.122607443,0.00130258,0.21685946,-0.00029271,2.682523495,2.011692885
pacific_herring_juvenile,NA,NA,NA,NA,NA,NA,NA,NA,NA,NA,NA,NA,NA,NA,NA,NA,NA,NA,NA,NA,NA,NA,NA,NA,NA,NA,NA,NA,NA,NA,NA,NA,NA,NA,NA,NA,NA,NA,NA,NA,NA,NA,NA,NA,NA,NA,NA,NA,NA,NA,NA,NA,NA,NA,NA,NA,NA,NA,NA,NA,NA,NA,NA,NA,NA,NA,NA,NA,NA,NA,NA,NA,NA,NA,NA,NA,NA,NA,NA,NA,NA,NA,NA,NA,NA,NA
pacific_sandlance,7.63E-05,-0.000875087,4.20E-05,0.001585526,0.002254035,0.001563132,0.000176245,0.00675607,0.000820684,0.000512749,-0.003432871,-0.003689569,-7.96E-07,0.001427795,-1.16E-07,0.011319801,1.73E-08,16.28287771,-0.000152798,-0.00081533,-0.084035154,-0.061001547,0.051016515,1.424164568,-0.009548457,-0.003974521,0.009602175,-0.003979572,0.001007326,-0.046514252,0.005453293,-0.122657833,0.142080194,-0.005436276,0.093050973,0.087942966,0.006649294,-0.001076453,-0.00837898,0.006064163,0.099125243,-0.010831473,-0.053342553,-0.00040928,-0.014833196,0.04100698,0.011725856,-0.001426533,-0.108594775,-0.000468982,-0.12656421,0.22399689,-1.440965129,0.089568632,-0.001274164,-0.014399202,0.061160734,0.029579279,0.088010552,0.059128697,0.272339308,0.013520269,-0.01363369,-0.000135982,-0.034110188,0.039046277,0.010969996,0.026385312,-0.000119648,0.039280471,0.073292053,-0.003231505,-0.00386043,0.023751086,0.30920767,0.33449271,0.023191795,0.415632241,-0.000169872,0.109488954,-0.005852618,-5.28E-05,-0.012464914,-8.70E-05,-0.003568671,-0.005744785
pacific_capelin,0.000113357,0.000535699,-1.15E-05,-0.001047342,-0.001249691,-0.000968475,0.000550116,0.005048591,-0.000336131,-0.000198575,0.017387997,0.002606168,3.88E-07,-0.00092949,1.82E-08,-0.006712098,-1.00E-08,-4.668642539,6.87E-05,0.001100228,0.050062816,0.038587923,-0.00136818,5.319011869,-0.006066015,0.001804712,-0.000475601,0.022342966,-0.000537567,-0.006377403,-0.002141131,-0.071162131,0.310193669,0.008731395,0.156267542,0.259796814,-0.000783854,0.000590288,0.006654833,-0.005468019,-0.004102221,-0.004910886,0.113550526,0.000712214,-0.010162876,0.011185505,-0.004614715,-0.000295441,0.151337515,0.000342034,0.242311724,-0.146497542,2.727469974,0.036101724,0.000866861,0.00673953,-0.027760682,-0.022328335,-0.0465566,-0.025496723,-0.104961103,-0.000889786,0.00018063,-4.75E-05,0.015767051,-0.021174457,-0.0194277,-0.021638459,0.000225424,-0.001952699,-0.039153972,-0.011526125,-0.006517141,-0.011535575,-0.565292923,-0.049203312,-0.014974577,-0.175676051,0.000682452,-0.063487644,0.003208672,3.31E-05,0.006000841,-1.30E-05,0.008827473,0.012993246
shelf_forage_fish,-0.000117658,0.001773797,2.78E-05,-0.001150495,-0.00268982,0.00028039,-0.000100279,-0.003477433,6.34E-05,4.87E-05,-0.006870741,-0.003934933,7.99E-07,-0.001648839,2.65E-07,-0.013494185,-1.89E-08,-26.90483836,0.000385412,2.51E-05,0.052483413,0.041698011,0.030944741,-1.053428126,0.392953977,0.005393556,0.014988591,0.037025237,-0.001548081,-0.001398133,-0.001579683,-0.007445464,0.208989367,0.004999684,-0.072357494,-0.062056365,0.011698211,0.000175093,-0.048103549,0.039586136,0.00466206,0.006297642,0.078189786,0.011962711,0.015352416,0.004336824,0.03481063,-0.001959404,0.066172392,0.000270357,0.089468222,0.063604224,1.644682291,-0.131358922,-0.001821603,0.023929138,-0.040616798,0.013234922,-0.148029385,-0.064003844,-0.528418016,-0.00387002,-0.111749414,-0.001089791,0.020360446,-0.112108552,-0.001135451,0.015609977,-0.003470563,-0.025174152,-0.111104559,-0.103188882,0.021534171,-0.04873924,-0.082582464,-0.377809552,-0.023718173,-0.802732721,-0.023940893,-0.155143805,-0.010991286,0.000116337,-0.042259011,-0.000888733,0.010707282,-0.013561555
slope_forage_fish,0.003704061,0.009521055,7.18E-06,0.005302911,0.003158217,-0.010092059,-0.01744205,0.249537261,0.001041196,0.000650505,0.291568738,0.041542214,-3.01E-06,-0.019692477,1.11E-06,0.021596956,-1.64E-08,-68.57944468,0.001437073,-0.00795136,0.740915683,0.513760516,0.015207507,-10.08136611,-0.081571083,-1.693260275,-0.032849357,0.109986865,0.030270512,0.039167496,0.034702007,-0.096062891,0.56119258,0.028884641,5.563504642,6.6599767,-0.063594476,-0.001276381,0.162487199,-0.148626985,-0.0402731,-0.05767273,0.939018845,0.015884926,-1.283755311,0.165134703,-0.128550452,0.022762033,0.038642226,0.003876123,-0.316381817,0.101597295,0.718774582,-0.231389002,-0.010749991,-0.368618194,-0.335207052,-0.819038824,3.926831418,-0.114360121,1.444799571,0.02740933,0.044647837,-0.001136693,-0.057557316,0.326526687,-0.022705744,0.021071019,0.000707249,-0.008291037,-0.812939401,0.072842348,0.20674262,-0.075925766,-1.203650398,-3.518268,0.012109802,-3.195067305,0.037222016,-0.891910007,0.095215052,0.00075473,0.19149792,-8.27E-05,0.003377977,0.207886728
pacific_dogfish,-0.000457226,-0.001811362,-0.234052594,-0.347410258,-0.000993763,-0.000617497,-0.000123235,0.200208011,-0.000387404,-0.000301984,0.000239625,-0.084497528,9.75E-08,-0.001362863,3.42E-08,-0.005295456,-1.10E-08,3.483103757,8.64E-05,-0.000189126,-4.668032466,-5.824996678,0.056859668,0.790363384,-10.29343841,0.002491575,-14.4316426,1.518237223,0.11752067,0.066472138,0.035130149,0.124424273,-0.233766387,-0.008029699,-0.420365219,-0.483652678,0.056640188,0.003097887,-0.174623942,-0.00456073,-8.413982828,-0.097657304,0.183387018,0.00649042,-0.060687538,0.28442221,0.154586252,-0.007495064,-0.403450073,-0.001089099,-0.502253064,-0.053089312,-2.094979295,-0.21286373,-0.008317022,0.07062554,-0.037517432,-3.706943542,-0.045873725,-0.064590122,-1.363095843,-0.029984027,-0.013633798,-0.000398179,-3.316158414,-0.072722921,-0.112383421,-0.034692057,-0.001188263,-0.890528231,-2.846579425,0.003214427,0.010431478,-0.01793683,-0.917035778,0.006721025,-0.01063505,0.504728167,0.002852666,-0.14282818,0.006802875,-0.000720456,-0.139419389,0.000701935,-12.24154874,-8.880711287
salmon_shark,NA,NA,NA,NA,NA,NA,NA,NA,NA,NA,NA,NA,NA,NA,NA,NA,NA,NA,NA,NA,NA,NA,NA,NA,NA,NA,NA,NA,NA,NA,NA,NA,NA,NA,NA,NA,NA,NA,NA,NA,NA,NA,NA,NA,NA,NA,NA,NA,NA,NA,NA,NA,NA,NA,NA,NA,NA,NA,NA,NA,NA,NA,NA,NA,NA,NA,NA,NA,NA,NA,NA,NA,NA,NA,NA,NA,NA,NA,NA,NA,NA,NA,NA,NA,NA,NA
pacific_sleeper_shark,-0.000117673,0.002861354,-0.067076805,-0.003257958,-2.19E-05,-8.94E-05,8.01E-05,-2.20E-05,-3.69E-05,-3.24E-05,-0.023534852,0.006371643,1.10E-06,-0.000439176,-2.77E-07,-0.000547733,-1.33E-09,-21.84082679,0.000185773,0.000568715,0.00641313,0.007010872,0.037650032,-0.116995678,0.078825631,-0.0045179,0.00478096,0.054776618,-1.863579027,0.006173628,0.000625367,0.012768708,0.066390894,0.010483303,-0.066689407,-0.18590643,-0.018095125,-0.000123247,-0.011889039,0.026754359,0.028775707,0.098717235,-0.030621944,0.000288298,0.246735133,0.006079648,0.000463292,-0.000233562,-0.047461023,-0.000235931,1.283789314,0.0732798,-0.048436504,-0.094742083,-0.0011962,-1.659591848,-0.00596732,0.061452572,0.061399014,0.02501249,0.28706406,0.081471643,0.227214371,-0.004603955,0.307370058,0.270977723,0.079555028,0.129608248,0.0053864,0.284647823,-0.005545827,0.015030787,0.007871892,-0.002335717,0.493475924,-0.373574222,0.00098245,-1.273062655,-0.000727371,-0.048860324,-0.001365598,0.002479113,-0.090970305,-0.000217447,0.098934279,0.479314153
big_skate,-0.013976711,0.004570836,0.000688216,-0.941856562,-0.000624538,-0.004579366,-0.00070445,0.422033739,-0.001544173,-0.001162342,-1.323141623,-0.107617982,5.11E-06,-0.000586723,-5.31E-07,-0.004009169,-2.63E-08,11.06946157,-0.001663473,-0.01016809,-0.842025981,-1.07753574,-20.36438168,-3.414466969,0.60709386,-0.039738476,0.135420878,-0.680265339,0.028650313,-105.2719853,0.189366707,2.133100003,-12.7164384,-0.297785503,-21.0748915,-5.771671212,0.921413803,0.137249824,-0.643560004,0.982222877,-19.72539783,-1.634143655,0.439914776,0.005652254,-7.906531433,1.474199592,0.319769912,-0.117473496,-2.797617417,-0.00807297,-29.11171364,-2.732132474,-30.18339647,-3.450985978,1.967559712,1.130536063,-0.152078456,-29.05961952,0.801225244,0.004939107,0.898382683,2.076080379,-53.5047819,-0.010710297,6.690340927,-12.12261095,6.660973218,0.847695541,-0.196735879,-7.297881301,0.66816515,0.243837143,0.257599669,0.004674543,4.739902066,-0.056577929,0.097441386,-0.905957088,0.038370362,-0.709939635,0.040388483,0.008536203,-1.048778224,-0.228391998,2.487829222,-0.786069564
longnose_skate,-0.014935142,0.003284147,0.000342208,-0.940383259,-0.001081778,-0.00183878,9.08E-05,0.817973639,-0.000766405,-0.000469704,-1.414631976,-0.077263123,-2.81E-06,-0.000975287,-2.93E-07,-0.006364836,-2.75E-08,-2.917044323,-0.000509739,-0.013750461,-0.883808333,-0.845631447,-1.816464432,0.545060071,-1.145286611,0.03544659,0.187376815,-0.490269473,-0.060128529,0.383038787,-81.3966268,-1.558718588,-9.581490809,-0.251861947,-26.47843873,6.145527227,0.28172758,0.025367383,-2.662352273,-6.485433191,-15.37451785,-0.503970922,0.507122682,0.012318923,-0.573360835,1.685890572,0.176198138,1.198343062,-2.643213398,-0.003228104,-54.65256698,-1.765164769,-27.58651209,0.90211492,-0.51299633,0.059062053,-0.131063231,-9.926140813,-2.12688064,-0.078513023,-0.767222335,-0.93095753,-8.356647187,0.00196936,-12.09445749,-4.879807873,-4.184059492,-1.275446213,-0.064565308,-3.521097225,0.227377807,0.293750646,0.126188482,-0.011937113,0.96526813,-0.354416346,0.135891347,-0.885103813,0.000454126,-0.552369145,0.015390535,-0.004248429,-0.43663831,-0.013848278,-30.28389246,-0.533508807
other_skates,-0.090366449,-0.213672164,-0.003835692,-8.909924474,-0.039170634,-0.036674279,-0.016786127,-0.013337181,-0.01761309,-0.014588645,-15.49424118,-1.994386683,-9.96E-05,-0.027474035,1.07E-06,-0.181916252,-4.91E-07,-568.638446,-0.126113575,-0.274479183,-83.1770882,-135.7254843,-1100.399229,-62.68827383,-398.4306005,0.194770908,0.504311164,-31.5423777,-1.773224443,1.754477599,17.68111126,-3538.712723,-985.7032835,-19.58935384,-594.0892829,-121.4877578,2.987090446,0.933524508,-22.06291612,7.216661071,-37.70391889,4.711703077,4.781997003,0.136037033,-8.888162369,-6.891311623,0.801815616,-64.8350732,-170.161718,-0.35855021,-867.9121984,-35.1270294,-3351.820223,-12.52446398,-1.64580231,-0.84517606,-3.149913571,-472.2619084,-22.31083565,-2.218840837,-56.77031034,-42.42418608,-894.0434943,0.123767941,-1279.814433,-40.64644983,1.568876933,-745.4460159,-2.137953775,-202.9308288,-8.061469075,11.54929995,-89.49738431,-0.694396731,48.3138274,-19.21760013,3.232207764,-38.95765624,-0.538859012,-12.19557474,-0.012430012,-0.189722196,-5.291901879,-0.925659722,-387.303468,-21.85775485
pacific_halibut_adult,0.001410747,-0.003516418,-0.000383406,-0.001930671,5.12E-05,0.000126558,9.41E-05,-0.012371009,9.57E-05,2.25E-05,0.054771893,0.005606495,-7.81E-06,-0.000283965,-1.43E-07,-3.29E-05,5.61E-10,3.700925763,0.001435187,0.001686923,-0.011643559,-0.00397108,-0.118198658,0.035499537,-0.004220826,0.000189491,-0.001076974,-1.32142169,-0.149079173,-0.038056146,-0.005226897,-0.12667017,18.20567369,-0.924784809,0.966300828,0.888457813,-0.002181008,-0.000546766,0.01746134,-0.008457409,-0.036048711,0.003757283,-0.017502209,-0.003232845,-0.000611416,0.052680932,-0.005043765,-0.0003484,0.281506859,0.00166814,-0.33477119,0.008793389,0.950406358,0.581298557,0.010621616,-0.016518976,-0.003059496,-0.093094002,-0.0326671,0.021860904,0.194183775,-0.039361699,-0.106456053,-0.003786447,0.000997772,0.015307178,-0.08308804,-0.002650889,0.000525776,-0.008495161,0.02139201,0.002584672,3.09E-05,-0.003577215,0.289896905,-0.28124535,-0.00471248,-0.890119352,-0.001779885,-0.023610117,-0.002436535,0.003125899,0.008586342,-1.38E-05,0.008238477,-0.019455059
pacific_halibut_juvenile,-0.000641051,-0.00096515,0.000441969,0.007428404,-0.000626007,-0.000866135,-0.000299291,0.054893885,-0.000303683,-0.000185327,-0.046289138,-0.003073039,1.05E-05,0.000422955,4.91E-07,-0.002550152,-6.19E-09,49.85854541,0.009303381,-0.001883375,0.02827706,0.013613361,-2.624293409,0.094389689,-0.143320808,0.001968272,-0.00653945,7.01622087,0.126912067,0.053941612,-0.000296141,0.123839578,18.31521129,-5.72576813,-0.9420616,-0.451166844,0.135169883,0.015605965,-0.29011078,0.142192134,-0.354796992,-0.788820797,0.11324855,0.006551683,-0.057971274,-0.188684727,0.002573691,-0.005735251,-1.021492495,-0.004094173,-4.188919172,-0.382761881,-5.755639956,-0.274292975,0.02732956,0.004021823,-0.030441795,-0.550881111,-0.194677139,-0.037750299,-0.996972269,0.166496714,-3.716098866,-0.013188708,-0.645335256,-2.796305343,-7.456137124,-1.401617983,-0.024265571,-1.654338598,-0.110348096,0.055780818,-0.018950032,0.003419567,-0.846373648,1.016091918,0.035260411,3.432589795,0.004688005,-0.098742341,0.012211258,0.0119762,-0.247030553,-0.012617641,-0.501481369,-0.186299484
arrowtooth_flounder_adult,0.005353572,-0.021864207,-0.000380356,-0.03599647,0.001815384,0.001205046,-0.000938185,-1.041609208,0.000707346,0.000179569,0.227877947,0.01520478,2.07E-06,0.001181643,7.39E-08,0.00915948,2.15E-08,8.953597292,0.000271167,0.009357882,-0.050506952,-0.054101156,0.531569282,-2.527615254,0.948805667,-0.068867431,-0.012347168,0.363920972,-0.013934561,-0.604682523,-0.814527046,-1.285318395,4.628176223,0.226686937,-2.658915383,-17.83881086,0.037277212,-0.002432335,0.181867117,-0.126116768,0.454348081,0.011342659,-0.482304469,-0.012406945,0.274474419,0.014563765,-0.072953237,0.003484003,0.371473788,-0.002423539,22.89686404,0.388709422,1.410572757,-2.893927198,0.184694618,0.094697339,0.068601291,1.185112417,1.043126015,0.02470001,0.454697703,0.494630095,0.524461035,-0.002605388,2.968884949,1.265886439,1.314595186,0.41965715,0.016682998,1.10559451,-0.035402703,-0.084936044,-0.040869517,0.010941699,1.609398975,0.299914453,-0.088707275,0.546324448,-0.000483863,0.184893324,-0.00769848,0.000995581,-0.001911588,-0.006191543,0.533869123,0.165666339
arrowtooth_flounder_juvenile,-0.003057583,0.007994974,-0.000130367,0.045110423,-0.002378573,-0.002153799,0.000816363,2.316288619,-0.000569831,-0.000237633,-0.082374756,0.007013739,-3.19E-06,-0.001364272,-1.47E-07,-0.012255057,-3.87E-08,-12.04812878,5.27E-05,-0.004232446,0.263406827,0.201163224,-0.862534441,7.274764412,-0.888306195,0.06615376,0.012381248,-0.088583844,-0.036771991,-0.126033232,0.198095932,0.344558454,-1.743201131,-0.05672354,0.395906476,24.84457925,0.057510991,0.010530164,-0.397895552,0.281708104,-0.87319428,-0.211267024,0.976460335,0.017689648,-0.441645356,0.161597925,0.04390334,-0.013883367,-0.103781755,0.004324315,-39.36865793,-0.774553016,4.068355899,3.444111852,-0.016915953,-0.096838863,-0.205605656,-1.947155709,-1.271173397,-0.003598716,-0.768159023,-0.802808337,-1.474171451,0.00407104,-7.039990658,-3.476384775,-2.613329724,-1.116538212,-0.030113963,-1.988337437,-0.176590215,0.057033731,0.046151984,-0.030127672,-9.106234232,-1.001983331,0.0660015,-1.403005989,0.00950483,-0.645918507,0.034881817,-0.001524118,-0.109545362,0.007507107,-1.004089835,-0.49447428
rex_sole_adult,0.000105017,-0.000594156,0.000381125,-0.003841798,4.79E-05,-6.30E-05,-0.000454319,0.04848618,-1.71E-05,-0.000142915,0.011858685,-0.003823677,-2.48E-06,5.58E-05,-8.93E-08,0.000158472,-4.25E-09,-6.497164135,-7.12E-05,0.000468982,0.009130495,0.007784001,0.032028803,-0.405628987,-0.238703858,-0.00307636,-0.005571681,0.038814229,0.071614432,-0.028167159,-0.014717241,-0.062568835,0.900841124,0.019075918,-1.487338756,-1.960217129,-40.05420995,-0.874902923,0.067243151,-0.038010624,-0.076667975,-0.463507263,0.003330844,-0.003528947,0.008773677,-0.070061378,-0.005858895,0.003540833,0.043134426,9.14E-05,3.504779633,0.093879509,0.193530941,-0.178553622,0.021267352,0.001683087,-0.000307912,0.032038346,0.068692946,-0.042634319,-0.089427422,-0.048049059,0.890162437,0.002496169,0.233223591,-5.390691211,-4.578537146,-8.817884065,-0.17215816,-32.41890626,-0.023250455,-0.175011342,-5.436602166,-1.553685129,-7.145973694,0.128140018,-0.028328587,-0.469298021,-0.012993074,-0.191032378,-0.00720119,-0.006549225,-0.316256572,0.005071807,0.0731344,0.542838805
rex_sole_juvenile,0.000877463,0.00158561,0.00075701,-0.006816486,0.000535132,-0.000169521,-0.002287966,0.098362388,0.000128474,2.11E-06,0.054999436,0.006181602,-4.48E-06,0.001430134,7.78E-08,0.003938997,-1.77E-08,-26.09685237,-0.000115186,0.002597822,0.140334415,0.100779718,0.004226699,-2.360276531,-0.451257761,0.003857761,-0.022338841,0.102033318,0.127679043,-0.047573624,-0.023357086,-0.172645888,1.606460241,0.045892148,-0.592485768,-0.916481786,-82.51201116,-41.14455755,-0.011158423,0.157566906,-0.219704024,-0.918818883,0.380120042,-0.004024045,-0.092187449,-0.125285849,0.022385567,0.000853405,0.267295984,0.001115473,3.08503926,0.047071235,3.110167238,-0.205493272,0.006903014,-0.032212725,-0.067903754,-0.031558329,0.016023641,-0.143216322,-0.329730846,0.018240206,-0.874034304,0.000180639,0.167222595,-11.7149832,-10.26850605,-18.96782528,-0.289061066,-63.72829055,-0.64258028,-0.254971536,-18.91116101,-3.018350214,-32.495337,0.554675691,-0.418047705,-1.765436741,-0.049866529,-0.633905129,-0.025755696,-0.006875386,-0.539534009,0.001716269,0.072068563,0.82047661
flathead_sole_adult,0.000190243,-0.000582056,-2.79E-05,0.006286157,7.07E-05,-0.000146669,-4.68E-06,0.03014276,3.44E-05,-1.79E-05,0.033280784,0.008664632,3.84E-07,0.000236509,1.05E-07,0.000555571,4.49E-10,-0.025812255,-0.000183983,0.000887736,0.001121169,0.001038872,-0.041998914,0.023189919,-0.222023888,0.000947256,0.004696495,-0.041081453,-0.010071331,-0.044943612,0.118775254,-0.005800305,-0.743134185,-0.030693006,0.018006079,0.236931547,0.023120266,0.00033204,6.647940154,-3.00051288,-0.053706199,-0.134669019,0.019057094,0.000687777,-0.041556588,-0.003352538,-0.001365386,-0.005670508,0.214610673,0.000485849,-2.874996998,-0.034584912,3.358973054,0.065071168,-0.476223049,-0.011847586,-0.00086638,-0.089271222,-0.095541154,-0.00079017,-0.036381022,-0.021518604,-0.227167482,-0.002760067,-2.201411764,-0.943916179,-1.648439556,-0.3004745,-0.002244807,-1.043075689,0.003222395,-0.032847639,-0.066528233,-0.002248206,-0.705442906,0.002118974,-0.01262309,-0.06297519,0.001318362,-0.021700355,0.001271472,0.001854134,-0.072955955,0.002852267,-0.488373683,-0.140434624
flathead_sole_juvenile,0.00136684,-0.000841343,-0.00032198,0.028060633,0.000616394,-0.000388085,-0.000523952,0.111238107,0.000194068,8.40E-05,0.129082582,0.029567655,2.44E-07,0.001174097,3.00E-07,0.00399225,-1.14E-09,-3.342638974,-0.000143229,0.004234752,0.028971443,0.022753574,-0.239977578,-0.258207153,-0.682538494,0.006444459,-0.004519153,0.029811669,-0.047642161,-0.296777704,0.142096806,-0.190169839,0.208019064,0.005341236,1.54179438,2.566138828,0.167030227,0.043591339,9.766586754,-26.31751337,-0.283722193,-0.377738535,0.149984557,-4.59E-05,-0.128488456,0.001968041,0.005495301,-0.009714251,0.697926895,0.001901038,-25.12152972,-0.166845224,8.166887488,0.762185801,-0.55216694,-0.042815247,-0.021028203,-0.50737931,-0.391168609,-0.007253129,-0.248524092,-0.228478899,-2.018916768,-0.007433953,-6.50164973,-4.015133812,-5.962145894,-0.860301099,-0.021216947,-3.414589391,-0.057052378,-0.087458108,-2.57732045,-0.11242599,-6.647568821,0.159342331,-0.120527072,-0.380073275,-0.014214438,-0.158839557,-0.006915556,0.00522039,-0.163500602,0.003767531,-1.392126196,-0.268841483
shallow_water_flatfish,-0.00012573,-0.000407294,1.08E-05,0.002807264,-0.000146567,-9.75E-05,1.01E-05,-0.001485103,-5.70E-05,-5.56E-05,-0.033365295,-0.000516154,-2.41E-07,-0.000284753,-1.93E-07,-0.001455398,-5.66E-09,-1.709220486,-8.44E-06,-6.91E-05,0.001531724,-0.000106218,0.04273905,0.028895104,-0.014989497,-0.00015078,0.045911502,-0.032561201,-0.007210836,-0.000979491,-0.006815981,0.001502848,-0.640508287,-0.011782494,-0.362936586,-0.411740973,0.144092957,-0.001567956,0.008531909,-0.015664409,-1.136874869,-0.307466475,-0.002418351,-0.00049517,0.021161611,1.26183176,-0.016009529,-0.022230869,-0.388636903,-0.001044817,-1.81006771,-0.131648753,-0.455108311,-0.008971925,-0.019820557,0.148288009,-0.003414545,0.601808168,-0.013926869,-0.022933555,-0.0544864,0.021926942,0.408475443,-0.003084764,0.234033278,0.058571214,0.17534425,0.228196833,0.004564655,1.050928453,-0.076872351,0.039077062,0.003933413,0.004673481,-0.069215726,-0.022079099,-0.002024345,-0.162362869,-0.000404372,-0.06871596,0.001178348,-0.002422648,-0.155006931,0.003146903,-0.066012271,0.281011416
deep_water_flatfish,0.000358824,0.001069505,-0.004640703,0.008230487,-0.001684529,0.00072844,-2.30E-07,-0.515808198,3.16E-05,2.40E-05,-0.010059176,0.015352021,-5.71E-06,-0.002918099,-9.18E-07,-0.010875848,-1.25E-08,-19.3638846,0.000659841,0.000268613,0.034978516,0.027771822,0.020978121,-0.618784961,-0.016669558,0.004918478,0.025776454,0.05210723,-0.701199229,0.066623744,0.01449668,0.05611365,0.780326933,0.022310025,-0.240617688,-0.115882063,-0.82037287,-0.006572369,0.142579027,-0.157273178,0.4157192,-299.6340806,-0.077677689,8.43E-05,0.004846851,0.229191719,0.03631133,-0.014110115,0.003305825,-0.001017606,-2.568072384,-0.056836363,1.928588987,0.060161212,-0.052506171,-0.058142949,-0.012342898,-0.765140069,-0.143883283,0.157559576,-1.37255315,-1.32798139,-2.634088439,0.046071107,-0.91487977,-3.811167082,-104.8610819,-3.618254579,-1.598070481,-195.4898754,-0.038730238,-0.090308134,-0.048495955,-1.975448655,-10.31464966,-0.372808313,-0.020422429,-0.000884405,-0.07106723,-0.07847598,-0.020494285,-0.015393686,0.816101857,-0.016341023,-0.054933941,-1.538145051
pacific_ocean_perch_adult,-0.012274434,-0.003623263,0.001979868,-1.492398827,0.001911265,-0.001763468,-0.002906446,1.102272068,0.000489437,-0.001641988,-0.944330906,-0.03137521,7.42E-05,0.004664452,1.07E-07,0.017434064,-4.23E-08,38.13948429,-0.003644696,0.003250558,0.728189203,0.544143421,0.111318086,-4.131117587,-0.810522766,0.572167974,-0.039527097,0.016771147,0.30530101,-0.056299023,0.005583238,-0.284977495,-9.417633463,-0.298314299,2.284399739,2.548537121,0.147853329,0.043361734,-0.103318461,0.188825725,-0.166087321,-0.50860358,-236.5022122,-3.573227258,-0.297269584,-0.065022952,0.247716536,-0.004720035,-0.397648665,0.003649609,-1.622031466,0.298700451,5.893491533,-0.888905715,0.013613267,-0.085826745,-0.435269801,-0.296865111,-0.276219069,-0.59668984,-4.489938909,0.054456138,0.284343192,0.076511978,-6.822447367,-0.06836751,-19.35037784,-0.111055274,-0.000775681,-0.842669281,-8.175080053,-34.9082537,-9.403644513,-15.05427875,-192.6853769,44.72500907,-34.64284626,-1.327424433,0.001156949,-1.272797,0.018186564,0.00431351,0.012281525,0.002674177,-0.084696254,-0.46555956
pacific_ocean_perch_juvenile,-0.00060003,-0.000234781,8.11E-05,-0.071103965,0.000317346,-0.000284235,-0.000333784,0.068971823,5.23E-06,-5.54E-05,-0.048203702,0.000183932,4.49E-06,0.000608321,2.47E-08,0.00259383,-2.74E-09,4.975384448,-0.000319517,0.000447737,0.057819738,0.047239167,0.004351873,-0.461343329,-0.052402772,0.036599379,-0.005461532,0.002986914,0.015307816,-0.006600126,0.000194508,-0.033259031,-0.444744881,-0.011838741,0.258113058,0.295672551,0.010549435,0.002335872,-0.013282129,0.017502961,-0.014289158,-0.077871866,-15.92444223,-9.18827097,-0.022227673,-0.004699167,0.059550813,-9.45E-05,0.010499843,0.0002651,-0.133961998,0.024401635,0.684988796,-0.077834725,0.001756637,-0.008900313,-0.049103154,-0.017166403,-0.023474267,-0.042111825,-0.264899431,0.044378506,0.039242657,0.00452413,-0.389170615,-0.002674154,-2.02880534,-0.009444177,0.000385182,-0.040211651,-0.534693291,-5.52793652,-0.5340149,-0.934751223,-14.31011652,3.930932956,-3.504286437,-0.166421561,-0.005275116,-0.131629204,-0.002856429,0.000841894,-0.005141033,0.00034217,-0.004472709,-0.025887933
slope_rockfish,0.000314279,2.05E-05,0.00017813,0.003032891,-1.23E-05,5.78E-06,-3.57E-06,-0.003053621,6.39E-05,2.16E-05,0.011539634,0.00054334,-1.30E-06,1.46E-05,1.89E-08,1.97E-05,3.29E-10,-0.098252674,-6.69E-06,-5.50E-06,-0.002064581,-0.001062711,-0.001717077,0.022421774,0.000391762,0.003357447,0.000191004,-0.000521535,0.024524229,-0.045472228,1.35E-05,0.001108443,-0.007629649,-0.000340369,-0.018002702,-0.01732798,-6.08E-05,-2.97E-05,0.001744327,-0.001442077,-0.002278637,-0.000737856,-0.003058795,-5.11E-05,-0.049191578,0.000417066,-6.02E-05,6.22E-05,-0.001671673,-1.70E-05,0.007808295,-0.001071615,-0.014368361,-0.005173594,0.000389727,-0.15979844,0.000449759,-0.003378988,0.000231817,-0.00069718,-0.01390329,0.001059738,-0.006944473,3.70E-05,-0.005203516,-0.00897012,0.002383903,-0.000632885,-0.000155055,-0.005256703,-0.000351163,-0.001313118,-0.001608358,-0.00094326,-0.024294428,0.005449727,-0.002379019,-0.0021007,-6.55E-05,9.07E-05,-7.62E-05,4.13E-06,0.000601116,-1.30E-05,0.000736427,-0.000657146
demersal_shelf_rockfish,-0.00033463,-0.000256901,3.52E-05,-0.007514011,1.52E-05,-1.48E-05,-1.89E-05,0.001706294,-0.000194111,-0.000100826,-0.020700781,-0.001710958,1.78E-06,-6.67E-05,-7.94E-08,-0.000243152,-1.48E-09,1.707381963,-0.000112561,0.000189716,0.002466169,0.002449639,0.005027779,-0.03513889,0.007844575,8.41E-05,0.004928966,0.168403386,0.001996604,0.011216035,0.004259149,0.007680284,-0.086886417,-0.002283177,-0.068910235,-0.08213473,0.00567439,0.000217572,-0.008175455,0.007964396,0.820247265,-0.008480513,0.00773698,0.000212182,-0.008993674,-2.867400104,0.009768339,-0.001135481,-0.539845966,0.000904836,-0.125648801,-0.025584715,0.212677553,-0.014165764,-0.000581252,0.002344207,-0.001105055,0.705970674,0.000905362,-0.000241086,-0.007008257,0.000182882,0.013731036,1.71E-05,0.302208982,0.017585826,0.009211871,0.005422629,0.000405485,0.010705187,0.048801144,-0.002021012,0.000875552,-0.000133118,0.07144849,0.031056995,0.000289313,0.088377189,0.000587318,-0.005461855,0.000608381,-0.000109758,-0.008673232,0.000138447,0.031188075,0.003355946
pelagic_shelf_rockfish,-0.001264504,-0.000601677,0.000263251,-0.096055319,0.001261834,-0.000654073,-0.001449382,0.120620334,-0.001363661,-0.000832179,-0.064588778,-0.014504961,2.81E-05,0.000317247,-1.53E-06,0.003655091,-2.76E-08,26.4593652,-0.000461384,0.001169278,0.157960757,0.131750827,-0.053161467,-2.01700958,-0.081312281,0.010085882,-0.005740206,0.778159176,0.043075264,-0.069741245,-0.006919025,-0.153724046,0.620896879,0.017370852,1.514356805,1.892276114,-0.033997292,0.014098677,0.039691437,-0.011999591,0.055810665,0.017418641,0.832511968,0.073461625,-0.082228761,-0.343895071,-57.74406604,0.003586271,-0.216575804,-0.000128859,1.234956838,0.488491983,2.314866277,-0.352113385,-0.002516027,-0.030150451,-0.176588542,1.861677234,0.074700971,-0.054800543,-1.320482421,-0.210540514,0.056921835,-0.000167541,0.134660791,0.320957436,-0.414263967,0.147303513,0.002440736,0.212147006,-21.92499384,-32.68788464,0.036741028,-0.230545028,-32.44608415,3.421280121,-2.995687182,-0.47523306,-0.035670266,-0.528647005,-0.031615798,0.000514443,0.079248289,-0.000247603,0.010677906,-0.044726779
thornyheads,-0.013089414,-0.001738806,0.00167921,-0.787844185,0.000838176,-0.003907009,0.000462339,0.510903556,0.000477607,0.000307124,-1.125032593,-0.010394178,9.28E-05,-0.006333074,-6.25E-06,-0.017985964,-1.09E-07,17.2076726,0.000588257,0.006673633,0.071471861,0.025706203,-0.564509957,-1.379019449,-0.28762194,-1.46022581,0.005157322,0.255972271,0.273242073,-0.306874838,6.342926356,-2.334221974,3.208239186,0.057834519,2.183774264,2.514163569,0.994677409,0.105123825,-1.589443931,3.193014729,3.705866931,-2.054352869,0.395113001,0.0023295,-1.614034063,-0.007363406,-0.026021724,109.338605,-2.386854182,-0.002022566,-15.2127564,-0.973048003,28.12907582,-0.647212308,-6.112824819,-0.206477302,-0.061254952,1.969192983,3.115119892,0.705548946,0.703448735,3.944781056,-1.249803422,0.294082394,21.0726296,30.66524086,5.647472252,4.66617203,0.662746966,10.11064306,-0.035609839,0.179569839,2.092209384,0.855527621,-1.818805725,0.539146975,-0.118815648,-0.87675169,0.012686501,-0.852960811,0.026380046,0.007217024,-1.754763753,-0.080776947,4.867682974,-2.959832955
sablefish_adult,0.000940221,-0.001703784,-0.000122992,0.088367054,-0.000160945,0.000119759,0.000325082,0.084621016,0.000143451,0.000128353,0.130960294,0.03582436,4.49E-08,-0.000237389,1.49E-07,-0.001282178,6.02E-09,-18.0124232,0.007037548,-0.008174592,-0.096684289,-0.135836047,-0.208317136,1.850340006,-0.585358235,0.009086315,-0.010996869,-1.854466076,-0.008933124,-0.029740586,-0.006586927,-0.39894378,3.900757514,0.104892027,3.354002807,4.568945203,-0.030975642,-0.009033434,0.066754644,-0.081359793,-0.461673214,0.025063462,-0.138163918,-0.005154243,0.056131026,-3.209775903,-0.1404,0.000398511,-14.22715154,-0.067294429,0.769114934,0.218830079,-2.352840892,1.213076736,0.007820978,0.002856568,0.05579124,-0.774441039,-0.144522539,0.004061104,-0.563436684,-0.259332336,-0.098648601,0.000769828,-1.043127553,-0.337168062,-0.389855742,-0.271698248,-0.01862841,-0.06202121,-1.786953459,-0.288635194,-0.127364874,-0.011741509,-6.657452255,-0.181599174,-0.057403401,-0.859224486,-0.01050624,0.182195512,-0.014986479,0.000138271,0.040144726,-0.000404651,-2.032908238,0.113198562
sablefish_juvenile,-0.005322905,-0.018535312,-9.11E-05,0.141403914,0.000983542,-0.000359451,-0.000802223,-0.486859748,-0.00036935,1.49E-05,-0.361103876,-0.075436285,8.74E-07,0.001338012,-4.34E-07,0.007174731,-1.61E-08,2.529335517,-0.013030489,0.007558466,0.389192904,0.410263247,0.457228222,-5.653514647,1.149096336,0.005126759,0.043708949,-3.47975545,-0.058382406,0.111816806,0.014634262,1.314218512,-4.945742041,-0.242814665,-7.849137695,-9.229122004,0.079308037,0.026182935,-0.193669257,0.17314857,1.316126531,-0.149161309,0.523103255,0.01917478,-0.176203889,-5.175938578,0.47102389,0.003016539,13.51141314,-4.355309712,-0.55641235,-0.367500313,2.954953732,-4.6082868,0.001142932,-0.036682548,-0.256652878,1.669555658,0.293208692,0.005780873,1.534051846,0.491961555,0.347110272,-0.017271053,2.315087011,0.654125279,0.327540143,0.556246008,-0.26126705,0.126871628,3.346351071,0.605295608,0.264890136,-0.021397698,6.995440299,-1.062985972,-0.221962772,-1.239926014,0.018724396,-0.786350299,0.026434325,0.001030666,-0.075443103,0.002197076,3.855503626,-0.171409103
pacific_cod_adult,0.00358305,-0.015752434,-0.002627163,0.213455255,-0.002787199,0.001300401,-0.00031751,0.012667187,0.000188761,0.000280486,0.232151151,0.054093324,-1.62E-05,-0.00175766,3.39E-07,-0.01382952,-1.50E-08,-36.20973806,0.001085809,0.002327629,-0.011859363,-0.009895877,-1.321550083,0.903299931,-1.457191705,0.018106501,0.012135971,0.305235584,-0.378319592,-3.12136047,-0.000204047,-0.365825247,4.330980191,0.147196612,1.230297072,5.607741505,-0.253734274,-0.028133916,-0.127712733,-0.609628951,-1.606728204,0.851050101,-0.040795899,0.00509126,0.268119565,0.019143415,0.071858945,0.026175724,0.803850907,0.006122998,-65.01418096,-0.500425401,-15.85275948,3.103014679,0.261812321,0.054745985,-0.013860922,-3.678654768,-2.146950891,-0.082349157,-1.749120217,-3.743438855,-8.073939876,0.012500427,-11.39556835,-9.56651235,-13.54930667,-2.644084323,-0.140467498,-7.252089115,0.255177796,-0.170128336,-0.049071036,-0.051476131,-3.17971828,-0.421909485,-0.041306637,-0.539899963,-0.025966742,0.020702909,-0.016510085,-0.00171137,0.355208224,0.035192457,-4.666653079,0.345616364
pacific_cod_juvenile,-6.20E-05,0.000239056,4.17E-05,-0.00437557,0.000115024,-0.000113538,1.75E-05,0.000672153,-2.00E-05,-1.87E-05,-0.006809771,-0.001647704,4.15E-07,7.78E-05,-8.84E-09,0.000588985,3.06E-10,2.241123277,-6.28E-05,-6.81E-05,0.002301047,0.002583612,0.171612884,-0.162970186,0.114389951,-0.005304023,-0.000825123,-0.010795904,0.003581906,0.017284104,0.001193416,0.019449375,-0.207217298,-0.004346812,0.041655118,-0.174250694,0.012953769,0.001871499,0.007759293,0.031603424,0.08574368,-0.046153521,0.006135469,-0.000293882,-0.015263636,0.002779496,-0.000578277,-0.001199473,-0.030775329,-0.000463985,5.091184845,2.404650112,1.063844918,-0.143952682,-0.00643458,-0.00257529,-0.000321072,0.245395308,0.105795184,0.005796864,0.093247145,0.204673909,0.412325053,-0.00062012,0.69250183,0.876150963,0.895381533,1.154385578,0.007068104,0.454488467,-0.00184008,0.015385179,0.039206172,-0.001026245,0.283690901,-0.016432214,0.002663034,-0.020747023,0.000665249,-0.011737506,0.0008687,0.000123498,-0.029750622,-0.002160871,0.247569981,0.003857002
walleye_pollock_adult,-0.101786479,-0.182698421,-4.96E-05,0.184802768,0.006545304,0.000627685,-0.013697865,-8.745700349,-0.012500253,-0.003254786,-5.421926968,-1.04475561,1.67E-07,0.010813376,-3.89E-07,0.048411774,3.94E-09,-10.03548397,-0.009789851,-0.319403331,1.874233595,1.03483004,6.65411829,-20.60464796,4.631950728,-0.229641431,0.342296289,-9.219371849,-0.672309935,0.747767334,-0.545785624,24.73833265,-80.47514901,-4.842171389,-160.184907,-161.691459,0.098296689,0.095716106,-0.788277448,0.665989444,2.158403983,1.950278407,0.909715381,0.104827684,0.800991375,-3.040041566,-0.267918871,0.101953039,-29.22178303,0.004905977,37.69890708,-4.734923196,-107.6632187,-88.4796576,0.441287455,0.128234535,0.045900234,6.904155661,4.804789123,0.029827938,2.999315477,-0.432552412,3.172504587,0.005802257,9.673035554,3.262628607,6.835408958,2.853852881,0.013181023,2.199212374,-2.871089873,3.327478153,1.747324262,0.188078957,25.76792693,-1.475122837,0.662164749,-4.107693222,0.000929248,-0.025287898,0.01113288,-0.007620187,0.001924551,0.017331871,-0.530769586,-0.296419312
walleye_pollock_juvenile,0.001637233,0.002663639,-4.18E-05,8.42E-05,-0.0002089,-2.47E-06,0.000238014,0.132338722,0.000264827,-1.39E-06,0.11325323,0.008640689,-1.85E-07,-0.000343778,2.67E-09,-0.001570545,8.99E-10,-2.424527261,7.18E-05,0.005406299,-0.046109721,-0.030283568,-0.091801192,0.785997296,-0.090188646,0.003478573,0.000507532,0.047464656,-0.003615727,0.016783694,0.029239059,-0.10239556,0.602362997,0.021820574,2.720461157,3.139926264,-0.011704732,-0.003469609,0.006419497,-0.010617359,-0.042357904,0.006034213,-0.032297067,-0.001971247,-0.003890198,0.022451576,0.004067794,-0.000628096,0.330373343,-0.0004335,-1.284302832,0.04136002,1.979635838,-0.279087559,-0.009666618,-0.003714931,0.018586146,-0.118941884,-0.086077978,0.002783668,-0.042808278,-0.033077863,-0.036126922,0.000426235,-0.288957334,-0.186274311,-0.162555086,-0.118716687,-0.000733438,-0.091275072,0.05036778,-0.118606404,-0.05179407,-0.012000416,-1.384100596,0.100567145,-0.124832557,0.046641781,8.65E-05,0.050760169,-0.001775065,-0.000237716,0.008204486,0.000239632,-0.012905856,0.004131188
large_sculpins,-0.001708767,-0.00231472,-3.93E-05,0.028187097,0.001016181,-0.000779668,5.84E-05,0.023333201,-0.000162114,-9.54E-05,-0.084162258,-0.121738381,-2.36E-06,0.000504591,-2.96E-07,0.004108112,7.14E-10,12.52232273,-0.001027021,5.14E-07,0.008314323,-0.000754905,0.076202859,0.564205059,-0.4012867,0.003391552,-0.001976938,-0.146768211,-0.027888813,3.321739032,0.079930983,0.374373208,-5.261577243,-0.124427331,-0.524573673,1.090978042,0.233085896,0.038352121,-0.113077012,-3.83776496,-0.479977329,-0.414458103,-0.007093598,-0.005566797,-0.256400672,-0.04109742,-0.01952491,0.116029387,-0.280985874,-0.000113946,-14.42644901,-0.579427583,-0.4625509,0.029037424,8.605390749,-0.086803586,0.013382335,0.037718647,-0.197276731,0.058048389,0.100459854,-0.2115076,-11.17761348,-0.003719365,-1.783840769,-3.019440456,-2.584364391,-1.185639071,-0.181101718,-5.300986415,0.022411001,0.024368012,-0.029694008,0.011726034,-0.664373671,0.161469916,-0.004309021,0.054363161,0.011737889,-0.073159073,0.008350166,0.002042077,-0.28945649,-0.072946054,-0.586711256,-0.228143332
lingcod,NA,NA,NA,NA,NA,NA,NA,NA,NA,NA,NA,NA,NA,NA,NA,NA,NA,NA,NA,NA,NA,NA,NA,NA,NA,NA,NA,NA,NA,NA,NA,NA,NA,NA,NA,NA,NA,NA,NA,NA,NA,NA,NA,NA,NA,NA,NA,NA,NA,NA,NA,NA,NA,NA,NA,NA,NA,NA,NA,NA,NA,NA,NA,NA,NA,NA,NA,NA,NA,NA,NA,NA,NA,NA,NA,NA,NA,NA,NA,NA,NA,NA,NA,NA,NA,NA
atka_mackerel,NA,NA,NA,NA,NA,NA,NA,NA,NA,NA,NA,NA,NA,NA,NA,NA,NA,NA,NA,NA,NA,NA,NA,NA,NA,NA,NA,NA,NA,NA,NA,NA,NA,NA,NA,NA,NA,NA,NA,NA,NA,NA,NA,NA,NA,NA,NA,NA,NA,NA,NA,NA,NA,NA,NA,NA,NA,NA,NA,NA,NA,NA,NA,NA,NA,NA,NA,NA,NA,NA,NA,NA,NA,NA,NA,NA,NA,NA,NA,NA,NA,NA,NA,NA,NA,NA
shelf_demersal_fish,-0.000789308,0.001991565,-0.000344541,-0.009799424,-0.000587767,0.000361585,0.000430394,0.089232452,-6.94E-05,-4.02E-05,-0.064827575,-0.003917746,1.74E-06,-0.000339971,2.38E-07,-0.002797519,1.02E-09,-4.164128448,0.000217693,-0.001914102,-0.038306648,-0.033587276,-0.049698211,0.628256701,-0.021366336,0.002604435,-0.075949027,0.046149589,-0.002801764,-0.440319548,-0.061664666,-0.193474985,0.012774531,0.011656338,1.570675189,1.488017573,-0.054940814,-0.005940934,0.101567233,-0.085535367,0.07205254,0.069160517,-0.236246872,-0.010531628,0.146743171,-0.838422464,-0.525269828,0.00795487,0.13526634,0.00029721,1.548607369,0.717883125,-2.500330953,0.062193245,-0.01577665,0.046708108,0.022542842,1.373574218,-0.039331176,-0.049557714,-0.062954431,0.104895758,-0.121185292,-0.0011245,0.967600908,0.475368053,0.163339712,0.323189458,-0.000286922,0.278540378,-1.246489977,0.102937552,0.018246704,0.017551583,0.072420284,-0.097045402,0.023799825,0.184071187,-0.020750033,0.064864089,-0.010858673,0.00084078,0.099621065,-0.001940494,0.047325376,0.088467701
slope_demersal_fish,-0.007781985,-0.020163395,0.000150352,0.017341997,-0.000606944,-0.004128521,0.037781107,-0.396031061,-0.00037416,-0.000208429,-0.536082539,0.001705836,-9.90E-07,-0.006025946,-2.12E-06,-0.003718078,-3.10E-08,199.1548398,-0.003281734,0.001705145,0.276596048,0.225765912,0.072956221,-4.449296016,0.003128512,0.318489961,-0.01149484,-0.148049201,0.024036571,-0.185757989,-0.065249154,-0.329748758,0.523653995,-0.004404453,-8.55953857,-10.032843,0.140809523,0.044193024,-0.157174683,0.182227759,0.133334134,0.023907544,0.408753801,0.008145614,-1.266268437,-0.124947786,0.074372461,-0.071704705,0.364709681,0.002139052,1.053906108,0.375042326,4.360770164,-1.490499732,0.022054484,-0.24199349,-0.17203283,0.963595081,-1.91780249,0.493330774,-2.762255672,0.042160778,-0.019767281,0.001147371,0.791437187,-0.042627448,0.04406058,0.111733291,-0.000279242,0.103433644,0.115414173,-0.139683752,-0.39288312,0.023681083,-2.611404811,4.145299396,-0.194443828,2.893381692,0.030144259,-0.530811656,0.005993915,-0.001438488,-0.068382064,0.000468591,0.015618893,-0.020610888
miscellaneous_deep_sea_fish,NA,NA,NA,NA,NA,NA,NA,NA,NA,NA,NA,NA,NA,NA,NA,NA,NA,NA,NA,NA,NA,NA,NA,NA,NA,NA,NA,NA,NA,NA,NA,NA,NA,NA,NA,NA,NA,NA,NA,NA,NA,NA,NA,NA,NA,NA,NA,NA,NA,NA,NA,NA,NA,NA,NA,NA,NA,NA,NA,NA,NA,NA,NA,NA,NA,NA,NA,NA,NA,NA,NA,NA,NA,NA,NA,NA,NA,NA,NA,NA,NA,NA,NA,NA,NA,NA
squid,NA,NA,NA,NA,NA,NA,NA,NA,NA,NA,NA,NA,NA,NA,NA,NA,NA,NA,NA,NA,NA,NA,NA,NA,NA,NA,NA,NA,NA,NA,NA,NA,NA,NA,NA,NA,NA,NA,NA,NA,NA,NA,NA,NA,NA,NA,NA,NA,NA,NA,NA,NA,NA,NA,NA,NA,NA,NA,NA,NA,NA,NA,NA,NA,NA,NA,NA,NA,NA,NA,NA,NA,NA,NA,NA,NA,NA,NA,NA,NA,NA,NA,NA,NA,NA,NA
octopus,-0.000742003,-0.000960097,0.002627527,0.047651545,-0.000540461,-0.000564698,0.000146225,0.011262757,3.70E-05,1.91E-05,0.000153166,-0.007043357,2.89E-05,-0.01877397,-9.68E-06,-0.025209151,-1.81E-08,-0.107894428,-0.000757927,0.000203502,-0.034737006,-0.025445395,-0.043979703,0.324371774,-0.070807561,0.000603924,-0.035705911,-0.298485017,0.309192469,-0.309984076,-0.05182312,-0.098610082,-4.022334768,-0.191862849,0.596252145,0.722494334,0.523413295,0.010844261,-0.687071618,0.545957331,-0.503343005,-3.166506056,0.386846227,0.035893006,0.023138838,-0.313107171,0.047488164,-0.018606761,-0.074480235,0.00078831,-5.646532415,0.021149626,-1.058535183,-0.13984714,0.118166256,0.00402715,-0.020404612,-0.225967689,-0.096841865,0.830353962,0.428584447,-5.592769416,1.586654378,-0.043324994,0.066450088,0.388471958,-3.580437749,0.160226242,0.010393126,-1.344005482,0.065198293,-0.0022494,0.031913294,0.001972745,0.204844053,0.056991211,0.013442143,-0.462038738,0.000267956,-0.134303571,0.000556441,0.026047303,-0.601989725,0.015797399,-0.149382441,0.495454588
tanner_crab,0.000831041,-0.00256197,-0.000259546,0.031869762,0.000187179,-0.000895357,-6.62E-06,0.002334521,7.09E-05,5.66E-05,0.07057165,0.015098361,-6.53E-06,0.0001168,3.24E-08,0.001203841,2.88E-09,-1.766378918,-0.000561089,0.00092678,-0.023866451,-0.01099658,-0.038571554,0.640620182,-0.233770812,0.006711908,-0.012655941,-0.172085421,-0.042789375,0.757098655,0.026292699,0.907949798,-2.629679825,-0.073067705,0.573261743,1.188568854,0.429716116,0.08605903,-0.693766162,0.751867439,-0.355552826,-0.560560086,-0.087292723,-0.007079089,-0.580050919,-0.124785448,-0.003011583,-0.080635533,0.214280937,0.002201763,-26.05283279,-1.077459771,-2.273400981,-0.040413389,-0.779786092,-0.158746636,0.021440692,-0.436219905,-0.295420671,-0.077175285,-0.213576077,-0.65285011,-24.20332558,0.000241596,-1.244814755,-1.228483398,-3.684605575,-0.804895939,-0.261759177,-10.44131816,0.074076669,-0.034692723,0.016597558,0.004768805,-0.570932448,0.099152804,-0.017154102,-0.324328059,0.003314257,-0.118870145,0.002513631,-0.007831092,-0.340016255,-0.173545301,-0.846287956,-0.388770708
king_crab,1.42E-05,7.32E-06,-4.19E-06,0.000107218,-3.30E-07,1.04E-05,-7.00E-07,-0.000126092,1.41E-06,2.47E-07,0.000198366,-2.53E-05,8.54E-08,1.30E-06,-6.58E-09,1.39E-05,1.05E-11,-0.07316363,2.08E-05,1.52E-07,-0.000174355,5.97E-05,-0.001242315,-0.00054385,-0.000897711,-0.000123259,-0.000442461,-0.004009468,-0.000129471,-0.005016392,-0.001084078,-0.000748274,0.182693891,-0.002247253,0.000705113,-0.001022682,-0.01082992,-0.000196321,-6.45E-05,-0.003133866,0.00557078,0.064032182,0.020499537,0.000513256,0.059268064,0.000698629,-1.31E-05,0.007202474,-0.001072094,0.000346835,-0.000763807,0.002650807,-0.010744622,0.006526611,0.001027888,-0.004811258,0.000208453,-0.001633933,-0.000921436,0.00029342,0.001498725,-0.041259032,-0.051094562,-2.710022137,-0.010549796,-0.004022673,0.898275773,0.075118176,0.134177998,0.643252564,0.000932258,0.004550796,0.001226986,0.001939249,0.02851508,-0.00743714,0.004655081,0.007564273,-0.000193012,0.005467016,-0.000184793,-0.001086716,0.017795232,0.009888095,0.009569179,0.116124391
pandalid_shrimp,0.000758756,0.000997996,1.40E-05,0.0015495,4.80E-05,-0.000586005,4.85E-05,0.043755093,0.000130596,4.70E-05,0.051580557,0.009590091,-6.47E-07,7.57E-06,-7.27E-09,0.000187467,-3.76E-10,0.26670443,8.83E-05,0.002150294,0.004858877,0.003310631,-0.048112043,-0.042277631,-0.040226668,0.004231252,-0.001092364,0.062158835,0.005277347,-0.053657643,-0.006040839,-0.066090148,0.758670965,0.035128757,1.016161013,1.207417878,0.003731923,-0.000133031,-0.44220047,0.36033196,-0.022296106,0.006256256,0.059414255,-0.000692591,-0.214808861,0.018372678,-0.020808806,-0.012909437,0.21902348,0.000385998,-0.566523707,0.032405348,4.027593723,0.517161623,0.024850227,-0.067078305,-0.005213398,0.014132737,-0.040771362,0.009100164,-0.026276961,-0.022420493,-0.061227712,0.000244385,-1.630435428,0.034577492,-0.055987552,-0.409715501,0.000104273,-0.164239666,-0.044866045,-0.029242155,-0.015186549,0.000293566,-0.599629352,-0.014698567,-0.008860301,-0.065843838,0.001422435,-0.04485543,0.002556481,2.50E-05,-0.114512031,-9.21E-05,0.000422638,-0.491749784
nonpandalid_shrimp,NA,NA,NA,NA,NA,NA,NA,NA,NA,NA,NA,NA,NA,NA,NA,NA,NA,NA,NA,NA,NA,NA,NA,NA,NA,NA,NA,NA,NA,NA,NA,NA,NA,NA,NA,NA,NA,NA,NA,NA,NA,NA,NA,NA,NA,NA,NA,NA,NA,NA,NA,NA,NA,NA,NA,NA,NA,NA,NA,NA,NA,NA,NA,NA,NA,NA,NA,NA,NA,NA,NA,NA,NA,NA,NA,NA,NA,NA,NA,NA,NA,NA,NA,NA,NA,NA
motile_epifauna,-0.000188792,0.000208793,-0.000565326,-0.014992487,-5.09E-05,-0.001297594,1.37E-06,0.020615947,5.57E-05,1.76E-05,0.043949059,0.006353646,3.57E-05,0.006019568,3.47E-06,0.007050006,6.03E-09,-4.946599592,-0.000661567,0.001020978,-0.015549432,-0.010351589,-0.007897843,0.128879474,-0.004176261,-0.000368595,-0.018876951,-0.181831106,-0.087435901,-0.098692387,-0.025907238,-0.108865231,-3.17487317,-0.113634925,0.738728795,0.845314666,0.351074634,0.026232973,-0.939828068,0.881432894,-0.294225567,-3.640475151,0.467021728,0.042348894,0.043285192,-0.156893975,0.00362552,0.01176705,0.279127176,0.001213956,0.582363039,-0.304425226,1.641756529,-0.604578257,0.073609922,-0.029087448,-0.045304302,-0.071682501,-0.000644719,-0.367318922,-0.2276627,3.335332528,1.429175162,-0.079154433,0.241681075,-0.124784322,-2.309097275,0.027339101,0.012154248,0.570250734,0.028479973,-0.010746583,0.01547855,0.004239925,-0.063699166,4.49E-05,-0.001635752,-0.433937353,0.005321437,-0.162014918,0.005741189,0.050867877,-0.775914292,0.010326262,0.056611625,-0.200130591
benthic_zooplankton,NA,NA,NA,NA,NA,NA,NA,NA,NA,NA,NA,NA,NA,NA,NA,NA,NA,NA,NA,NA,NA,NA,NA,NA,NA,NA,NA,NA,NA,NA,NA,NA,NA,NA,NA,NA,NA,NA,NA,NA,NA,NA,NA,NA,NA,NA,NA,NA,NA,NA,NA,NA,NA,NA,NA,NA,NA,NA,NA,NA,NA,NA,NA,NA,NA,NA,NA,NA,NA,NA,NA,NA,NA,NA,NA,NA,NA,NA,NA,NA,NA,NA,NA,NA,NA,NA
sessile_epifauna,-1.78E-05,9.23E-05,1.08E-05,0.000338978,-0.000210318,5.18E-05,1.00E-05,-0.000208739,7.80E-06,3.69E-06,-6.15E-05,0.000186177,-7.81E-08,-0.000104935,1.28E-08,-0.001075863,-1.01E-09,0.299435337,-3.30E-06,5.54E-05,0.004753922,0.002212514,0.000628835,-0.055448764,0.049782082,0.000305255,0.004389432,-0.000827737,-0.001309821,0.026703979,0.002914474,0.008650372,0.008458679,-0.000428841,0.007052939,0.010525361,-0.003005516,0.000397446,-0.016805781,0.012615906,0.017353102,0.046214534,0.007387582,0.001186038,0.011019378,0.00401643,0.00353062,0.00048265,0.037831908,-0.030675854,-0.031902106,0.00108085,0.049351467,0.009509145,-0.005009635,0.007935188,-0.000702383,0.004049048,0.003006474,-0.001161188,0.016386814,-0.002889353,-0.021411494,-0.009521462,0.001751952,-0.005028524,-0.005814582,0.010464455,0.111986051,-0.019431068,-0.001872026,0.007964588,-0.000961354,0.000802566,0.009327342,-0.005079517,-0.000195566,0.006695485,0.000860469,0.000609984,0.000611471,6.20E-05,-0.006944487,-0.000506226,0.002596327,0.022225651
infauna,NA,NA,NA,NA,NA,NA,NA,NA,NA,NA,NA,NA,NA,NA,NA,NA,NA,NA,NA,NA,NA,NA,NA,NA,NA,NA,NA,NA,NA,NA,NA,NA,NA,NA,NA,NA,NA,NA,NA,NA,NA,NA,NA,NA,NA,NA,NA,NA,NA,NA,NA,NA,NA,NA,NA,NA,NA,NA,NA,NA,NA,NA,NA,NA,NA,NA,NA,NA,NA,NA,NA,NA,NA,NA,NA,NA,NA,NA,NA,NA,NA,NA,NA,NA,NA,NA
gelatinous_carnivores,-0.00035498,-0.00206283,-0.000106476,0.003708956,-0.000181017,0.000169515,0.00224393,-0.129175424,-0.000386229,-0.000274057,-0.015632013,-0.017624501,-5.15E-08,-0.00182773,-4.42E-07,-0.005778256,6.48E-09,-12.98717232,-4.03E-06,0.000652228,-0.300481939,-0.248492231,-0.039615863,4.527183557,-0.004047819,0.00773354,-0.025308674,0.019517117,-0.003866966,0.23393686,0.032522239,0.284903787,-0.816240723,-0.026343949,-2.925271177,-3.570961309,0.062323194,-0.063758417,-0.05327285,-0.031880773,-0.230457009,-0.117188323,-1.482880674,-0.02047866,0.098116442,1.183896737,-3.736601951,-0.014122902,1.055679571,0.000998734,-3.981007424,-1.446126563,2.353752772,0.589493244,0.010207912,0.036307706,0.203818502,-6.278933958,-0.416785911,0.105167183,0.081793672,-0.173935668,0.026166984,0.002717222,-2.090627914,-1.164952457,-0.331787024,-0.653887849,-0.002034888,-0.757082875,-17.69853076,-1.306004169,-0.10445765,0.107883577,-2.877022829,0.624813596,0.090003296,0.675733184,-0.188237017,0.378934909,-0.111173763,-0.002143231,-0.201877092,0.002601224,-0.082284752,-0.23048157
other_gelatinous_zooplankton,NA,NA,NA,NA,NA,NA,NA,NA,NA,NA,NA,NA,NA,NA,NA,NA,NA,NA,NA,NA,NA,NA,NA,NA,NA,NA,NA,NA,NA,NA,NA,NA,NA,NA,NA,NA,NA,NA,NA,NA,NA,NA,NA,NA,NA,NA,NA,NA,NA,NA,NA,NA,NA,NA,NA,NA,NA,NA,NA,NA,NA,NA,NA,NA,NA,NA,NA,NA,NA,NA,NA,NA,NA,NA,NA,NA,NA,NA,NA,NA,NA,NA,NA,NA,NA,NA
mysids,NA,NA,NA,NA,NA,NA,NA,NA,NA,NA,NA,NA,NA,NA,NA,NA,NA,NA,NA,NA,NA,NA,NA,NA,NA,NA,NA,NA,NA,NA,NA,NA,NA,NA,NA,NA,NA,NA,NA,NA,NA,NA,NA,NA,NA,NA,NA,NA,NA,NA,NA,NA,NA,NA,NA,NA,NA,NA,NA,NA,NA,NA,NA,NA,NA,NA,NA,NA,NA,NA,NA,NA,NA,NA,NA,NA,NA,NA,NA,NA,NA,NA,NA,NA,NA,NA
pelagic_amphipods,NA,NA,NA,NA,NA,NA,NA,NA,NA,NA,NA,NA,NA,NA,NA,NA,NA,NA,NA,NA,NA,NA,NA,NA,NA,NA,NA,NA,NA,NA,NA,NA,NA,NA,NA,NA,NA,NA,NA,NA,NA,NA,NA,NA,NA,NA,NA,NA,NA,NA,NA,NA,NA,NA,NA,NA,NA,NA,NA,NA,NA,NA,NA,NA,NA,NA,NA,NA,NA,NA,NA,NA,NA,NA,NA,NA,NA,NA,NA,NA,NA,NA,NA,NA,NA,NA
euphausiids,0.003567292,0.000865309,-0.000198466,-0.007969255,0.007501084,0.00357044,-0.003577817,0.211908859,0.002958895,0.001462231,0.156934576,0.086653414,-4.96E-06,0.010361779,-1.95E-07,0.046029659,-5.93E-08,43.76691176,-0.000136316,0.006355686,1.998762966,1.335677864,-0.033556244,-24.66919761,-0.366724904,0.06835612,-0.110433596,0.088763901,0.053450202,-0.009233043,0.054901945,-0.545591052,1.44321342,0.05721023,4.097004666,4.494669249,0.080634456,0.057952309,0.159409991,-0.074552376,0.033012483,-0.164475838,2.265826503,0.062870491,-0.455817289,0.210118635,-0.166481777,0.002054626,0.448134805,0.014506144,-1.389520154,0.741436896,6.122377907,-1.635008416,-0.011608339,-0.186699732,-0.863619081,-0.505425918,-0.422311372,-0.274490836,-0.395146506,-0.037394799,0.080726286,-0.000760023,0.541211434,0.270097187,-0.129227168,0.141131685,0.002228656,0.064001945,-1.391159602,-0.065677679,-0.032964752,0.051228243,-6.004855811,-4.743881323,-0.242857669,-3.378657918,0.115069532,-2.036270021,0.209609877,0.000181295,0.224871152,0.000894123,-0.029718046,0.300229964
large_copepods,2.72E-05,0.00374314,2.61E-05,5.44E-06,0.001435739,0.003274553,0.000312264,0.016010891,-0.00016239,-8.59E-05,0.006092314,-0.001522905,1.62E-07,-0.000386742,-5.11E-08,-0.001181152,3.24E-09,-2.617566669,0.000885427,0.000563678,-0.072486874,-0.09981404,-0.02003518,1.500636984,-0.016098149,-0.001139152,0.002350929,0.050813525,0.002569258,-0.005636075,-0.000952121,-0.028268269,0.154292798,0.007464441,0.329365904,0.373209668,0.03730863,0.013223312,-0.001824555,0.016728357,-0.009582965,-0.007422984,-0.029486607,0.024668429,-0.00695657,-0.020203277,0.157666518,0.000362935,0.055470468,-0.000269267,0.104639205,-0.020587218,1.166071749,0.231045146,0.000388586,-0.001348838,0.083999319,0.028484857,0.009997216,0.010419906,0.015303894,0.006535929,0.001352682,3.70E-06,0.020973012,0.027516945,0.000428591,0.005058165,0.000307453,0.023596292,0.144860929,0.034311125,-0.028074239,0.144918071,0.01277427,-3.838539871,0.073142324,-0.725218353,0.072968569,0.167852988,0.112444244,4.16E-05,0.012884725,-3.66E-05,0.005836907,0.010715093
small_copepods,0.001892294,-0.000119219,-0.000120575,-0.00572658,0.003978991,0.00071326,-0.002734688,0.10724231,0.001714128,0.000850855,0.074390511,0.048856989,-2.99E-06,0.00634753,5.10E-07,0.032817764,6.64E-08,31.08041602,-0.000979178,0.003123437,1.140687404,0.776485296,-0.026941812,-14.21525312,-0.20292368,0.035251895,-0.066477592,0.037206901,0.03048703,-0.005773204,0.02938693,-0.298593548,0.672946183,0.028000257,2.045869804,2.186154868,0.048202579,0.031482579,0.088584669,-0.042075238,0.022412128,-0.091134531,1.09874557,0.016299795,-0.213423978,0.117186459,-0.110683953,0.000748894,0.196717356,0.006905035,-0.809066571,0.395688563,2.235820898,-0.650876349,-0.005560077,-0.097921738,-0.324807043,-0.257985782,-0.224181629,-0.1827877,-0.237984251,-0.026799705,0.052629829,-0.000383492,0.277383036,0.129755741,-0.070039142,0.079880623,0.001488428,0.038956427,-0.835541882,-0.043186624,-0.016895624,0.060468964,-3.195440514,1.048932793,-2.511319038,1.982883313,-0.201365237,-0.152700557,-0.345596025,0.000103474,0.117673825,0.00057532,-0.020101438,0.156652889
large_microzooplankton,NA,NA,NA,NA,NA,NA,NA,NA,NA,NA,NA,NA,NA,NA,NA,NA,NA,NA,NA,NA,NA,NA,NA,NA,NA,NA,NA,NA,NA,NA,NA,NA,NA,NA,NA,NA,NA,NA,NA,NA,NA,NA,NA,NA,NA,NA,NA,NA,NA,NA,NA,NA,NA,NA,NA,NA,NA,NA,NA,NA,NA,NA,NA,NA,NA,NA,NA,NA,NA,NA,NA,NA,NA,NA,NA,NA,NA,NA,NA,NA,NA,NA,NA,NA,NA,NA
small_microzooplankton,NA,NA,NA,NA,NA,NA,NA,NA,NA,NA,NA,NA,NA,NA,NA,NA,NA,NA,NA,NA,NA,NA,NA,NA,NA,NA,NA,NA,NA,NA,NA,NA,NA,NA,NA,NA,NA,NA,NA,NA,NA,NA,NA,NA,NA,NA,NA,NA,NA,NA,NA,NA,NA,NA,NA,NA,NA,NA,NA,NA,NA,NA,NA,NA,NA,NA,NA,NA,NA,NA,NA,NA,NA,NA,NA,NA,NA,NA,NA,NA,NA,NA,NA,NA,NA,NA
large_phytoplankton,NA,NA,NA,NA,NA,NA,NA,NA,NA,NA,NA,NA,NA,NA,NA,NA,NA,NA,NA,NA,NA,NA,NA,NA,NA,NA,NA,NA,NA,NA,NA,NA,NA,NA,NA,NA,NA,NA,NA,NA,NA,NA,NA,NA,NA,NA,NA,NA,NA,NA,NA,NA,NA,NA,NA,NA,NA,NA,NA,NA,NA,NA,NA,NA,NA,NA,NA,NA,NA,NA,NA,NA,NA,NA,NA,NA,NA,NA,NA,NA,NA,NA,NA,NA,NA,NA
small_phytoplankton,NA,NA,NA,NA,NA,NA,NA,NA,NA,NA,NA,NA,NA,NA,NA,NA,NA,NA,NA,NA,NA,NA,NA,NA,NA,NA,NA,NA,NA,NA,NA,NA,NA,NA,NA,NA,NA,NA,NA,NA,NA,NA,NA,NA,NA,NA,NA,NA,NA,NA,NA,NA,NA,NA,NA,NA,NA,NA,NA,NA,NA,NA,NA,NA,NA,NA,NA,NA,NA,NA,NA,NA,NA,NA,NA,NA,NA,NA,NA,NA,NA,NA,NA,NA,NA,NA
macroalgae,NA,NA,NA,NA,NA,NA,NA,NA,NA,NA,NA,NA,NA,NA,NA,NA,NA,NA,NA,NA,NA,NA,NA,NA,NA,NA,NA,NA,NA,NA,NA,NA,NA,NA,NA,NA,NA,NA,NA,NA,NA,NA,NA,NA,NA,NA,NA,NA,NA,NA,NA,NA,NA,NA,NA,NA,NA,NA,NA,NA,NA,NA,NA,NA,NA,NA,NA,NA,NA,NA,NA,NA,NA,NA,NA,NA,NA,NA,NA,NA,NA,NA,NA,NA,NA,NA
benthic_microbes,NA,NA,NA,NA,NA,NA,NA,NA,NA,NA,NA,NA,NA,NA,NA,NA,NA,NA,NA,NA,NA,NA,NA,NA,NA,NA,NA,NA,NA,NA,NA,NA,NA,NA,NA,NA,NA,NA,NA,NA,NA,NA,NA,NA,NA,NA,NA,NA,NA,NA,NA,NA,NA,NA,NA,NA,NA,NA,NA,NA,NA,NA,NA,NA,NA,NA,NA,NA,NA,NA,NA,NA,NA,NA,NA,NA,NA,NA,NA,NA,NA,NA,NA,NA,NA,NA
discards,NA,NA,NA,NA,NA,NA,NA,NA,NA,NA,NA,NA,NA,NA,NA,NA,NA,NA,NA,NA,NA,NA,NA,NA,NA,NA,NA,NA,NA,NA,NA,NA,NA,NA,NA,NA,NA,NA,NA,NA,NA,NA,NA,NA,NA,NA,NA,NA,NA,NA,NA,NA,NA,NA,NA,NA,NA,NA,NA,NA,NA,NA,NA,NA,NA,NA,NA,NA,NA,NA,NA,NA,NA,NA,NA,NA,NA,NA,NA,NA,NA,NA,NA,NA,NA,NA
offal,NA,NA,NA,NA,NA,NA,NA,NA,NA,NA,NA,NA,NA,NA,NA,NA,NA,NA,NA,NA,NA,NA,NA,NA,NA,NA,NA,NA,NA,NA,NA,NA,NA,NA,NA,NA,NA,NA,NA,NA,NA,NA,NA,NA,NA,NA,NA,NA,NA,NA,NA,NA,NA,NA,NA,NA,NA,NA,NA,NA,NA,NA,NA,NA,NA,NA,NA,NA,NA,NA,NA,NA,NA,NA,NA,NA,NA,NA,NA,NA,NA,NA,NA,NA,NA,NA
detritus,NA,NA,NA,NA,NA,NA,NA,NA,NA,NA,NA,NA,NA,NA,NA,NA,NA,NA,NA,NA,NA,NA,NA,NA,NA,NA,NA,NA,NA,NA,NA,NA,NA,NA,NA,NA,NA,NA,NA,NA,NA,NA,NA,NA,NA,NA,NA,NA,NA,NA,NA,NA,NA,NA,NA,NA,NA,NA,NA,NA,NA,NA,NA,NA,NA,NA,NA,NA,NA,NA,NA,NA,NA,NA,NA,NA,NA,NA,NA,NA,NA,NA,NA,NA,NA,NA
