Group,Year,Value,Scale,Stdev,Node
arrowtooth_flounder_adult,1991,0.072234324,1,0.007223432,35
arrowtooth_flounder_adult,1992,0.087243972,1,0.008724397,35
arrowtooth_flounder_adult,1993,0.077925322,1,0.007792532,35
arrowtooth_flounder_adult,1994,0.093680341,1,0.009368034,35
arrowtooth_flounder_adult,1995,0.074181387,1,0.007418139,35
arrowtooth_flounder_adult,1996,0.091816253,1,0.009181625,35
arrowtooth_flounder_adult,1997,0.062862984,1,0.006286298,35
arrowtooth_flounder_adult,1998,0.052720717,1,0.005272072,35
arrowtooth_flounder_adult,1999,0.062398485,1,0.006239849,35
arrowtooth_flounder_adult,2000,0.09794202,1,0.009794202,35
arrowtooth_flounder_adult,2001,0.074184411,1,0.007418441,35
arrowtooth_flounder_adult,2002,0.085929403,1,0.00859294,35
arrowtooth_flounder_adult,2003,0.128508329,1,0.012850833,35
arrowtooth_flounder_adult,2004,0.066596987,1,0.006659699,35
arrowtooth_flounder_adult,2005,0.084864582,1,0.008486458,35
arrowtooth_flounder_adult,2006,0.117659056,1,0.011765906,35
arrowtooth_flounder_adult,2007,0.107965647,1,0.010796565,35
arrowtooth_flounder_adult,2008,0.124402881,1,0.012440288,35
arrowtooth_flounder_adult,2009,0.105770958,1,0.010577096,35
arrowtooth_flounder_adult,2010,0.103674022,1,0.010367402,35
arrowtooth_flounder_adult,2011,0.131669095,1,0.01316691,35
arrowtooth_flounder_adult,2012,0.088435483,1,0.008843548,35
arrowtooth_flounder_adult,2013,0.0928969,1,0.00928969,35
arrowtooth_flounder_adult,2014,0.155576339,1,0.015557634,35
arrowtooth_flounder_adult,2015,0.082193932,1,0.008219393,35
arrowtooth_flounder_adult,2016,0.085089148,1,0.008508915,35
arrowtooth_flounder_adult,2017,0.115234588,1,0.011523459,35
arrowtooth_flounder_adult,2018,0.08037795,1,0.008037795,35
arrowtooth_flounder_adult,2019,0.104643509,1,0.010464351,35
arrowtooth_flounder_adult,2020,0.089943303,1,0.00899433,35
arrowtooth_flounder_adult,2021,0.041940376,1,0.004194038,35
arrowtooth_flounder_adult,2022,0.049119908,1,0.004911991,35
arrowtooth_flounder_adult,2023,0.038824919,1,0.003882492,35
atka_mackerel,1991,0.012030716,1,0.001203072,57
atka_mackerel,1992,0.053234762,1,0.005323476,57
atka_mackerel,1993,0.028775658,1,0.002877566,57
atka_mackerel,1994,0.017894174,1,0.001789417,57
atka_mackerel,1995,0.003832123,1,0.000383212,57
atka_mackerel,1996,0.006970029,1,0.000697003,57
atka_mackerel,1997,0.001381699,1,0.00013817,57
atka_mackerel,1998,0.001349113,1,0.000134911,57
atka_mackerel,1999,0.000610302,1,6.10E-05,57
atka_mackerel,2000,0.000715853,1,7.16E-05,57
atka_mackerel,2001,0.000320698,1,3.21E-05,57
atka_mackerel,2002,0.00035388,1,3.54E-05,57
atka_mackerel,2003,0.002475408,1,0.000247541,57
atka_mackerel,2004,0.003494541,1,0.000349454,57
atka_mackerel,2005,0.00340916,1,0.000340916,57
atka_mackerel,2006,0.003740477,1,0.000374048,57
atka_mackerel,2007,0.006227764,1,0.000622776,57
atka_mackerel,2008,0.008994203,1,0.00089942,57
atka_mackerel,2009,0.009471101,1,0.00094711,57
atka_mackerel,2010,0.010294418,1,0.001029442,57
atka_mackerel,2011,0.006877146,1,0.000687715,57
atka_mackerel,2012,0.0050591,1,0.00050591,57
atka_mackerel,2013,0.00543938,1,0.000543938,57
atka_mackerel,2014,0.004437223,1,0.000443722,57
atka_mackerel,2015,0.005187253,1,0.000518725,57
atka_mackerel,2016,0.004655219,1,0.000465522,57
atka_mackerel,2017,0.004576891,1,0.000457689,57
atka_mackerel,2018,0.006123109,1,0.000612311,57
atka_mackerel,2019,0.005343013,1,0.000534301,57
atka_mackerel,2020,0.002587542,1,0.000258754,57
atka_mackerel,2021,0.004001061,1,0.000400106,57
atka_mackerel,2022,0.003746938,1,0.000374694,57
atka_mackerel,2023,0.001970362,1,0.000197036,57
big_skate,1991,NA,1,NA,30
big_skate,1992,NA,1,NA,30
big_skate,1993,NA,1,NA,30
big_skate,1994,NA,1,NA,30
big_skate,1995,NA,1,NA,30
big_skate,1996,NA,1,NA,30
big_skate,1997,NA,1,NA,30
big_skate,1998,NA,1,NA,30
big_skate,1999,NA,1,NA,30
big_skate,2000,NA,1,NA,30
big_skate,2001,NA,1,NA,30
big_skate,2002,NA,1,NA,30
big_skate,2003,NA,1,NA,30
big_skate,2004,0.004885986,1,0.000488599,30
big_skate,2005,0.003566966,1,0.000356697,30
big_skate,2006,0.005722612,1,0.000572261,30
big_skate,2007,0.006754908,1,0.000675491,30
big_skate,2008,0.005847386,1,0.000584739,30
big_skate,2009,0.008442627,1,0.000844263,30
big_skate,2010,0.010151919,1,0.001015192,30
big_skate,2011,0.009453184,1,0.000945318,30
big_skate,2012,0.008379403,1,0.00083794,30
big_skate,2013,0.010401873,1,0.001040187,30
big_skate,2014,0.006624715,1,0.000662472,30
big_skate,2015,0.006162331,1,0.000616233,30
big_skate,2016,0.008608813,1,0.000860881,30
big_skate,2017,0.00701349,1,0.000701349,30
big_skate,2018,0.005244981,1,0.000524498,30
big_skate,2019,0.005318835,1,0.000531884,30
big_skate,2020,0.00358841,1,0.000358841,30
big_skate,2021,0.002365321,1,0.000236532,30
big_skate,2022,0.004019533,1,0.000401953,30
big_skate,2023,0.004423588,1,0.000442359,30
deep_water_flatfish,1991,0.04272553,1,0.004272553,42
deep_water_flatfish,1992,0.035733977,1,0.003573398,42
deep_water_flatfish,1993,0.02806661,1,0.002806661,42
deep_water_flatfish,1994,0.011950896,1,0.00119509,42
deep_water_flatfish,1995,0.008447538,1,0.000844754,42
deep_water_flatfish,1996,0.008385136,1,0.000838514,42
deep_water_flatfish,1997,0.011321938,1,0.001132194,42
deep_water_flatfish,1998,0.007473346,1,0.000747335,42
deep_water_flatfish,1999,0.008022609,1,0.000802261,42
deep_water_flatfish,2000,0.00357347,1,0.000357347,42
deep_water_flatfish,2001,0.000859526,1,8.60E-05,42
deep_water_flatfish,2002,0.000855011,1,8.55E-05,42
deep_water_flatfish,2003,0.003830216,1,0.000383022,42
deep_water_flatfish,2004,0.002508146,1,0.000250815,42
deep_water_flatfish,2005,0.001595206,1,0.000159521,42
deep_water_flatfish,2006,0.00137312,1,0.000137312,42
deep_water_flatfish,2007,0.000991864,1,9.92E-05,42
deep_water_flatfish,2008,0.002194225,1,0.000219422,42
deep_water_flatfish,2009,0.001841287,1,0.000184129,42
deep_water_flatfish,2010,0.00229679,1,0.000229679,42
deep_water_flatfish,2011,0.001956197,1,0.00019562,42
deep_water_flatfish,2012,0.001099005,1,0.000109901,42
deep_water_flatfish,2013,0.000990436,1,9.90E-05,42
deep_water_flatfish,2014,0.001462827,1,0.000146283,42
deep_water_flatfish,2015,0.001066415,1,0.000106642,42
deep_water_flatfish,2016,0.000934685,1,9.35E-05,42
deep_water_flatfish,2017,0.001073505,1,0.000107351,42
deep_water_flatfish,2018,0.00074361,1,7.44E-05,42
deep_water_flatfish,2019,0.00041742,1,4.17E-05,42
deep_water_flatfish,2020,0.00042113,1,4.21E-05,42
deep_water_flatfish,2021,0.000353739,1,3.54E-05,42
deep_water_flatfish,2022,0.000516251,1,5.16E-05,42
deep_water_flatfish,2023,0.000265085,1,2.65E-05,42
demersal_shelf_rockfish,1991,0.000810158,1,8.10E-05,46
demersal_shelf_rockfish,1992,0.000904038,1,9.04E-05,46
demersal_shelf_rockfish,1993,0.000366275,1,3.66E-05,46
demersal_shelf_rockfish,1994,0.000145845,1,1.46E-05,46
demersal_shelf_rockfish,1995,0.00021306,1,2.13E-05,46
demersal_shelf_rockfish,1996,0.000191635,1,1.92E-05,46
demersal_shelf_rockfish,1997,0.000366573,1,3.67E-05,46
demersal_shelf_rockfish,1998,0.000115944,1,1.16E-05,46
demersal_shelf_rockfish,1999,0.000256039,1,2.56E-05,46
demersal_shelf_rockfish,2000,3.08E-05,1,3.08E-06,46
demersal_shelf_rockfish,2001,9.46E-05,1,9.46E-06,46
demersal_shelf_rockfish,2002,5.70E-05,1,5.70E-06,46
demersal_shelf_rockfish,2003,0.000479152,1,4.79E-05,46
demersal_shelf_rockfish,2004,0.00040556,1,4.06E-05,46
demersal_shelf_rockfish,2005,0.00031488,1,3.15E-05,46
demersal_shelf_rockfish,2006,0.000348347,1,3.48E-05,46
demersal_shelf_rockfish,2007,0.000423369,1,4.23E-05,46
demersal_shelf_rockfish,2008,0.000607738,1,6.08E-05,46
demersal_shelf_rockfish,2009,0.000518561,1,5.19E-05,46
demersal_shelf_rockfish,2010,0.000764815,1,7.65E-05,46
demersal_shelf_rockfish,2011,0.000854816,1,8.55E-05,46
demersal_shelf_rockfish,2012,0.000700259,1,7.00E-05,46
demersal_shelf_rockfish,2013,0.000799396,1,7.99E-05,46
demersal_shelf_rockfish,2014,0.000655965,1,6.56E-05,46
demersal_shelf_rockfish,2015,0.000804137,1,8.04E-05,46
demersal_shelf_rockfish,2016,0.000767167,1,7.67E-05,46
demersal_shelf_rockfish,2017,0.000844193,1,8.44E-05,46
demersal_shelf_rockfish,2018,0.00045992,1,4.60E-05,46
demersal_shelf_rockfish,2019,0.000547446,1,5.47E-05,46
demersal_shelf_rockfish,2020,0.000389643,1,3.90E-05,46
demersal_shelf_rockfish,2021,0.000726331,1,7.26E-05,46
demersal_shelf_rockfish,2022,0.001041077,1,0.000104108,46
demersal_shelf_rockfish,2023,0.00098044,1,9.80E-05,46
flathead_sole_adult,1991,0.005247754,1,0.000524775,39
flathead_sole_adult,1992,0.00980189,1,0.000980189,39
flathead_sole_adult,1993,0.012025821,1,0.001202582,39
flathead_sole_adult,1994,0.010696642,1,0.001069664,39
flathead_sole_adult,1995,0.009160196,1,0.00091602,39
flathead_sole_adult,1996,0.012528272,1,0.001252827,39
flathead_sole_adult,1997,0.009779741,1,0.000977974,39
flathead_sole_adult,1998,0.006785606,1,0.000678561,39
flathead_sole_adult,1999,0.003413611,1,0.000341361,39
flathead_sole_adult,2000,0.00610613,1,0.000610613,39
flathead_sole_adult,2001,0.006851416,1,0.000685142,39
flathead_sole_adult,2002,0.008206833,1,0.000820683,39
flathead_sole_adult,2003,0.010188321,1,0.001018832,39
flathead_sole_adult,2004,0.009963577,1,0.000996358,39
flathead_sole_adult,2005,0.01048126,1,0.001048126,39
flathead_sole_adult,2006,0.013134554,1,0.001313455,39
flathead_sole_adult,2007,0.013055523,1,0.001305552,39
flathead_sole_adult,2008,0.014077242,1,0.001407724,39
flathead_sole_adult,2009,0.015436054,1,0.001543605,39
flathead_sole_adult,2010,0.016621487,1,0.001662149,39
flathead_sole_adult,2011,0.011633683,1,0.001163368,39
flathead_sole_adult,2012,0.009230496,1,0.00092305,39
flathead_sole_adult,2013,0.012004967,1,0.001200497,39
flathead_sole_adult,2014,0.010884529,1,0.001088453,39
flathead_sole_adult,2015,0.008521893,1,0.000852189,39
flathead_sole_adult,2016,0.010304745,1,0.001030475,39
flathead_sole_adult,2017,0.008732887,1,0.000873289,39
flathead_sole_adult,2018,0.009379066,1,0.000937907,39
flathead_sole_adult,2019,0.011361776,1,0.001136178,39
flathead_sole_adult,2020,0.008141323,1,0.000814132,39
flathead_sole_adult,2021,0.003011747,1,0.000301175,39
flathead_sole_adult,2022,0.002400014,1,0.000240001,39
flathead_sole_adult,2023,0.00199741,1,0.000199741,39
gelatinous_carnivores,1991,NA,1,NA,71
gelatinous_carnivores,1992,NA,1,NA,71
gelatinous_carnivores,1993,NA,1,NA,71
gelatinous_carnivores,1994,NA,1,NA,71
gelatinous_carnivores,1995,NA,1,NA,71
gelatinous_carnivores,1996,NA,1,NA,71
gelatinous_carnivores,1997,NA,1,NA,71
gelatinous_carnivores,1998,NA,1,NA,71
gelatinous_carnivores,1999,NA,1,NA,71
gelatinous_carnivores,2000,NA,1,NA,71
gelatinous_carnivores,2001,NA,1,NA,71
gelatinous_carnivores,2002,NA,1,NA,71
gelatinous_carnivores,2003,NA,1,NA,71
gelatinous_carnivores,2004,NA,1,NA,71
gelatinous_carnivores,2005,NA,1,NA,71
gelatinous_carnivores,2006,NA,1,NA,71
gelatinous_carnivores,2007,NA,1,NA,71
gelatinous_carnivores,2008,NA,1,NA,71
gelatinous_carnivores,2009,NA,1,NA,71
gelatinous_carnivores,2010,NA,1,NA,71
gelatinous_carnivores,2011,NA,1,NA,71
gelatinous_carnivores,2012,NA,1,NA,71
gelatinous_carnivores,2013,NA,1,NA,71
gelatinous_carnivores,2014,NA,1,NA,71
gelatinous_carnivores,2015,NA,1,NA,71
gelatinous_carnivores,2016,NA,1,NA,71
gelatinous_carnivores,2017,NA,1,NA,71
gelatinous_carnivores,2018,NA,1,NA,71
gelatinous_carnivores,2019,5.48E-05,1,5.48E-06,71
gelatinous_carnivores,2020,NA,1,NA,71
gelatinous_carnivores,2021,NA,1,NA,71
gelatinous_carnivores,2022,NA,1,NA,71
gelatinous_carnivores,2023,NA,1,NA,71
infauna,1991,NA,1,NA,70
infauna,1992,NA,1,NA,70
infauna,1993,NA,1,NA,70
infauna,1994,0.000906131,1,9.06E-05,70
infauna,1995,NA,1,NA,70
infauna,1996,NA,1,NA,70
infauna,1997,NA,1,NA,70
infauna,1998,NA,1,NA,70
infauna,1999,0.000705,1,7.05E-05,70
infauna,2000,NA,1,NA,70
infauna,2001,0.000502242,1,5.02E-05,70
infauna,2002,NA,1,NA,70
infauna,2003,NA,1,NA,70
infauna,2004,NA,1,NA,70
infauna,2005,NA,1,NA,70
infauna,2006,NA,1,NA,70
infauna,2007,NA,1,NA,70
infauna,2008,NA,1,NA,70
infauna,2009,NA,1,NA,70
infauna,2010,0.000475353,1,4.75E-05,70
infauna,2011,0.000446082,1,4.46E-05,70
infauna,2012,0.0004244,1,4.24E-05,70
infauna,2013,NA,1,NA,70
infauna,2014,NA,1,NA,70
infauna,2015,NA,1,NA,70
infauna,2016,NA,1,NA,70
infauna,2017,NA,1,NA,70
infauna,2018,NA,1,NA,70
infauna,2019,NA,1,NA,70
infauna,2020,NA,1,NA,70
infauna,2021,NA,1,NA,70
infauna,2022,NA,1,NA,70
infauna,2023,NA,1,NA,70
king_crab,1991,0.000209497,1,2.09E-05,64
king_crab,1992,0.000116145,1,1.16E-05,64
king_crab,1993,NA,1,NA,64
king_crab,1994,0.000649064,1,6.49E-05,64
king_crab,1995,0.000341858,1,3.42E-05,64
king_crab,1996,0.000906388,1,9.06E-05,64
king_crab,1997,0.000774939,1,7.75E-05,64
king_crab,1998,0.000605867,1,6.06E-05,64
king_crab,1999,0.000679176,1,6.79E-05,64
king_crab,2000,0.000350096,1,3.50E-05,64
king_crab,2001,0.000223528,1,2.24E-05,64
king_crab,2002,0.000209733,1,2.10E-05,64
king_crab,2003,0.000156067,1,1.56E-05,64
king_crab,2004,NA,1,NA,64
king_crab,2005,NA,1,NA,64
king_crab,2006,NA,1,NA,64
king_crab,2007,NA,1,NA,64
king_crab,2008,NA,1,NA,64
king_crab,2009,NA,1,NA,64
king_crab,2010,NA,1,NA,64
king_crab,2011,NA,1,NA,64
king_crab,2012,NA,1,NA,64
king_crab,2013,0.000244914,1,2.45E-05,64
king_crab,2014,NA,1,NA,64
king_crab,2015,NA,1,NA,64
king_crab,2016,NA,1,NA,64
king_crab,2017,NA,1,NA,64
king_crab,2018,NA,1,NA,64
king_crab,2019,NA,1,NA,64
king_crab,2020,NA,1,NA,64
king_crab,2021,NA,1,NA,64
king_crab,2022,NA,1,NA,64
king_crab,2023,NA,1,NA,64
large_sculpins,1991,NA,1,NA,55
large_sculpins,1992,NA,1,NA,55
large_sculpins,1993,NA,1,NA,55
large_sculpins,1994,NA,1,NA,55
large_sculpins,1995,NA,1,NA,55
large_sculpins,1996,NA,1,NA,55
large_sculpins,1997,NA,1,NA,55
large_sculpins,1998,NA,1,NA,55
large_sculpins,1999,NA,1,NA,55
large_sculpins,2000,NA,1,NA,55
large_sculpins,2001,NA,1,NA,55
large_sculpins,2002,NA,1,NA,55
large_sculpins,2003,NA,1,NA,55
large_sculpins,2004,NA,1,NA,55
large_sculpins,2005,NA,1,NA,55
large_sculpins,2006,NA,1,NA,55
large_sculpins,2007,NA,1,NA,55
large_sculpins,2008,NA,1,NA,55
large_sculpins,2009,NA,1,NA,55
large_sculpins,2010,0.002040508,1,0.000204051,55
large_sculpins,2011,0.00229264,1,0.000229264,55
large_sculpins,2012,0.002514691,1,0.000251469,55
large_sculpins,2013,0.004146949,1,0.000414695,55
large_sculpins,2014,0.003663404,1,0.00036634,55
large_sculpins,2015,0.002868718,1,0.000286872,55
large_sculpins,2016,0.004358591,1,0.000435859,55
large_sculpins,2017,0.004372871,1,0.000437287,55
large_sculpins,2018,0.00128184,1,0.000128184,55
large_sculpins,2019,0.001755048,1,0.000175505,55
large_sculpins,2020,0.001559169,1,0.000155917,55
large_sculpins,2021,NA,1,NA,55
large_sculpins,2022,NA,1,NA,55
large_sculpins,2023,NA,1,NA,55
lingcod,1991,0.000139909,1,1.40E-05,56
lingcod,1992,0.000104529,1,1.05E-05,56
lingcod,1993,2.14E-05,1,2.14E-06,56
lingcod,1994,4.96E-05,1,4.96E-06,56
lingcod,1995,0.000178368,1,1.78E-05,56
lingcod,1996,0.000170972,1,1.71E-05,56
lingcod,1997,0.000125838,1,1.26E-05,56
lingcod,1998,0.000106668,1,1.07E-05,56
lingcod,1999,0.0001093,1,1.09E-05,56
lingcod,2000,0.000121665,1,1.22E-05,56
lingcod,2001,0.000148158,1,1.48E-05,56
lingcod,2002,8.81E-05,1,8.81E-06,56
lingcod,2003,0.000107441,1,1.07E-05,56
lingcod,2004,0.000177993,1,1.78E-05,56
lingcod,2005,0.000175062,1,1.75E-05,56
lingcod,2006,0.000262622,1,2.63E-05,56
lingcod,2007,0.000333778,1,3.34E-05,56
lingcod,2008,0.00118122,1,0.000118122,56
lingcod,2009,0.000309459,1,3.09E-05,56
lingcod,2010,0.000250231,1,2.50E-05,56
lingcod,2011,0.000367601,1,3.68E-05,56
lingcod,2012,0.000534737,1,5.35E-05,56
lingcod,2013,0.000577189,1,5.77E-05,56
lingcod,2014,0.000528213,1,5.28E-05,56
lingcod,2015,0.000400203,1,4.00E-05,56
lingcod,2016,0.000426255,1,4.26E-05,56
lingcod,2017,0.000499446,1,4.99E-05,56
lingcod,2018,0.000408687,1,4.09E-05,56
lingcod,2019,0.00049602,1,4.96E-05,56
lingcod,2020,0.000680489,1,6.80E-05,56
lingcod,2021,0.000658976,1,6.59E-05,56
lingcod,2022,0.000509108,1,5.09E-05,56
lingcod,2023,0.000593515,1,5.94E-05,56
longnose_skate,1991,NA,1,NA,31
longnose_skate,1992,NA,1,NA,31
longnose_skate,1993,NA,1,NA,31
longnose_skate,1994,NA,1,NA,31
longnose_skate,1995,NA,1,NA,31
longnose_skate,1996,NA,1,NA,31
longnose_skate,1997,NA,1,NA,31
longnose_skate,1998,NA,1,NA,31
longnose_skate,1999,NA,1,NA,31
longnose_skate,2000,NA,1,NA,31
longnose_skate,2001,NA,1,NA,31
longnose_skate,2002,NA,1,NA,31
longnose_skate,2003,0.000101981,1,1.02E-05,31
longnose_skate,2004,0.001857715,1,0.000185772,31
longnose_skate,2005,0.004386175,1,0.000438618,31
longnose_skate,2006,0.00314562,1,0.000314562,31
longnose_skate,2007,0.004488067,1,0.000448807,31
longnose_skate,2008,0.004255379,1,0.000425538,31
longnose_skate,2009,0.005002279,1,0.000500228,31
longnose_skate,2010,0.004149311,1,0.000414931,31
longnose_skate,2011,0.004123729,1,0.000412373,31
longnose_skate,2012,0.003581325,1,0.000358133,31
longnose_skate,2013,0.005766318,1,0.000576632,31
longnose_skate,2014,0.005189538,1,0.000518954,31
longnose_skate,2015,0.005581759,1,0.000558176,31
longnose_skate,2016,0.0044425,1,0.00044425,31
longnose_skate,2017,0.004068484,1,0.000406848,31
longnose_skate,2018,0.002766718,1,0.000276672,31
longnose_skate,2019,0.002941523,1,0.000294152,31
longnose_skate,2020,0.001633776,1,0.000163378,31
longnose_skate,2021,0.00239508,1,0.000239508,31
longnose_skate,2022,0.002485595,1,0.00024856,31
longnose_skate,2023,0.002289637,1,0.000228964,31
motile_epifauna,1991,0.002889428,1,0.000288943,67
motile_epifauna,1992,0.003356844,1,0.000335684,67
motile_epifauna,1993,0.003200489,1,0.000320049,67
motile_epifauna,1994,0.003428061,1,0.000342806,67
motile_epifauna,1995,0.001203605,1,0.000120361,67
motile_epifauna,1996,0.001826579,1,0.000182658,67
motile_epifauna,1997,0.001742763,1,0.000174276,67
motile_epifauna,1998,0.00094285,1,9.43E-05,67
motile_epifauna,1999,0.00117359,1,0.000117359,67
motile_epifauna,2000,NA,1,NA,67
motile_epifauna,2001,NA,1,NA,67
motile_epifauna,2002,0.001060324,1,0.000106032,67
motile_epifauna,2003,0.001469465,1,0.000146947,67
motile_epifauna,2004,0.001190765,1,0.000119076,67
motile_epifauna,2005,0.001363916,1,0.000136392,67
motile_epifauna,2006,0.000837625,1,8.38E-05,67
motile_epifauna,2007,0.00217165,1,0.000217165,67
motile_epifauna,2008,0.002984606,1,0.000298461,67
motile_epifauna,2009,0.003643037,1,0.000364304,67
motile_epifauna,2010,0.002614509,1,0.000261451,67
motile_epifauna,2011,0.001181232,1,0.000118123,67
motile_epifauna,2012,0.000700353,1,7.00E-05,67
motile_epifauna,2013,0.000489189,1,4.89E-05,67
motile_epifauna,2014,0.000859827,1,8.60E-05,67
motile_epifauna,2015,0.000883887,1,8.84E-05,67
motile_epifauna,2016,0.000782333,1,7.82E-05,67
motile_epifauna,2017,0.000551639,1,5.52E-05,67
motile_epifauna,2018,0.002417132,1,0.000241713,67
motile_epifauna,2019,0.004676284,1,0.000467628,67
motile_epifauna,2020,0.009105045,1,0.000910504,67
motile_epifauna,2021,0.008228998,1,0.0008229,67
motile_epifauna,2022,0.006214942,1,0.000621494,67
motile_epifauna,2023,0.005327477,1,0.000532748,67
octopus,1991,0.000289555,1,2.90E-05,62
octopus,1992,0.000429304,1,4.29E-05,62
octopus,1993,0.000288923,1,2.89E-05,62
octopus,1994,9.79E-05,1,9.79E-06,62
octopus,1995,0.000234939,1,2.35E-05,62
octopus,1996,0.000255776,1,2.56E-05,62
octopus,1997,0.000133128,1,1.33E-05,62
octopus,1998,2.47E-05,1,2.47E-06,62
octopus,1999,4.26E-05,1,4.26E-06,62
octopus,2000,4.85E-05,1,4.85E-06,62
octopus,2001,4.71E-05,1,4.71E-06,62
octopus,2002,8.00E-05,1,8.00E-06,62
octopus,2003,0.000953585,1,9.54E-05,62
octopus,2004,0.001270124,1,0.000127012,62
octopus,2005,0.000703082,1,7.03E-05,62
octopus,2006,0.000764365,1,7.64E-05,62
octopus,2007,0.001192281,1,0.000119228,62
octopus,2008,0.001512522,1,0.000151252,62
octopus,2009,0.001435565,1,0.000143556,62
octopus,2010,0.001507042,1,0.000150704,62
octopus,2011,0.00411404,1,0.000411404,62
octopus,2012,0.001845494,1,0.000184549,62
octopus,2013,0.001825237,1,0.000182524,62
octopus,2014,0.005627018,1,0.000562702,62
octopus,2015,0.004166513,1,0.000416651,62
octopus,2016,0.001705379,1,0.000170538,62
octopus,2017,0.0010484,1,0.00010484,62
octopus,2018,0.000935341,1,9.35E-05,62
octopus,2019,0.001492113,1,0.000149211,62
octopus,2020,0.000349681,1,3.50E-05,62
octopus,2021,0.000237375,1,2.37E-05,62
octopus,2022,0.00062332,1,6.23E-05,62
octopus,2023,0.000780885,1,7.81E-05,62
other_skates,1991,NA,1,NA,32
other_skates,1992,NA,1,NA,32
other_skates,1993,NA,1,NA,32
other_skates,1994,NA,1,NA,32
other_skates,1995,NA,1,NA,32
other_skates,1996,NA,1,NA,32
other_skates,1997,NA,1,NA,32
other_skates,1998,NA,1,NA,32
other_skates,1999,NA,1,NA,32
other_skates,2000,NA,1,NA,32
other_skates,2001,NA,1,NA,32
other_skates,2002,0.004071492,1,0.000407149,32
other_skates,2003,0.018554042,1,0.001855404,32
other_skates,2004,0.004753004,1,0.0004753,32
other_skates,2005,0.00284279,1,0.000284279,32
other_skates,2006,0.005717003,1,0.0005717,32
other_skates,2007,0.004981284,1,0.000498128,32
other_skates,2008,0.005558924,1,0.000555892,32
other_skates,2009,0.006108592,1,0.000610859,32
other_skates,2010,0.005997304,1,0.00059973,32
other_skates,2011,0.005547907,1,0.000554791,32
other_skates,2012,0.00468242,1,0.000468242,32
other_skates,2013,0.007241843,1,0.000724184,32
other_skates,2014,0.007092414,1,0.000709241,32
other_skates,2015,0.006828152,1,0.000682815,32
other_skates,2016,0.006279225,1,0.000627923,32
other_skates,2017,0.006540362,1,0.000654036,32
other_skates,2018,0.002534572,1,0.000253457,32
other_skates,2019,0.00308947,1,0.000308947,32
other_skates,2020,0.001172863,1,0.000117286,32
other_skates,2021,0.00218639,1,0.000218639,32
other_skates,2022,0.003349498,1,0.00033495,32
other_skates,2023,0.001973485,1,0.000197348,32
pacific_cod_adult,1991,0.274596859,1,0.027459686,51
pacific_cod_adult,1992,0.336358293,1,0.033635829,51
pacific_cod_adult,1993,0.195294822,1,0.019529482,51
pacific_cod_adult,1994,0.194278546,1,0.019427855,51
pacific_cod_adult,1995,0.289251051,1,0.028925105,51
pacific_cod_adult,1996,0.235941117,1,0.023594112,51
pacific_cod_adult,1997,0.250972573,1,0.025097257,51
pacific_cod_adult,1998,0.213907927,1,0.021390793,51
pacific_cod_adult,1999,0.28225477,1,0.028225477,51
pacific_cod_adult,2000,0.227393182,1,0.022739318,51
pacific_cod_adult,2001,0.172584157,1,0.017258416,51
pacific_cod_adult,2002,0.177059109,1,0.017705911,51
pacific_cod_adult,2003,0.223052256,1,0.022305226,51
pacific_cod_adult,2004,0.240450153,1,0.024045015,51
pacific_cod_adult,2005,0.202427833,1,0.020242783,51
pacific_cod_adult,2006,0.203464171,1,0.020346417,51
pacific_cod_adult,2007,0.220694291,1,0.022069429,51
pacific_cod_adult,2008,0.248697162,1,0.024869716,51
pacific_cod_adult,2009,0.220595479,1,0.022059548,51
pacific_cod_adult,2010,0.327786695,1,0.032778669,51
pacific_cod_adult,2011,0.356565285,1,0.035656529,51
pacific_cod_adult,2012,0.327432966,1,0.032743297,51
pacific_cod_adult,2013,0.284661866,1,0.028466187,51
pacific_cod_adult,2014,0.35563353,1,0.035563353,51
pacific_cod_adult,2015,0.330920999,1,0.0330921,51
pacific_cod_adult,2016,0.267783768,1,0.026778377,51
pacific_cod_adult,2017,0.205326149,1,0.020532615,51
pacific_cod_adult,2018,0.06253508,1,0.006253508,51
pacific_cod_adult,2019,0.064746285,1,0.006474628,51
pacific_cod_adult,2020,0.025920157,1,0.002592016,51
pacific_cod_adult,2021,0.079596592,1,0.007959659,51
pacific_cod_adult,2022,0.108139087,1,0.010813909,51
pacific_cod_adult,2023,0.089527565,1,0.008952757,51
pacific_dogfish,1991,NA,1,NA,27
pacific_dogfish,1992,NA,1,NA,27
pacific_dogfish,1993,NA,1,NA,27
pacific_dogfish,1994,NA,1,NA,27
pacific_dogfish,1995,NA,1,NA,27
pacific_dogfish,1996,2.08E-06,1,2.08E-07,27
pacific_dogfish,1997,NA,1,NA,27
pacific_dogfish,1998,NA,1,NA,27
pacific_dogfish,1999,NA,1,NA,27
pacific_dogfish,2000,1.10E-05,1,1.10E-06,27
pacific_dogfish,2001,8.80E-05,1,8.80E-06,27
pacific_dogfish,2002,2.39E-06,1,2.39E-07,27
pacific_dogfish,2003,0.001285447,1,0.000128545,27
pacific_dogfish,2004,0.000482649,1,4.83E-05,27
pacific_dogfish,2005,0.001316728,1,0.000131673,27
pacific_dogfish,2006,0.003285238,1,0.000328524,27
pacific_dogfish,2007,0.00252029,1,0.000252029,27
pacific_dogfish,2008,0.001941321,1,0.000194132,27
pacific_dogfish,2009,0.005654609,1,0.000565461,27
pacific_dogfish,2010,0.001498431,1,0.000149843,27
pacific_dogfish,2011,0.001096095,1,0.00010961,27
pacific_dogfish,2012,0.000905261,1,9.05E-05,27
pacific_dogfish,2013,0.006201527,1,0.000620153,27
pacific_dogfish,2014,0.003468905,1,0.000346891,27
pacific_dogfish,2015,0.00245053,1,0.000245053,27
pacific_dogfish,2016,0.004902867,1,0.000490287,27
pacific_dogfish,2017,0.003703499,1,0.00037035,27
pacific_dogfish,2018,0.005474198,1,0.00054742,27
pacific_dogfish,2019,0.00405815,1,0.000405815,27
pacific_dogfish,2020,0.002541386,1,0.000254139,27
pacific_dogfish,2021,0.003563512,1,0.000356351,27
pacific_dogfish,2022,0.004052675,1,0.000405268,27
pacific_dogfish,2023,0.002191521,1,0.000219152,27
pacific_halibut_adult,2023,0.020733871,1,0.002073387,34
pacific_halibut_adult,2022,0.022434348,1,0.002243435,34
pacific_halibut_adult,2021,0.021051739,1,0.002105174,34
pacific_halibut_adult,2020,0.019313564,1,0.001931356,34
pacific_halibut_adult,2019,0.023040032,1,0.002304003,34
pacific_halibut_adult,2018,0.024441886,1,0.002444189,34
pacific_halibut_adult,2017,0.028629268,1,0.002862927,34
pacific_halibut_adult,2016,0.02830219,1,0.002830219,34
pacific_halibut_adult,2015,0.028478135,1,0.002847814,34
pacific_halibut_adult,2014,0.030809397,1,0.00308094,34
pacific_halibut_adult,2013,0.041098018,1,0.004109802,34
pacific_halibut_adult,2012,0.04672426,1,0.004672426,34
pacific_halibut_adult,2011,0.061916734,1,0.006191673,34
pacific_halibut_adult,2010,0.081560906,1,0.008156091,34
pacific_halibut_adult,2009,0.084455539,1,0.008445554,34
pacific_halibut_adult,2008,0.093444968,1,0.009344497,34
pacific_halibut_adult,2007,0.09157674,1,0.009157674,34
pacific_halibut_adult,2006,0.092013506,1,0.009201351,34
pacific_halibut_adult,2005,0.098150984,1,0.009815098,34
pacific_halibut_adult,2004,0.103519807,1,0.010351981,34
pacific_halibut_adult,2003,0.105174839,1,0.010517484,34
pacific_halibut_adult,2002,0.102421741,1,0.010242174,34
pacific_halibut_adult,2001,0.098951301,1,0.00989513,34
pacific_halibut_adult,2000,0.093179052,1,0.009317905,34
pacific_halibut_adult,1999,0.09706406,1,0.009706406,34
pacific_halibut_adult,1998,0.088607068,1,0.008860707,34
pacific_halibut_adult,1997,0.081363529,1,0.008136353,34
pacific_halibut_adult,1996,0.060586466,1,0.006058647,34
pacific_halibut_adult,1995,0.06027703,1,0.006027703,34
pacific_halibut_adult,1994,0.077880463,1,0.007788046,34
pacific_halibut_adult,1993,0.083620339,1,0.008362034,34
pacific_halibut_adult,1992,0.098180976,1,0.009818098,34
pacific_halibut_adult,1991,0.092679105,1,0.00926791,34
pacific_halibut_adult,1990,0.096552062,1,0.009655206,34
pacific_herring_adult,1991,0.010113244,1,0.001011324,21
pacific_herring_adult,1992,0.013171566,1,0.001317157,21
pacific_herring_adult,1993,0.019862132,1,0.001986213,21
pacific_herring_adult,1994,0.016076911,1,0.001607691,21
pacific_herring_adult,1995,0.017948086,1,0.001794809,21
pacific_herring_adult,1996,0.018957736,1,0.001895774,21
pacific_herring_adult,1997,0.013682904,1,0.00136829,21
pacific_herring_adult,1998,0.005059268,1,0.000505927,21
pacific_herring_adult,1999,0.00421129,1,0.000421129,21
pacific_herring_adult,2000,0.00313726,1,0.000313726,21
pacific_herring_adult,2001,0.004690133,1,0.000469013,21
pacific_herring_adult,2002,0.00485697,1,0.000485697,21
pacific_herring_adult,2003,0.005954266,1,0.000595427,21
pacific_herring_adult,2004,0.008458892,1,0.000845889,21
pacific_herring_adult,2005,0.006583793,1,0.000658379,21
pacific_herring_adult,2006,0.005685176,1,0.000568518,21
pacific_herring_adult,2007,0.006957971,1,0.000695797,21
pacific_herring_adult,2008,0.008070743,1,0.000807074,21
pacific_herring_adult,2009,0.008914665,1,0.000891467,21
pacific_herring_adult,2010,0.010403521,1,0.001040352,21
pacific_herring_adult,2011,0.00926315,1,0.000926315,21
pacific_herring_adult,2012,0.011301537,1,0.001130154,21
pacific_herring_adult,2013,0.010475616,1,0.001047562,21
pacific_herring_adult,2014,0.006405443,1,0.000640544,21
pacific_herring_adult,2015,NA,1,NA,21
pacific_herring_adult,2016,0.000584653,1,5.85E-05,21
pacific_herring_adult,2017,NA,1,NA,21
pacific_herring_adult,2018,NA,1,NA,21
pacific_herring_adult,2019,NA,1,NA,21
pacific_herring_adult,2020,0.004244018,1,0.000424402,21
pacific_herring_adult,2021,0.01238203,1,0.001238203,21
pacific_herring_adult,2022,0.01021342,1,0.001021342,21
pacific_herring_adult,2023,NA,1,NA,21
pacific_ocean_perch_adult,1991,0.01868509,1,0.001868509,43
pacific_ocean_perch_adult,1992,0.018346162,1,0.001834616,43
pacific_ocean_perch_adult,1993,0.006887621,1,0.000688762,43
pacific_ocean_perch_adult,1994,0.004575093,1,0.000457509,43
pacific_ocean_perch_adult,1995,0.017114951,1,0.001711495,43
pacific_ocean_perch_adult,1996,0.026116523,1,0.002611652,43
pacific_ocean_perch_adult,1997,0.034166095,1,0.00341661,43
pacific_ocean_perch_adult,1998,0.028625798,1,0.00286258,43
pacific_ocean_perch_adult,1999,0.038053789,1,0.003805379,43
pacific_ocean_perch_adult,2000,0.039962261,1,0.003996226,43
pacific_ocean_perch_adult,2001,0.043409011,1,0.004340901,43
pacific_ocean_perch_adult,2002,0.045862614,1,0.004586261,43
pacific_ocean_perch_adult,2003,0.043618174,1,0.004361817,43
pacific_ocean_perch_adult,2004,0.045844272,1,0.004584427,43
pacific_ocean_perch_adult,2005,0.04430668,1,0.004430668,43
pacific_ocean_perch_adult,2006,0.052544288,1,0.005254429,43
pacific_ocean_perch_adult,2007,0.049890816,1,0.004989082,43
pacific_ocean_perch_adult,2008,0.048391227,1,0.004839123,43
pacific_ocean_perch_adult,2009,0.050424298,1,0.00504243,43
pacific_ocean_perch_adult,2010,0.058311374,1,0.005831137,43
pacific_ocean_perch_adult,2011,0.052603749,1,0.005260375,43
pacific_ocean_perch_adult,2012,0.056363791,1,0.005636379,43
pacific_ocean_perch_adult,2013,0.049600253,1,0.004960025,43
pacific_ocean_perch_adult,2014,0.067473084,1,0.006747308,43
pacific_ocean_perch_adult,2015,0.071355516,1,0.007135552,43
pacific_ocean_perch_adult,2016,0.086075303,1,0.00860753,43
pacific_ocean_perch_adult,2017,0.089890703,1,0.00898907,43
pacific_ocean_perch_adult,2018,0.091087519,1,0.009108752,43
pacific_ocean_perch_adult,2019,0.094487125,1,0.009448712,43
pacific_ocean_perch_adult,2020,0.101056262,1,0.010105626,43
pacific_ocean_perch_adult,2021,0.116018519,1,0.011601852,43
pacific_ocean_perch_adult,2022,0.119630082,1,0.011963008,43
pacific_ocean_perch_adult,2023,0.120978939,1,0.012097894,43
pacific_sleeper_shark,1991,NA,1,NA,29
pacific_sleeper_shark,1992,NA,1,NA,29
pacific_sleeper_shark,1993,NA,1,NA,29
pacific_sleeper_shark,1994,NA,1,NA,29
pacific_sleeper_shark,1995,NA,1,NA,29
pacific_sleeper_shark,1996,NA,1,NA,29
pacific_sleeper_shark,1997,NA,1,NA,29
pacific_sleeper_shark,1998,NA,1,NA,29
pacific_sleeper_shark,1999,NA,1,NA,29
pacific_sleeper_shark,2000,NA,1,NA,29
pacific_sleeper_shark,2001,NA,1,NA,29
pacific_sleeper_shark,2002,9.20E-06,1,9.20E-07,29
pacific_sleeper_shark,2003,0.001116084,1,0.000111608,29
pacific_sleeper_shark,2004,0.001162066,1,0.000116207,29
pacific_sleeper_shark,2005,0.001975154,1,0.000197515,29
pacific_sleeper_shark,2006,0.001009192,1,0.000100919,29
pacific_sleeper_shark,2007,0.00124303,1,0.000124303,29
pacific_sleeper_shark,2008,0.000275671,1,2.76E-05,29
pacific_sleeper_shark,2009,0.000235201,1,2.35E-05,29
pacific_sleeper_shark,2010,0.000689474,1,6.89E-05,29
pacific_sleeper_shark,2011,9.17E-05,1,9.17E-06,29
pacific_sleeper_shark,2012,0.000610753,1,6.11E-05,29
pacific_sleeper_shark,2013,0.000190836,1,1.91E-05,29
pacific_sleeper_shark,2014,0.000338648,1,3.39E-05,29
pacific_sleeper_shark,2015,0.000218282,1,2.18E-05,29
pacific_sleeper_shark,2016,0.000288771,1,2.89E-05,29
pacific_sleeper_shark,2017,0.000579864,1,5.80E-05,29
pacific_sleeper_shark,2018,0.00104506,1,0.000104506,29
pacific_sleeper_shark,2019,0.000364064,1,3.64E-05,29
pacific_sleeper_shark,2020,0.000392955,1,3.93E-05,29
pacific_sleeper_shark,2021,0.000335941,1,3.36E-05,29
pacific_sleeper_shark,2022,0.000326015,1,3.26E-05,29
pacific_sleeper_shark,2023,0.000461984,1,4.62E-05,29
pelagic_shelf_rockfish,1991,0.004103949,1,0.000410395,47
pelagic_shelf_rockfish,1992,0.010095285,1,0.001009529,47
pelagic_shelf_rockfish,1993,0.008998888,1,0.000899889,47
pelagic_shelf_rockfish,1994,0.007118189,1,0.000711819,47
pelagic_shelf_rockfish,1995,0.008000119,1,0.000800012,47
pelagic_shelf_rockfish,1996,0.005452168,1,0.000545217,47
pelagic_shelf_rockfish,1997,0.008165218,1,0.000816522,47
pelagic_shelf_rockfish,1998,0.009747496,1,0.00097475,47
pelagic_shelf_rockfish,1999,0.015938305,1,0.001593831,47
pelagic_shelf_rockfish,2000,0.013527084,1,0.001352708,47
pelagic_shelf_rockfish,2001,0.010730122,1,0.001073012,47
pelagic_shelf_rockfish,2002,0.012104239,1,0.001210424,47
pelagic_shelf_rockfish,2003,0.010257249,1,0.001025725,47
pelagic_shelf_rockfish,2004,0.009972198,1,0.00099722,47
pelagic_shelf_rockfish,2005,0.00830398,1,0.000830398,47
pelagic_shelf_rockfish,2006,0.009434065,1,0.000943406,47
pelagic_shelf_rockfish,2007,0.012878331,1,0.001287833,47
pelagic_shelf_rockfish,2008,0.01453916,1,0.001453916,47
pelagic_shelf_rockfish,2009,0.012215557,1,0.001221556,47
pelagic_shelf_rockfish,2010,0.012609223,1,0.001260922,47
pelagic_shelf_rockfish,2011,0.010438234,1,0.001043823,47
pelagic_shelf_rockfish,2012,0.017085633,1,0.001708563,47
pelagic_shelf_rockfish,2013,0.013550736,1,0.001355074,47
pelagic_shelf_rockfish,2014,0.012670479,1,0.001267048,47
pelagic_shelf_rockfish,2015,0.011848052,1,0.001184805,47
pelagic_shelf_rockfish,2016,0.014140041,1,0.001414004,47
pelagic_shelf_rockfish,2017,0.01115712,1,0.001115712,47
pelagic_shelf_rockfish,2018,0.012372707,1,0.001237271,47
pelagic_shelf_rockfish,2019,0.010259637,1,0.001025964,47
pelagic_shelf_rockfish,2020,0.009145487,1,0.000914549,47
pelagic_shelf_rockfish,2021,0.012598904,1,0.00125989,47
pelagic_shelf_rockfish,2022,0.01135229,1,0.001135229,47
pelagic_shelf_rockfish,2023,0.015602639,1,0.001560264,47
rex_sole_adult,1991,NA,1,NA,37
rex_sole_adult,1992,NA,1,NA,37
rex_sole_adult,1993,NA,1,NA,37
rex_sole_adult,1994,0.015153364,1,0.001515336,37
rex_sole_adult,1995,0.016386704,1,0.00163867,37
rex_sole_adult,1996,0.024503704,1,0.00245037,37
rex_sole_adult,1997,0.01321384,1,0.001321384,37
rex_sole_adult,1998,0.011175155,1,0.001117516,37
rex_sole_adult,1999,0.012720206,1,0.001272021,37
rex_sole_adult,2000,0.015214147,1,0.001521415,37
rex_sole_adult,2001,0.012321686,1,0.001232169,37
rex_sole_adult,2002,0.012703083,1,0.001270308,37
rex_sole_adult,2003,0.014898828,1,0.001489883,37
rex_sole_adult,2004,0.006248423,1,0.000624842,37
rex_sole_adult,2005,0.009282933,1,0.000928293,37
rex_sole_adult,2006,0.014033228,1,0.001403323,37
rex_sole_adult,2007,0.012137574,1,0.001213757,37
rex_sole_adult,2008,0.011530615,1,0.001153062,37
rex_sole_adult,2009,0.020239844,1,0.002023984,37
rex_sole_adult,2010,0.015623298,1,0.00156233,37
rex_sole_adult,2011,0.012252451,1,0.001225245,37
rex_sole_adult,2012,0.010406819,1,0.001040682,37
rex_sole_adult,2013,0.01575859,1,0.001575859,37
rex_sole_adult,2014,0.015230991,1,0.001523099,37
rex_sole_adult,2015,0.008337068,1,0.000833707,37
rex_sole_adult,2016,0.007438916,1,0.000743892,37
rex_sole_adult,2017,0.006311684,1,0.000631168,37
rex_sole_adult,2018,0.007444603,1,0.00074446,37
rex_sole_adult,2019,0.006857897,1,0.00068579,37
rex_sole_adult,2020,0.005270758,1,0.000527076,37
rex_sole_adult,2021,0.001275504,1,0.00012755,37
rex_sole_adult,2022,0.002962095,1,0.00029621,37
rex_sole_adult,2023,0.001752742,1,0.000175274,37
sablefish_adult,1991,0.055812224,1,0.005581222,49
sablefish_adult,1992,0.053566442,1,0.005356644,49
sablefish_adult,1993,0.05407196,1,0.005407196,49
sablefish_adult,1994,0.042213069,1,0.004221307,49
sablefish_adult,1995,0.0401231,1,0.00401231,49
sablefish_adult,1996,0.035355775,1,0.003535578,49
sablefish_adult,1997,0.032291018,1,0.003229102,49
sablefish_adult,1998,0.030846492,1,0.003084649,49
sablefish_adult,1999,0.031061639,1,0.003106164,49
sablefish_adult,2000,0.032835894,1,0.003283589,49
sablefish_adult,2001,0.030213231,1,0.003021323,49
sablefish_adult,2002,0.03408542,1,0.003408542,49
sablefish_adult,2003,0.038812433,1,0.003881243,49
sablefish_adult,2004,0.040392007,1,0.004039201,49
sablefish_adult,2005,0.036782497,1,0.00367825,49
sablefish_adult,2006,0.034380233,1,0.003438023,49
sablefish_adult,2007,0.034521163,1,0.003452116,49
sablefish_adult,2008,0.030558941,1,0.003055894,49
sablefish_adult,2009,0.027217772,1,0.002721777,49
sablefish_adult,2010,0.024986159,1,0.002498616,49
sablefish_adult,2011,0.026904962,1,0.002690496,49
sablefish_adult,2012,0.028455989,1,0.002845599,49
sablefish_adult,2013,0.027880158,1,0.002788016,49
sablefish_adult,2014,0.025261032,1,0.002526103,49
sablefish_adult,2015,0.023954055,1,0.002395406,49
sablefish_adult,2016,0.022346293,1,0.002234629,49
sablefish_adult,2017,0.025637552,1,0.002563755,49
sablefish_adult,2018,0.030529401,1,0.00305294,49
sablefish_adult,2019,0.033278946,1,0.003327895,49
sablefish_adult,2020,0.03195742,1,0.003195742,49
sablefish_adult,2021,0.039692447,1,0.003969245,49
sablefish_adult,2022,0.047675521,1,0.004767552,49
sablefish_adult,2023,0.03938213,1,0.003938213,49
salmon_returning,1991,0.358304263,1,0.035830426,18
salmon_returning,1992,0.350199797,1,0.03501998,18
salmon_returning,1993,0.461481229,1,0.046148123,18
salmon_returning,1994,0.329443638,1,0.032944364,18
salmon_returning,1995,0.645589262,1,0.064558926,18
salmon_returning,1996,0.245011416,1,0.024501142,18
salmon_returning,1997,0.228264518,1,0.022826452,18
salmon_returning,1998,0.35816736,1,0.035816736,18
salmon_returning,1999,0.33884353,1,0.033884353,18
salmon_returning,2000,0.257589533,1,0.025758953,18
salmon_returning,2001,0.294797698,1,0.02947977,18
salmon_returning,2002,0.268817615,1,0.026881761,18
salmon_returning,2003,0.27848889,1,0.027848889,18
salmon_returning,2004,0.358272507,1,0.035827251,18
salmon_returning,2005,0.457825911,1,0.045782591,18
salmon_returning,2006,0.381434365,1,0.038143437,18
salmon_returning,2007,0.400424622,1,0.040042462,18
salmon_returning,2008,0.332546105,1,0.033254611,18
salmon_returning,2009,0.361385392,1,0.036138539,18
salmon_returning,2010,0.246036708,1,0.024603671,18
salmon_returning,2011,0.329832436,1,0.032983244,18
salmon_returning,2012,0.275214151,1,0.027521415,18
salmon_returning,2013,0.432251525,1,0.043225153,18
salmon_returning,2014,0.205211088,1,0.020521109,18
salmon_returning,2015,0.517472134,1,0.051747213,18
salmon_returning,2016,0.154972416,1,0.015497242,18
salmon_returning,2017,0.565224749,1,0.056522475,18
salmon_returning,2018,0.133248708,1,0.013324871,18
salmon_returning,2019,0.463933762,1,0.046393376,18
salmon_returning,2020,0.258410222,1,0.025841022,18
salmon_returning,2021,0.411314976,1,0.041131498,18
salmon_returning,2022,0.235733779,1,0.023573378,18
salmon_returning,2023,0.381587019,1,0.038158702,18
salmon_shark,1991,NA,1,NA,28
salmon_shark,1992,NA,1,NA,28
salmon_shark,1993,NA,1,NA,28
salmon_shark,1994,NA,1,NA,28
salmon_shark,1995,NA,1,NA,28
salmon_shark,1996,NA,1,NA,28
salmon_shark,1997,NA,1,NA,28
salmon_shark,1998,NA,1,NA,28
salmon_shark,1999,NA,1,NA,28
salmon_shark,2000,NA,1,NA,28
salmon_shark,2001,NA,1,NA,28
salmon_shark,2002,NA,1,NA,28
salmon_shark,2003,0.000146766,1,1.47E-05,28
salmon_shark,2004,0.000171645,1,1.72E-05,28
salmon_shark,2005,0.000250165,1,2.50E-05,28
salmon_shark,2006,0.000137382,1,1.37E-05,28
salmon_shark,2007,0.000595892,1,5.96E-05,28
salmon_shark,2008,3.07E-05,1,3.07E-06,28
salmon_shark,2009,3.88E-05,1,3.88E-06,28
salmon_shark,2010,0.00045717,1,4.57E-05,28
salmon_shark,2011,2.82E-05,1,2.82E-06,28
salmon_shark,2012,0.00021217,1,2.12E-05,28
salmon_shark,2013,1.28E-05,1,1.28E-06,28
salmon_shark,2014,0.000626041,1,6.26E-05,28
salmon_shark,2015,0.001540844,1,0.000154084,28
salmon_shark,2016,0.000383243,1,3.83E-05,28
salmon_shark,2017,5.25E-05,1,5.25E-06,28
salmon_shark,2018,2.13E-05,1,2.13E-06,28
salmon_shark,2019,6.14E-05,1,6.14E-06,28
salmon_shark,2020,0.000146363,1,1.46E-05,28
salmon_shark,2021,0.000189158,1,1.89E-05,28
salmon_shark,2022,0.000224124,1,2.24E-05,28
salmon_shark,2023,7.98E-05,1,7.98E-06,28
shallow_water_flatfish,1991,0.022215625,1,0.002221562,41
shallow_water_flatfish,1992,0.035497958,1,0.003549796,41
shallow_water_flatfish,1993,0.038124582,1,0.003812458,41
shallow_water_flatfish,1994,0.01532089,1,0.001532089,41
shallow_water_flatfish,1995,0.021960097,1,0.00219601,41
shallow_water_flatfish,1996,0.033607972,1,0.003360797,41
shallow_water_flatfish,1997,0.028411332,1,0.002841133,41
shallow_water_flatfish,1998,0.013520993,1,0.001352099,41
shallow_water_flatfish,1999,0.009511435,1,0.000951143,41
shallow_water_flatfish,2000,0.024731161,1,0.002473116,41
shallow_water_flatfish,2001,0.022870907,1,0.002287091,41
shallow_water_flatfish,2002,0.025746074,1,0.002574607,41
shallow_water_flatfish,2003,0.018367612,1,0.001836761,41
shallow_water_flatfish,2004,0.012280961,1,0.001228096,41
shallow_water_flatfish,2005,0.019684618,1,0.001968462,41
shallow_water_flatfish,2006,0.031671009,1,0.003167101,41
shallow_water_flatfish,2007,0.035581606,1,0.003558161,41
shallow_water_flatfish,2008,0.037739668,1,0.003773967,41
shallow_water_flatfish,2009,0.035738769,1,0.003573877,41
shallow_water_flatfish,2010,0.024809273,1,0.002480927,41
shallow_water_flatfish,2011,0.017008796,1,0.00170088,41
shallow_water_flatfish,2012,0.01708919,1,0.001708919,41
shallow_water_flatfish,2013,0.023495034,1,0.002349503,41
shallow_water_flatfish,2014,0.020164933,1,0.002016493,41
shallow_water_flatfish,2015,0.014276054,1,0.001427605,41
shallow_water_flatfish,2016,0.016199483,1,0.001619948,41
shallow_water_flatfish,2017,0.010951746,1,0.001095175,41
shallow_water_flatfish,2018,0.011712631,1,0.001171263,41
shallow_water_flatfish,2019,0.012148481,1,0.001214848,41
shallow_water_flatfish,2020,0.018513745,1,0.001851375,41
shallow_water_flatfish,2021,0.007726684,1,0.000772668,41
shallow_water_flatfish,2022,0.005493801,1,0.00054938,41
shallow_water_flatfish,2023,0.004278295,1,0.00042783,41
shelf_demersal_fish,1991,0.002551734,1,0.000255173,58
shelf_demersal_fish,1992,0.001789624,1,0.000178962,58
shelf_demersal_fish,1993,0.001114137,1,0.000111414,58
shelf_demersal_fish,1994,0.000587414,1,5.87E-05,58
shelf_demersal_fish,1995,0.001444081,1,0.000144408,58
shelf_demersal_fish,1996,0.001774936,1,0.000177494,58
shelf_demersal_fish,1997,1.23E-05,1,1.23E-06,58
shelf_demersal_fish,1998,NA,1,NA,58
shelf_demersal_fish,1999,2.23E-06,1,2.23E-07,58
shelf_demersal_fish,2000,NA,1,NA,58
shelf_demersal_fish,2001,NA,1,NA,58
shelf_demersal_fish,2002,0.000272268,1,2.72E-05,58
shelf_demersal_fish,2003,0.003029544,1,0.000302954,58
shelf_demersal_fish,2004,0.002813919,1,0.000281392,58
shelf_demersal_fish,2005,0.002514024,1,0.000251402,58
shelf_demersal_fish,2006,0.00271158,1,0.000271158,58
shelf_demersal_fish,2007,0.003705685,1,0.000370569,58
shelf_demersal_fish,2008,0.005965915,1,0.000596592,58
shelf_demersal_fish,2009,0.00447197,1,0.000447197,58
shelf_demersal_fish,2010,0.001084999,1,0.0001085,58
shelf_demersal_fish,2011,0.00093459,1,9.35E-05,58
shelf_demersal_fish,2012,0.000849447,1,8.49E-05,58
shelf_demersal_fish,2013,0.00322422,1,0.000322422,58
shelf_demersal_fish,2014,0.001356907,1,0.000135691,58
shelf_demersal_fish,2015,0.001432266,1,0.000143227,58
shelf_demersal_fish,2016,0.001246308,1,0.000124631,58
shelf_demersal_fish,2017,0.001452478,1,0.000145248,58
shelf_demersal_fish,2018,0.001196467,1,0.000119647,58
shelf_demersal_fish,2019,0.000940234,1,9.40E-05,58
shelf_demersal_fish,2020,0.000752079,1,7.52E-05,58
shelf_demersal_fish,2021,NA,1,NA,58
shelf_demersal_fish,2022,NA,1,NA,58
shelf_demersal_fish,2023,NA,1,NA,58
shelf_forage_fish,1991,NA,1,NA,25
shelf_forage_fish,1992,0.000677213,1,6.77E-05,25
shelf_forage_fish,1993,0.00010281,1,1.03E-05,25
shelf_forage_fish,1994,5.90E-05,1,5.90E-06,25
shelf_forage_fish,1995,0.000122872,1,1.23E-05,25
shelf_forage_fish,1996,2.30E-05,1,2.30E-06,25
shelf_forage_fish,1997,NA,1,NA,25
shelf_forage_fish,1998,NA,1,NA,25
shelf_forage_fish,1999,NA,1,NA,25
shelf_forage_fish,2000,NA,1,NA,25
shelf_forage_fish,2001,NA,1,NA,25
shelf_forage_fish,2002,NA,1,NA,25
shelf_forage_fish,2003,NA,1,NA,25
shelf_forage_fish,2004,NA,1,NA,25
shelf_forage_fish,2005,NA,1,NA,25
shelf_forage_fish,2006,NA,1,NA,25
shelf_forage_fish,2007,NA,1,NA,25
shelf_forage_fish,2008,NA,1,NA,25
shelf_forage_fish,2009,NA,1,NA,25
shelf_forage_fish,2010,NA,1,NA,25
shelf_forage_fish,2011,NA,1,NA,25
shelf_forage_fish,2012,NA,1,NA,25
shelf_forage_fish,2013,NA,1,NA,25
shelf_forage_fish,2014,NA,1,NA,25
shelf_forage_fish,2015,NA,1,NA,25
shelf_forage_fish,2016,NA,1,NA,25
shelf_forage_fish,2017,NA,1,NA,25
shelf_forage_fish,2018,NA,1,NA,25
shelf_forage_fish,2019,NA,1,NA,25
shelf_forage_fish,2020,0.000818453,1,8.18E-05,25
shelf_forage_fish,2021,0.000859462,1,8.59E-05,25
shelf_forage_fish,2022,0.000648201,1,6.48E-05,25
shelf_forage_fish,2023,NA,1,NA,25
slope_demersal_fish,1991,0.00030597,1,3.06E-05,59
slope_demersal_fish,1992,0.001611142,1,0.000161114,59
slope_demersal_fish,1993,0.001097426,1,0.000109743,59
slope_demersal_fish,1994,0.000411125,1,4.11E-05,59
slope_demersal_fish,1995,0.000833574,1,8.34E-05,59
slope_demersal_fish,1996,0.000506966,1,5.07E-05,59
slope_demersal_fish,1997,0.000189251,1,1.89E-05,59
slope_demersal_fish,1998,0.00020401,1,2.04E-05,59
slope_demersal_fish,1999,0.005106176,1,0.000510618,59
slope_demersal_fish,2000,0.007109414,1,0.000710941,59
slope_demersal_fish,2001,0.002556854,1,0.000255685,59
slope_demersal_fish,2002,0.002624111,1,0.000262411,59
slope_demersal_fish,2003,NA,1,NA,59
slope_demersal_fish,2004,NA,1,NA,59
slope_demersal_fish,2005,NA,1,NA,59
slope_demersal_fish,2006,NA,1,NA,59
slope_demersal_fish,2007,NA,1,NA,59
slope_demersal_fish,2008,NA,1,NA,59
slope_demersal_fish,2009,NA,1,NA,59
slope_demersal_fish,2010,NA,1,NA,59
slope_demersal_fish,2011,NA,1,NA,59
slope_demersal_fish,2012,NA,1,NA,59
slope_demersal_fish,2013,NA,1,NA,59
slope_demersal_fish,2014,NA,1,NA,59
slope_demersal_fish,2015,NA,1,NA,59
slope_demersal_fish,2016,NA,1,NA,59
slope_demersal_fish,2017,NA,1,NA,59
slope_demersal_fish,2018,NA,1,NA,59
slope_demersal_fish,2019,NA,1,NA,59
slope_demersal_fish,2020,NA,1,NA,59
slope_demersal_fish,2021,NA,1,NA,59
slope_demersal_fish,2022,NA,1,NA,59
slope_demersal_fish,2023,NA,1,NA,59
slope_rockfish,1991,0.035438878,1,0.003543888,45
slope_rockfish,1992,0.04214185,1,0.004214185,45
slope_rockfish,1993,0.034640689,1,0.003464069,45
slope_rockfish,1994,0.0324286,1,0.00324286,45
slope_rockfish,1995,0.033217503,1,0.00332175,45
slope_rockfish,1996,0.020853605,1,0.002085361,45
slope_rockfish,1997,0.020502324,1,0.002050232,45
slope_rockfish,1998,0.01835238,1,0.001835238,45
slope_rockfish,1999,0.027627668,1,0.002762767,45
slope_rockfish,2000,0.019560845,1,0.001956084,45
slope_rockfish,2001,0.018751581,1,0.001875158,45
slope_rockfish,2002,0.020431403,1,0.00204314,45
slope_rockfish,2003,0.029446102,1,0.00294461,45
slope_rockfish,2004,0.02543418,1,0.002543418,45
slope_rockfish,2005,0.023282895,1,0.00232829,45
slope_rockfish,2006,0.026332625,1,0.002633262,45
slope_rockfish,2007,0.022663989,1,0.002266399,45
slope_rockfish,2008,0.02214654,1,0.002214654,45
slope_rockfish,2009,0.021642994,1,0.002164299,45
slope_rockfish,2010,0.02133029,1,0.002133029,45
slope_rockfish,2011,0.019844222,1,0.001984422,45
slope_rockfish,2012,0.028581384,1,0.002858138,45
slope_rockfish,2013,0.026477575,1,0.002647757,45
slope_rockfish,2014,0.025528935,1,0.002552894,45
slope_rockfish,2015,0.023445242,1,0.002344524,45
slope_rockfish,2016,0.023447515,1,0.002344751,45
slope_rockfish,2017,0.013929729,1,0.001392973,45
slope_rockfish,2018,0.017604522,1,0.001760452,45
slope_rockfish,2019,0.017628351,1,0.001762835,45
slope_rockfish,2020,0.013561382,1,0.001356138,45
slope_rockfish,2021,0.015206872,1,0.001520687,45
slope_rockfish,2022,0.013685661,1,0.001368566,45
slope_rockfish,2023,0.010252397,1,0.00102524,45
squid,1991,0.000111279,1,1.11E-05,61
squid,1992,0.000142088,1,1.42E-05,61
squid,1993,0.000159215,1,1.59E-05,61
squid,1994,6.94E-05,1,6.94E-06,61
squid,1995,5.64E-06,1,5.64E-07,61
squid,1996,2.80E-05,1,2.80E-06,61
squid,1997,1.75E-06,1,1.75E-07,61
squid,1998,NA,1,NA,61
squid,1999,NA,1,NA,61
squid,2000,NA,1,NA,61
squid,2001,NA,1,NA,61
squid,2002,NA,1,NA,61
squid,2003,0.000272843,1,2.73E-05,61
squid,2004,0.0006601,1,6.60E-05,61
squid,2005,0.002683472,1,0.000268347,61
squid,2006,0.006434627,1,0.000643463,61
squid,2007,0.001749703,1,0.00017497,61
squid,2008,0.000356346,1,3.56E-05,61
squid,2009,0.00143191,1,0.000143191,61
squid,2010,0.000549992,1,5.50E-05,61
squid,2011,0.000973241,1,9.73E-05,61
squid,2012,7.02E-05,1,7.02E-06,61
squid,2013,0.00135629,1,0.000135629,61
squid,2014,0.000390686,1,3.91E-05,61
squid,2015,0.001741889,1,0.000174189,61
squid,2016,0.001015061,1,0.000101506,61
squid,2017,0.000157237,1,1.57E-05,61
squid,2018,0.00016316,1,1.63E-05,61
squid,2019,NA,1,NA,61
squid,2020,NA,1,NA,61
squid,2021,NA,1,NA,61
squid,2022,NA,1,NA,61
squid,2023,NA,1,NA,61
tanner_crab,1991,0.004752094,1,0.000475209,63
tanner_crab,1992,0.005447061,1,0.000544706,63
tanner_crab,1993,0.003657615,1,0.000365761,63
tanner_crab,1994,0.004942072,1,0.000494207,63
tanner_crab,1995,0.003302769,1,0.000330277,63
tanner_crab,1996,0.001338041,1,0.000133804,63
tanner_crab,1997,NA,1,NA,63
tanner_crab,1998,NA,1,NA,63
tanner_crab,1999,NA,1,NA,63
tanner_crab,2000,NA,1,NA,63
tanner_crab,2001,0.001490384,1,0.000149038,63
tanner_crab,2002,0.000697801,1,6.98E-05,63
tanner_crab,2003,0.00098792,1,9.88E-05,63
tanner_crab,2004,0.001093977,1,0.000109398,63
tanner_crab,2005,0.004851477,1,0.000485148,63
tanner_crab,2006,0.004936162,1,0.000493616,63
tanner_crab,2007,NA,1,NA,63
tanner_crab,2008,0.000456438,1,4.56E-05,63
tanner_crab,2009,NA,1,NA,63
tanner_crab,2010,NA,1,NA,63
tanner_crab,2011,0.006815762,1,0.000681576,63
tanner_crab,2012,0.004982441,1,0.000498244,63
tanner_crab,2013,0.000663271,1,6.63E-05,63
tanner_crab,2014,NA,1,NA,63
tanner_crab,2015,NA,1,NA,63
tanner_crab,2016,NA,1,NA,63
tanner_crab,2017,NA,1,NA,63
tanner_crab,2018,NA,1,NA,63
tanner_crab,2019,NA,1,NA,63
tanner_crab,2020,NA,1,NA,63
tanner_crab,2021,NA,1,NA,63
tanner_crab,2022,0.001350702,1,0.00013507,63
tanner_crab,2023,0.00312234,1,0.000312234,63
thornyheads,1991,0.005449783,1,0.000544978,48
thornyheads,1992,0.005384484,1,0.000538448,48
thornyheads,1993,0.004084994,1,0.000408499,48
thornyheads,1994,0.003815069,1,0.000381507,48
thornyheads,1995,0.003207238,1,0.000320724,48
thornyheads,1996,0.003263548,1,0.000326355,48
thornyheads,1997,0.003616534,1,0.000361653,48
thornyheads,1998,0.003739804,1,0.00037398,48
thornyheads,1999,0.00367327,1,0.000367327,48
thornyheads,2000,0.003783038,1,0.000378304,48
thornyheads,2001,0.003384859,1,0.000338486,48
thornyheads,2002,0.003707219,1,0.000370722,48
thornyheads,2003,0.004389783,1,0.000438978,48
thornyheads,2004,0.002918311,1,0.000291831,48
thornyheads,2005,0.002473125,1,0.000247312,48
thornyheads,2006,0.002542951,1,0.000254295,48
thornyheads,2007,0.002557407,1,0.000255741,48
thornyheads,2008,0.002426896,1,0.00024269,48
thornyheads,2009,0.002176028,1,0.000217603,48
thornyheads,2010,0.001778039,1,0.000177804,48
thornyheads,2011,0.00196762,1,0.000196762,48
thornyheads,2012,0.002201868,1,0.000220187,48
thornyheads,2013,0.003456904,1,0.00034569,48
thornyheads,2014,0.003831344,1,0.000383134,48
thornyheads,2015,0.003398301,1,0.00033983,48
thornyheads,2016,0.003790018,1,0.000379002,48
thornyheads,2017,0.003211327,1,0.000321133,48
thornyheads,2018,0.003647516,1,0.000364752,48
thornyheads,2019,0.002128955,1,0.000212895,48
thornyheads,2020,0.001087681,1,0.000108768,48
thornyheads,2021,0.000610034,1,6.10E-05,48
thornyheads,2022,0.001204215,1,0.000120422,48
thornyheads,2023,0.000639617,1,6.40E-05,48
walleye_pollock_adult,1991,0.374103949,1,0.037410395,53
walleye_pollock_adult,1992,0.385848174,1,0.038584817,53
walleye_pollock_adult,1993,0.461007118,1,0.046100712,53
walleye_pollock_adult,1994,0.427707065,1,0.042770707,53
walleye_pollock_adult,1995,0.294622075,1,0.029462208,53
walleye_pollock_adult,1996,0.2122336,1,0.02122336,53
walleye_pollock_adult,1997,0.358563737,1,0.035856374,53
walleye_pollock_adult,1998,0.023122218,1,0.002312222,53
walleye_pollock_adult,1999,0.385727673,1,0.038572767,53
walleye_pollock_adult,2000,0.023652314,1,0.002365231,53
walleye_pollock_adult,2001,0.014705093,1,0.001470509,53
walleye_pollock_adult,2002,0.007232769,1,0.000723277,53
walleye_pollock_adult,2003,0.206969732,1,0.020696973,53
walleye_pollock_adult,2004,0.265939881,1,0.026593988,53
walleye_pollock_adult,2005,0.333531224,1,0.033353122,53
walleye_pollock_adult,2006,0.293600552,1,0.029360055,53
walleye_pollock_adult,2007,0.219672559,1,0.021967256,53
walleye_pollock_adult,2008,0.216324157,1,0.021632416,53
walleye_pollock_adult,2009,0.176980364,1,0.017698036,53
walleye_pollock_adult,2010,0.312832547,1,0.031283255,53
walleye_pollock_adult,2011,0.330940114,1,0.033094011,53
walleye_pollock_adult,2012,0.421412926,1,0.042141293,53
walleye_pollock_adult,2013,0.386748811,1,0.038674881,53
walleye_pollock_adult,2014,0.591850125,1,0.059185013,53
walleye_pollock_adult,2015,0.69348017,1,0.069348017,53
walleye_pollock_adult,2016,0.737262383,1,0.073726238,53
walleye_pollock_adult,2017,0.784686345,1,0.078468635,53
walleye_pollock_adult,2018,0.642398239,1,0.064239824,53
walleye_pollock_adult,2019,0.471311253,1,0.047131125,53
walleye_pollock_adult,2020,0.425827366,1,0.042582737,53
walleye_pollock_adult,2021,0.399839241,1,0.039983924,53
walleye_pollock_adult,2022,0.526023598,1,0.05260236,53
walleye_pollock_adult,2023,0.532288528,1,0.053228853,53
