"tstep","year","mo","cop","eup","mzl","phl","phs","temp_b5","temp_s5"
1,1970,1,0.294116786731764,0.20478890727033,0.913313985193033,0.665030863298553,0.901312248915545,1.02602534074236,1.21522237867821
2,1970,2,0.49362465917624,0.529800909921881,0.534190653547654,0.549976144032706,0.774176599997851,0.991748541089712,1.22702969218263
3,1970,3,0.269519654183274,0.295745307011432,0.564503454266101,1.29106207854261,0.910745564803215,1.21200402807987,1.5504917523054
4,1970,4,0.341327277390986,0.344582867786143,1.01695276062209,1.8140823186898,0.840381448410605,0.998842433182685,0.887710163540803
5,1970,5,0.913162668871967,0.903565395995971,1.17886158196676,1.24000425276452,0.770024058135402,0.951741325392955,1.05550103706757
6,1970,6,1.02378914481375,1.04988294203459,1.05501828532568,1.16327721738932,0.97262899510722,0.967760485409805,1.00943577856273
7,1970,7,1.09021534513027,1.09562397741813,1.08361755861801,1.43082009832337,1.14295265132829,0.988656414578206,0.938751152550309
8,1970,8,1.21909372556522,1.21083978519465,1.30146625996527,1.82901521117075,1.50023370176951,1.03380211219476,0.896893830099451
9,1970,9,1.27502196799663,1.26145994666538,1.26520966601145,1.4733069000383,1.27484278911888,1.04798895926028,0.985230871480165
10,1970,10,1.22777827749054,1.22507372629212,1.20560006996256,1.19432787024853,0.913507811114164,1.07782161323286,1.05258805965253
11,1970,11,0.983556182828939,0.984867478459008,1.05525875109631,0.930767417457628,0.531220817827142,1.21390714636551,1.18104384379824
12,1970,12,0.300645976985413,0.302303580618954,0.523798757765592,0.573708717123042,0.488890443022915,1.26462777893496,1.3803323756154
13,1971,1,0.228624308936077,0.130260495662887,0.529736875632353,0.704751569436463,0.871031083714129,1.00423994584444,1.22731328678383
14,1971,2,0.499010793876143,0.402649928032492,0.265164194693276,0.599058465329327,0.760563511380781,0.556225177252661,0.54548409899439
15,1971,3,0.379044649244356,0.341523955409356,0.193578297607394,0.630211251159964,0.566568606673662,0.179343753887612,-0.101059574989207
16,1971,4,0.512721435416662,0.449416738314238,0.380799877161559,0.648282469382212,0.412523287320865,0.224108222942411,-0.013027618368382
17,1971,5,0.645235557571751,0.607996881491082,0.516878607661505,0.743212572607958,0.4699271068291,0.306084362812633,0.155754877792136
18,1971,6,0.802632136122658,0.813099316290855,0.716411449553071,1.28261735479604,0.909857032121152,0.535004623289386,0.538130244994391
19,1971,7,1.14047648111209,1.11273409326755,1.08876099863871,2.08144137391039,1.19676014825361,0.628400177261953,0.790242499342645
20,1971,8,1.30903576405614,1.30208794685946,1.19950616407369,1.9655499033994,1.17110915716854,0.732047468479511,0.896045457819248
21,1971,9,1.41007219388009,1.42228672159008,1.23000628451577,1.78402267052859,1.31197059813128,0.810870365334715,0.890298418435478
22,1971,10,1.29356611907489,1.2989362154531,1.13371652971183,1.12047107883277,1.04438732574104,0.882909500858276,0.887299910802231
23,1971,11,0.983396821123024,1.01116848977388,0.933949595552177,0.796875843999972,0.59105170399555,0.936566332115836,0.897652680332702
24,1971,12,0.620079276649409,0.657187399185472,0.645749289929373,0.645879846461689,0.518336040780288,0.896443279726551,0.85074721561902
25,1972,1,0.353873993375106,0.310786553775422,0.601949685796123,0.765649123723543,0.841647032681297,0.829267062495717,0.869242827308342
26,1972,2,0.467765426080862,0.463025001983483,0.262528613516558,0.623177027301697,0.803252664175304,0.581197860275411,0.603743497167724
27,1972,3,0.330150187368191,0.319058775839739,0.203783440594763,0.869419007436731,0.763751615024431,0.34177259053447,-0.0868537286658744
28,1972,4,0.693308284913785,0.651533197868279,0.553159858224143,1.29200633760625,0.504678668312373,0.171037852159069,-0.164625894130678
29,1972,5,0.880961348548223,0.849904335066952,0.752198610872654,1.23547631956963,0.34531229142943,0.303678747344958,0.472644239520845
30,1972,6,0.933791247128482,0.932600272533246,0.865431547028032,1.574075257204,0.53850792490355,0.498516130907609,0.68571706976831
31,1972,7,1.0848977408642,1.09038010277042,1.05378449304742,1.73437604078295,0.666657062966385,0.62354935065458,0.943147517147254
32,1972,8,1.15261375971336,1.1590972693668,1.08325160434184,1.47473207527406,0.686129335149121,0.694538527325533,0.983220431853639
33,1972,9,1.11657935127394,1.13669807890953,0.983203551354571,1.07112165949231,0.665506060050326,0.736501150035975,0.997200555913068
34,1972,10,1.18162473886746,1.19469501791558,1.07720828424506,1.10002815261177,0.794695532782073,0.807965172876331,0.887900424440607
35,1972,11,1.05842909386034,1.09154950992404,1.03027342153071,0.960844747388788,0.706170775687131,0.939202714827638,0.975225331867546
36,1972,12,0.75107021627413,0.789652867750937,0.711604615748446,0.55341167669409,0.528726042446783,1.01353969730256,1.04258299077939
37,1973,1,0.369928583570763,0.252431531230838,0.727373080931517,0.692515007292862,1.07191447100197,0.729609985908659,0.821695628902884
38,1973,2,0.675608175591656,0.651268047465149,0.514502805862467,0.60363910296562,1.13878007069076,0.617014723294231,0.729230608412578
39,1973,3,0.367541709476048,0.362143567337008,0.258509549307925,0.44519820496003,1.11009542818188,0.513143533322455,0.56314445779622
40,1973,4,0.615961049559164,0.56220352811694,0.54764401782152,0.724510447742579,1.34599933299716,0.666661235946503,0.673149032125291
41,1973,5,0.807182084185886,0.796784238540412,0.818868776400588,0.701902436071099,1.37302841291532,0.772173209251895,0.606542893225394
42,1973,6,0.85097886900681,0.851039183060362,0.82563706909516,0.813608755360453,1.33277940761838,0.842022507092684,0.649144933322178
43,1973,7,0.965738483450497,0.956871198902027,0.970588611417059,1.17794999268563,1.27000969419485,0.918163193469244,0.867806226011874
44,1973,8,1.02696365562922,1.02026285855487,0.968479869095909,1.11952587274279,0.782149488768587,0.970496713064561,0.901205378212657
45,1973,9,0.921857528981763,0.922961131825247,0.856500344220152,0.922878966005068,0.61222339630678,0.988442147412938,0.972589281554796
46,1973,10,0.916445060876698,0.933766970174925,0.827528883979082,0.831127687933649,0.419258859517114,0.965855448289019,0.919741005879286
47,1973,11,0.910202131546487,0.931759119069918,0.838514376175463,0.771176735018561,0.423287242469895,1.02100943845249,1.04699543306528
48,1973,12,0.650102752644035,0.66096306606324,0.716319083073369,0.722454516727204,0.530121070770993,1.08028342298987,1.08161107279446
49,1974,1,0.386019271011573,0.222191989513424,0.690368115970631,0.914094327597721,0.994715943667443,1.01891374781501,1.1505752403512
50,1974,2,0.845181345761467,0.696327339206641,0.586797991893581,0.670452240914927,0.970904851208177,0.546575835560968,0.411247948729923
51,1974,3,0.971109924104924,0.85692839150682,0.510957659443685,1.04400431425249,0.929874646738809,0.179705010545157,-0.249220212192624
52,1974,4,0.968377660344758,0.948248726790981,0.794905632251491,1.2948599534416,1.07399662028569,0.440032981891557,-0.00144231734988525
53,1974,5,0.871668175704476,0.840210923186458,0.825773449024792,0.890099651133005,0.923982586652395,0.667659448315207,0.807956366645025
54,1974,6,0.974489384078548,0.958521442786135,0.902692219566217,0.767884272875453,0.850878124934602,0.769481942000123,1.00581965933782
55,1974,7,0.914090818760246,0.950285624475485,0.880575303161093,0.806850429804452,0.895291154723804,0.825695697495481,0.941543870251327
56,1974,8,1.01954614214457,1.02588995835583,1.00411225267882,0.994082125293822,0.753477713782631,0.882438444559563,0.980127754909473
57,1974,9,0.885951373368537,0.913654162829918,0.834456329592084,0.622050850910826,0.396382758028355,0.923933149757104,1.05858951908199
58,1974,10,0.65289144632601,0.673558230953071,0.674611617101774,0.594850418455816,0.217451343719826,0.887948451802587,1.01621632861548
59,1974,11,0.75788736260948,0.760962700618809,0.796022163606481,0.624187862894635,0.356454891721623,0.914897119318468,0.971372449261105
60,1974,12,0.534238400759307,0.544849685149988,0.639984459602897,0.627459141168419,0.491880124941694,0.802160777250531,0.818312845182686
61,1975,1,0.325817423133153,0.190924026688883,0.637542539932607,0.688529462709476,0.894075731233817,0.595259741135279,0.635358945956571
62,1975,2,0.700069421417598,0.596357720308452,0.44038584511405,0.581900365198617,0.869438748539324,0.529319431559341,0.488844425727001
63,1975,3,0.570931895383933,0.499290394394442,0.238239678302085,0.475386670150219,0.850694351327991,0.226129421674545,0.0486783245063747
64,1975,4,0.581482472344066,0.506977141555954,0.325933228629092,0.434780604344751,0.706000257531492,0.180849737222287,0.120033591072023
65,1975,5,0.696402287025475,0.659383337588961,0.516582242862672,0.481239234336786,0.561911069368539,0.333863697117027,0.352731175056426
66,1975,6,0.822664359336308,0.845561592560506,0.738562792047083,0.832475532063146,0.881783847006458,0.536589670988848,0.664658282863185
67,1975,7,0.977349214401627,0.994950505780123,0.948286211705811,1.25067352223925,0.971636557761261,0.713643951656507,0.871961061929293
68,1975,8,1.07129921700042,1.07431726750347,0.93605590370975,0.955128195392711,0.802272771935569,0.736587836826025,0.997630919734145
69,1975,9,0.983527159096722,0.991986189327228,0.859797680844518,0.934085058779222,0.722383896372172,0.810049921391825,0.870354993622069
70,1975,10,1.03043826238887,1.01872145098133,0.991083392078209,0.885550644089166,0.893194763137879,0.867794460114025,0.94544451291822
71,1975,11,0.992545030922877,0.99039935008577,0.839584872647679,0.55977000609238,0.621694125283311,0.821106928042557,0.772920459447846
72,1975,12,0.420477728950012,0.379189578993717,0.499199497905366,0.521748079128333,0.514387588744535,0.771337746440784,0.812853225550423
73,1976,1,0.364754806239342,0.22151514515292,0.672545311255223,0.756355246227188,0.9933013833958,0.659914282088424,0.720952178151835
74,1976,2,0.623470607699295,0.565332776150409,0.340861228119503,0.605693348827096,0.956165163095749,0.355093519886514,0.208737054245645
75,1976,3,0.467747628384921,0.447538552335384,0.173842792670524,0.890125467714343,0.896219593358373,0.0739350145093607,-0.562802871962373
76,1976,4,0.647728910512021,0.595786087221723,0.533519468094201,0.806921003331162,0.562305579490263,-0.0276852618338278,-0.650643958101586
77,1976,5,0.806967347618487,0.780701075202403,0.716418365470619,0.607168049956502,0.592422818748922,0.170686464082813,0.284560980339776
78,1976,6,0.842048064501249,0.848821093579037,0.73916393878228,0.777851440512282,0.85359200709771,0.409163287781641,0.767310981069265
79,1976,7,0.994943300497353,0.988846443460214,0.881756944812712,1.20080524552667,1.29374973229339,0.512607704848645,0.930795295786453
80,1976,8,1.12771845709321,1.12965218602077,1.03651076040794,1.01132943161873,1.40463647155526,0.63058558414765,0.960422610549758
81,1976,9,1.11796615502206,1.129252860437,1.01219644422664,0.662650248866356,1.4212724232572,0.73334266239002,0.894277407244512
82,1976,10,1.10026539962432,1.11120157665831,1.01063412513139,0.724801679014352,1.04160446870598,0.852868230630796,0.927193442624686
83,1976,11,0.758386914982422,0.771153880216669,0.601730598998607,0.305371942998422,0.295051796218111,0.953958809887751,0.887369845291794
84,1976,12,0.136881537509115,0.119164103983428,0.325867048856351,0.45877164413661,0.499605404099158,0.938830354984728,1.02118095649087
85,1977,1,0.291226711489139,0.170606229554126,0.427082079008792,0.746847661438469,1.01695076523812,1.36311685038276,1.66210417034344
86,1977,2,0.964360233719212,0.728533308531634,0.472823551454454,0.69546634970357,1.26345988848429,1.82377958914285,2.27282586119358
87,1977,3,1.19712178707732,0.939144346214423,0.398608893731542,0.485936663867397,1.52031698794464,1.82756025601608,2.30951416501185
88,1977,4,0.559326192283653,0.482814170834653,0.328209694046086,0.354514279666398,1.28936422663898,1.25845661869835,1.21856864658869
89,1977,5,0.916279295891839,0.933284974377046,0.895634216346899,0.670490226214862,1.28563560270568,1.27399483674253,1.09334980239018
90,1977,6,1.01400799506584,1.02473435521718,1.03008335988543,0.753201680506747,1.15316141021985,1.26465485923044,1.12806045220722
91,1977,7,1.0264360321832,1.01523990024059,1.0178040215695,0.821370800052052,1.10174489595429,1.23862448475642,1.12071056430196
92,1977,8,1.17481751922738,1.13404803937249,1.24593966893281,1.22026230403455,1.25938138013679,1.2623243576762,1.08517632770285
93,1977,9,1.3348528418737,1.31325132072258,1.41871176502669,1.62761543342639,1.32492994398196,1.26739126145228,1.02323623530313
94,1977,10,1.29713603452494,1.28418245714087,1.3665271245809,1.48799556464674,1.46816332139349,1.25833881195022,1.04246850899669
95,1977,11,1.20062638109698,1.18340367377363,1.11302567257688,0.737101474095836,0.562430438561002,1.15793290718921,1.01851826073826
96,1977,12,0.686986266743474,0.661441151119732,0.684041640040721,0.484710655651364,0.557263005351913,1.01118938619917,1.11066178854875
97,1978,1,0.290764264146696,0.199595957894132,0.695866985134366,0.767478640800637,1.0023204930241,1.39713866159652,1.73413392909601
98,1978,2,0.750735060317855,0.695418758216548,0.551659380205157,0.856954647577097,1.20528410388881,1.5740083025763,2.02345304947102
99,1978,3,0.549337777906109,0.516426409085532,0.297558312464319,0.927177897176963,1.42507359765773,1.69012436906959,2.26173795553255
100,1978,4,1.20238682794538,1.15876950991548,0.912783067382584,1.22191074393924,1.71581847980713,1.88029925082169,2.46357562665353
101,1978,5,1.16312207222316,1.168614435426,1.23246250257188,1.11820687369016,1.56886381973477,1.70498905476314,1.7239872462058
102,1978,6,1.04678344046393,1.0121042728638,1.06122616540777,0.682337887703295,0.934668077451565,1.48716683482378,1.08283618344543
103,1978,7,0.865360073687447,0.843368373518747,0.929802954045129,0.576678617107853,0.53181982076718,1.45082630228521,0.992429214124419
104,1978,8,0.802838640163758,0.798664040692157,0.897953681439523,1.09574570775996,0.25284630928927,1.40152926048577,1.02092558285167
105,1978,9,0.899418572100072,0.882558786241652,1.09073391489555,1.33561714337458,0.204206752327899,1.36548398624354,1.0703455937326
106,1978,10,0.900343884631746,0.883676035026292,0.963193513541979,0.896984560019371,0.30348536087601,1.32001416660093,1.10857942579059
107,1978,11,0.689358975020374,0.693582296107972,0.6934028854732,0.545692650159838,0.279037102248328,1.30828737214529,1.17495270741521
108,1978,12,0.199990586350963,0.194659790298495,0.362622850828751,0.504828569167648,0.43726898704261,1.30229396515108,1.43543226873532
109,1979,1,0.268152777620715,0.138702405895191,0.365811583401964,0.855349354815293,0.892195256772676,1.60715841522398,1.98999921989633
110,1979,2,0.990303350276906,0.774282775629528,0.727719032532571,0.943077686058035,1.05827797177614,1.7158710723324,2.25541739768703
111,1979,3,1.48235419185595,1.29705614364948,0.666232358704521,0.769777343783958,1.23608017326171,1.99675350016223,2.79677072884147
112,1979,4,1.32931537620506,1.31160955543242,0.818650604336136,1.19286478132074,1.82395622952816,2.52039000285408,3.10848936497818
113,1979,5,1.30921204127565,1.33381127060518,1.23910958020186,1.19381525642386,1.37868209717087,2.17513476319827,1.80026183062674
114,1979,6,1.16614663793457,1.11361066513921,1.22319065916609,0.929000764210652,0.808964209745585,1.78965221081331,1.18797283512292
115,1979,7,0.941266596799724,0.89895929557566,1.02672303867152,0.809907786701983,0.503772913125236,1.62722758009504,1.02892049758877
116,1979,8,0.750766009098743,0.757432886758759,0.830392955059125,1.02244915968706,0.34420908099591,1.51989871748029,1.0615656642841
117,1979,9,0.776139319614129,0.7754067191785,1.00520417219435,1.16711869044476,0.470820671449305,1.42713361348267,1.07571580114854
118,1979,10,1.02797121269996,0.990388087949154,1.37755767825782,1.89628238751351,0.553044411165104,1.40420714565712,1.13432905600859
119,1979,11,1.3976866707852,1.30607306586145,1.5630510347075,1.55971019680055,0.663418575779976,1.39234492238705,1.29648815704235
120,1979,12,0.677075169106331,0.63901974276722,0.595771779471661,0.443437435266885,0.456937558078151,1.10942182855494,1.23801116933089
121,1980,1,0.310306599602895,0.170553533692058,0.571897917564096,0.675135372059235,0.898547811311853,0.953250526590351,1.16802134251326
122,1980,2,0.561462005792015,0.492384194019536,0.312162512965356,0.559450345454993,0.841794927067648,0.76590194886687,0.968019053566253
123,1980,3,0.604470959117574,0.515398782855405,0.344605030220336,0.586701317609088,0.94562303746474,1.11640794882298,1.51929696663443
124,1980,4,0.919938435197608,0.813500553300603,0.701202819183609,0.781934765915113,1.39767407922967,1.67690242006881,1.90822248257939
125,1980,5,1.00367334991246,0.966208384846497,0.976279086117681,0.965010580998357,1.29637036762869,1.51158825452433,1.24886637743392
126,1980,6,1.01831007073213,0.998264154722282,1.04746322364632,0.808089777248989,0.801664935645605,1.42956729237735,1.0943584130119
127,1980,7,0.929260149077527,0.936119032344303,0.928855382387942,0.719111330737952,0.61240420112451,1.34725941855431,1.06749432770951
128,1980,8,0.956665174213835,0.955891499067439,1.00706010975135,1.08911955814658,0.835422225714408,1.29242072889736,0.989213699327047
129,1980,9,1.11091093319085,1.08570156267758,1.18589665563345,1.32172356153298,0.852517902040419,1.26954665736423,0.999553408465505
130,1980,10,1.11987750333177,1.10427119750506,1.14260906096872,1.2893707615434,0.938954138809226,1.26639433245736,1.04341830245416
131,1980,11,1.21543665948762,1.17843233147343,1.27511324131666,1.32562786549438,0.924115982659174,1.26985168145153,1.16215303360166
132,1980,12,0.996443712759411,0.951621788542637,0.995017395267952,0.608404038963247,0.602229594932306,1.13248814788373,1.23453256376768
133,1981,1,0.380633341242963,0.276216842136518,0.994029634244591,0.609880709370747,0.994529588988543,1.23615407169944,1.50102463668277
134,1981,2,0.537272181423247,0.4969702212598,0.47831835790178,0.544480705393995,0.958917445523876,1.31536106394962,1.66390437958824
135,1981,3,0.251825719104491,0.264863629684418,0.370196793194888,0.732004456344552,1.12274430597569,1.51202017953875,2.07574856919216
136,1981,4,0.650036794071332,0.623972383311715,1.48266796920344,1.46163453635947,1.47326023137187,2.08391179103675,2.72454467800366
137,1981,5,1.24530759740943,1.22504700697236,1.5504170949514,1.28018274095252,1.30252516021858,1.89087201727845,1.82573475053002
138,1981,6,1.03287225053667,1.03290912781835,1.09642461921732,0.771692127062303,0.670101805614529,1.57034026206609,1.37866496601211
139,1981,7,0.987026971324533,0.981491017687722,0.99294643726575,0.652787114922129,0.678625224293998,1.39169369202343,1.075755069835
140,1981,8,0.883412921808567,0.880362794494739,0.927396807438733,0.879899321504495,0.580690837247757,1.32873651688521,1.03485322640984
141,1981,9,0.868628528572945,0.852880100791595,0.915196906913773,0.908212503543119,0.550928274992456,1.28016108156295,1.10546338937621
142,1981,10,0.797312862686627,0.773159075051648,0.899242806213666,0.781047654786677,0.492527411077385,1.23868765556298,1.1254857032507
143,1981,11,0.604347632735438,0.556836214651143,0.625852877116334,0.356969311853206,0.256557759576879,1.18166976147815,1.07542509643332
144,1981,12,0.0942926859153484,0.078867580636456,0.362264295450955,0.447247217150225,0.437078130636859,0.999166205162409,1.11149734519446
145,1982,1,0.268978111688011,0.14232012651196,0.435266627572991,0.640459707534115,0.87285486664575,0.999888229163321,1.23982516804742
146,1982,2,0.69917526762744,0.546667048643937,0.337948434775277,0.722052712550852,1.01108601526682,1.19818660660069,1.59474021631107
147,1982,3,0.615884420644922,0.544896511298721,0.215221081520046,0.71106652990509,1.09014261546909,1.40012641259395,1.97241455480313
148,1982,4,0.69447798598054,0.61425481422457,0.36115450113273,0.551651116890547,0.95341506247922,1.19030910901396,1.43828356051653
149,1982,5,1.0176269849992,1.02174972009075,0.853669631075688,0.928881596402489,0.998647452790803,1.01346898839062,0.874664606566561
150,1982,6,1.14080587790767,1.18875913139739,1.18642999379632,1.47246023415245,1.29655084492699,1.1962356000967,0.840542568092609
151,1982,7,1.07453936214014,1.06716115485577,1.20110223589766,1.14666353702969,0.997169564200583,1.2187656395433,0.911671259868633
152,1982,8,1.00219343849492,1.00155377355326,0.997843512973246,0.995779416916228,0.479388392167959,1.21517488523417,0.951305890722136
153,1982,9,0.888597098994489,0.887424106835975,0.849997449273325,1.2660737223596,0.333299553051428,1.201381073555,0.931312824976689
154,1982,10,1.19040276414335,1.18879032669135,1.28869337565797,1.72692905575092,0.690506317878797,1.15328165665988,0.921164745568016
155,1982,11,1.23872800592207,1.2035513867114,1.14722836487868,0.920957004455864,0.528680576092051,1.14598461392664,1.05840578832662
156,1982,12,0.539585566305646,0.494214020681186,0.51605417489189,0.447260802508611,0.472894884625433,1.12713507490723,1.25276660540712
157,1983,1,0.297940983543566,0.1548347180418,0.415670630961917,0.550342857674899,0.865429605240983,0.753950329638668,0.907078100636252
158,1983,2,0.690689840283571,0.521193789528435,0.261648337485199,0.628378373792263,0.984405301496017,1.11748348854557,1.45687097939341
159,1983,3,0.428988997208252,0.38256349335771,0.173445072259545,0.806866343534064,1.38016568312261,1.41952513897462,1.89595791492382
160,1983,4,0.486627414823656,0.46646232239112,0.4024662969403,1.01286189134679,1.39416496510939,1.58888881641786,1.69128764286904
161,1983,5,0.959837514517884,0.92812948236756,0.943714283746125,1.08356395314631,1.1738841159231,1.55750509075986,1.47953231355811
162,1983,6,1.09190628056745,1.06870307575013,1.05888562419109,0.67188815658703,0.711923886678729,1.36185893569042,1.31493247913824
163,1983,7,0.944551397918152,0.957873390726285,0.907793576345018,0.668446595158822,0.79650327087639,1.2566513225229,1.12790631455635
164,1983,8,0.963140983023597,0.974139188072597,1.02105445576526,0.984760711011711,1.05741631713373,1.21166722761011,1.03847529439442
165,1983,9,1.14239303356012,1.1371935894585,1.17555937834986,1.10361839560546,1.42507420889943,1.1616969340407,1.02778502366224
166,1983,10,1.24315393792964,1.24291998960827,1.26216943225505,1.3817953490123,1.67770445417596,1.16129285225724,0.967295811285471
167,1983,11,1.40475572465991,1.38721501889822,1.4660599500512,1.62190222146197,1.71309024816173,1.13154816408454,0.96141654436887
168,1983,12,2.38330366645554,2.39853624927005,1.98541692130135,1.03626405635759,0.90171165151055,1.37948085135802,1.47808854879243
169,1984,1,0.432803190292431,0.375072083672926,1.14614211147066,0.657155937815336,1.01870272576885,1.55466304655542,1.90142434090463
170,1984,2,0.525175180054084,0.486878488280831,0.407151952645006,0.489314348369885,0.959584037370606,0.800062915582463,0.876605620792196
171,1984,3,0.257100237767219,0.254803228111995,0.301867725115006,0.761396650687561,0.907978120607874,0.6674942977091,0.795196052745656
172,1984,4,0.755148715447316,0.692784810236715,1.14746200555847,1.55287546859117,1.29655805232884,0.941428599822753,0.894720585152245
173,1984,5,1.03933752031778,1.05503059154149,1.14973057890523,1.28100771586293,1.11258917806608,0.842963637700233,0.920410401702312
174,1984,6,1.03491618626141,1.0185653130187,0.961272720585632,1.01236717996052,0.698032137296515,0.76386132085277,1.18238660324076
175,1984,7,1.04817533096427,1.04292720856923,0.950590971977164,0.994937038621301,0.706940448736792,0.760854450634905,1.04193825283604
176,1984,8,1.06796828509207,1.09869690930387,0.991540836625774,0.956364613574243,0.793324464376516,0.786319247787363,1.06980439306107
177,1984,9,1.04889880829044,1.06801151194903,0.977022827715776,0.766115764892628,0.790074417777377,0.831194834455291,1.04170217860836
178,1984,10,0.834376458180119,0.866000499419214,0.779295498184589,0.531604647340702,0.351002433963825,0.852451330879065,1.04697423139422
179,1984,11,0.680768456923003,0.703274489353327,0.727985508044481,0.522788076751502,0.299606227778824,0.967103578916869,1.18029569539303
180,1984,12,0.270923625595907,0.289400235522859,0.512186040444614,0.674039999297879,0.446452905072874,1.15620650345771,1.31515789569747
181,1985,1,0.284182780411092,0.1673491554257,0.655348857960137,1.03813257797215,0.941913561844228,1.72408117551489,2.14658413148311
182,1985,2,1.00227705581907,0.886810594895755,1.10870514235806,0.822928170092793,1.10139077474,1.94093876162335,2.54511232666874
183,1985,3,0.512084193892679,0.51418941693488,0.30690808031347,0.54045559116435,1.19507862798455,1.16047446674234,1.47217511829234
184,1985,4,0.760949268175507,0.698841724033354,0.565598492310223,0.549561716342652,1.01378545575918,0.61892522008751,0.580409276578929
185,1985,5,0.880113700314968,0.883329727408557,0.798692225677133,0.740692938248903,0.74282473608994,0.678515888861108,0.621902249351791
186,1985,6,0.999636154773987,1.04073231995809,1.01090150404923,1.04577100183382,1.03197927967624,0.814051918346227,0.815422047076518
187,1985,7,1.03080369694126,1.07522262396692,1.0441154762752,0.865893997371139,0.961402525300592,0.893593953593832,1.03186954263233
188,1985,8,1.07127585793424,1.07561198133354,1.05673664437822,1.05165463390034,1.01360378943729,0.932094947241561,0.93760419780239
189,1985,9,1.01736116442969,1.02410908000641,0.952043635921495,0.858418749008629,0.724692001797739,1.01428465451898,0.966476705590252
190,1985,10,0.947490465601273,0.945646923357087,0.892497685571309,0.760911291836313,0.666308878665605,1.03339198002508,0.926089360120174
191,1985,11,0.840094093611788,0.865696380293993,0.77056379249323,0.527797994818057,0.403793825347553,1.02681916771934,0.964793988787028
192,1985,12,0.405070398306534,0.416808194262436,0.493862310566545,0.576976875098355,0.487054293331607,1.30057260561045,1.39492438621004
193,1986,1,0.239703097635881,0.142169747259561,0.549613148444824,0.850296318349828,0.951890547275911,1.15619835815033,1.30058682852635
194,1986,2,0.565872937377531,0.524611265906281,0.433458163418248,0.725565331058278,0.949509093167937,1.18615738099766,1.50040321229781
195,1986,3,0.294279308141217,0.32026394963643,0.200710664783986,0.760302251892669,1.20852031554125,0.759430994296244,0.813290870151537
196,1986,4,0.441666912096532,0.42339578342079,0.509543685017795,1.00963456013227,1.26872403762377,0.684506223828065,0.708435246778974
197,1986,5,0.87877779033808,0.850791570132786,0.880563092285573,0.893104723626356,0.913230611485115,0.734999545538425,0.705519729642803
198,1986,6,0.986386304519826,0.981341720265261,0.952059155159403,0.959681203186445,0.931242768585561,0.814357318397233,0.909293620592876
199,1986,7,1.02618525197305,1.0510148047885,1.00963039214556,0.957385531758065,0.892846945117285,0.85326340279166,0.97605177483435
200,1986,8,1.04153584078978,1.06479308555568,1.00403907954765,0.944334625551605,0.903791534410704,0.895024178228996,0.925571392703847
201,1986,9,1.08367491519143,1.1132682913259,1.1206971557288,1.20668173295122,1.20370513138724,0.95467926372197,0.908458008315648
202,1986,10,1.02012194950964,1.06328001691377,1.02772619549967,1.06094465138841,1.75743822110923,0.974328206934202,1.0236552894185
203,1986,11,0.930208013234842,0.972417152901171,0.997207034450803,0.887193043305549,1.1823609866464,1.0475971297677,1.16333812932266
204,1986,12,0.406228620266843,0.424291451163135,0.548735071560699,0.601109268252988,0.459619089843733,1.24417959920382,1.36145555451519
205,1987,1,0.379438315681243,0.249208948409225,0.792448451013004,0.933350901108155,0.910341497709686,1.2593583308758,1.44493471098633
206,1987,2,0.827213333990078,0.749870401579805,0.666928042236348,0.784637327231526,0.991981163416698,1.34940422865558,1.63274263015741
207,1987,3,1.44267878817695,1.25404855307448,0.706093990742176,0.959721530848682,1.33903188199315,1.63548234185741,2.19281145948046
208,1987,4,1.25269740310088,1.19409074094154,0.96080529991555,0.733546257903404,1.30983915345277,1.84023185605969,2.07450797252735
209,1987,5,1.0593529700219,1.10857742958618,1.03031015583266,0.939268740592341,1.43627531905812,1.49010288655993,1.30070736812309
210,1987,6,1.00957181123323,1.02260563260895,1.06774761312218,0.846754285194465,1.16162502643381,1.38045604289678,0.995076228233039
211,1987,7,0.975357083770762,0.969354422941723,0.997396319841961,0.801925139788918,0.895554144050969,1.30475859517377,1.05600538700624
212,1987,8,0.933867209065407,0.937711868596514,1.00392919484987,0.892194305385219,0.798085488342893,1.29824480990557,1.06201362417155
213,1987,9,0.856561328946197,0.853899249786448,0.95665253762566,0.80764505456064,0.642587217870335,1.25036397488673,1.02483414886511
214,1987,10,0.988913349519743,0.973292723323819,1.03892491830456,1.00373429824957,0.454775685208133,1.23104161515193,0.989934195174799
215,1987,11,0.962731612919868,0.965716075948779,0.945952602000931,0.949823281805477,0.44503101566415,1.16932406380307,1.00946885126665
216,1987,12,0.61153757075742,0.627265527864265,0.628097466952912,0.492686444369595,0.494679659122539,0.990186747370074,1.02524380545823
217,1988,1,0.344401219013674,0.224331163756577,0.587970810669172,0.621497209263655,0.917785401909111,1.19582605265675,1.45170928517649
218,1988,2,0.537396942359682,0.500505126198386,0.177742231956627,0.533926273958155,1.03816207143227,1.24428301490757,1.53195449985976
219,1988,3,0.348357397706804,0.306567554634417,0.076802180528348,0.463233587475643,1.09431465155193,0.768175657318305,0.800166467763675
220,1988,4,0.300633074329641,0.274063927037482,0.188414281471418,0.512123247155593,0.897819828233041,0.560813613604167,0.237613226370594
221,1988,5,0.66937729704445,0.682768528624952,0.675941672248126,0.932856983793973,1.06047249568205,0.84342211751589,0.795912220379644
222,1988,6,0.981226842131535,0.986735260827289,1.00204115170127,1.10285017933608,1.14861074267275,0.973380568440892,0.854061631423655
223,1988,7,1.00828894766156,1.02047363929002,1.03079216557607,0.854291091697819,0.842253265138722,1.00896876714026,1.02504999581968
224,1988,8,0.864691522486577,0.877389937708268,0.82345047743266,0.715883259432807,0.485080640162481,1.05521561075055,0.988593574374676
225,1988,9,0.929516188644677,0.923424255834612,0.952555517247019,1.02119520180687,0.415943559672842,1.09028344717446,0.972324542503851
226,1988,10,1.09695533499393,1.09431721218044,1.21301919621074,1.23967101312812,0.459899188049752,1.12764687568845,1.06389460345285
227,1988,11,0.871887308077867,0.886786078787249,0.760251876621696,0.395609722002796,0.247809275433671,1.06395882033913,0.986203339085239
228,1988,12,0.246904161531961,0.221051549550017,0.385638068522649,0.407288142308028,0.443141909261679,0.755754435070952,0.785344986920899
229,1989,1,0.316631925162168,0.171879276719581,0.443189762157636,0.608446358273278,0.800765129274157,0.622030885482445,0.68117152137956
230,1989,2,0.808563423275995,0.580933984311498,0.253344998038603,0.669055700351578,0.754150020459815,0.996851026933207,1.26738644547845
231,1989,3,0.604847738585201,0.501880796325699,0.166678903501278,0.570089414634958,0.908559360536879,1.2334530101161,1.63559275945003
232,1989,4,0.97063653268526,0.864633678296791,0.538202358863552,0.935642824409045,1.35001750419808,1.45099297157091,1.76447023069378
233,1989,5,1.07345754752807,1.05910623435028,0.817650044527286,0.797656275646785,1.38411970206415,1.47486272555825,1.18340317153152
234,1989,6,1.04331004202701,1.06013191272418,0.982883003721826,0.833190485404611,1.04850866002928,1.30315064575032,1.01690222644876
235,1989,7,0.943384880034415,0.951310434621455,0.918382660893713,0.73646716122621,0.720346082143019,1.23191859345911,1.03638774693495
236,1989,8,0.895761769022998,0.919476240416224,0.924773046421277,0.760245339865357,0.819349821901636,1.1963963357276,1.04916638354505
237,1989,9,0.910203651456039,0.92087608098324,1.00405425339059,0.643652440443686,0.848345522052434,1.17131933153925,1.06510014731058
238,1989,10,0.84819186961561,0.857734744128787,0.886252555194262,0.605803132678277,0.477630875623377,1.18004726809454,1.00543260532331
239,1989,11,0.604354755989933,0.640598536097811,0.595076239044684,0.44447587054377,0.244852969289901,1.08262535005277,0.972868019272405
240,1989,12,0.335962553555672,0.335907145764401,0.403241821997135,0.446291772981107,0.480828354482407,0.905971993807129,0.960625128103521
241,1990,1,0.31796565116131,0.146706000495866,0.435225524670783,0.597944823962311,0.902313082802827,0.808857843384094,0.922843729024218
242,1990,2,0.657806988236466,0.420359648960889,0.209157338017552,0.472562957619716,0.844385631883965,0.663183564300312,0.696408007602502
243,1990,3,0.398257139593403,0.323549398258407,0.180811964147038,0.538906137437334,0.833472186083018,0.640871818205904,0.751809463325358
244,1990,4,0.780703751451742,0.704204174274918,0.616034027473183,1.20676829487019,1.44936875483756,1.12572673590245,1.58623255908112
245,1990,5,1.00880647071176,0.996264122995222,1.05049892262934,1.32311850516004,1.47255214399114,1.18575882534687,1.24384161538393
246,1990,6,1.05669036714952,1.02808269310978,1.0025951329409,0.744256508844872,0.866749148242255,1.11314782337861,1.15654831414975
247,1990,7,0.939031200103037,0.936561596770517,0.873942051880158,0.569959678402902,0.662082046622809,1.08198723967493,1.0580702857845
248,1990,8,0.852236653919053,0.869626421530277,0.840925832978747,0.724290170094829,0.321275815806231,1.11697166267146,0.963643457977013
249,1990,9,0.88489698909019,0.884929715096073,1.00532764149898,1.41240783418493,0.306799987359592,1.12222983655328,0.956295892711167
250,1990,10,1.00526918851241,1.00582140204897,0.999047809528682,0.92954506377738,0.416448720931452,1.088781973178,0.933791669038699
251,1990,11,0.884323140761526,0.923961860426872,0.820911076470084,0.58845576763992,0.350747122336196,1.03591448429674,0.960281705978696
252,1990,12,0.362633853216901,0.39116176950606,0.459946046590097,0.482047305453127,0.473968941628695,1.01256625465932,1.09582525406005
253,1991,1,0.318120051456005,0.201905384921507,0.544955558154547,0.802900792725096,0.993861696123933,0.839533982540975,0.943624063230368
254,1991,2,0.566011975677774,0.548558586439922,0.28049197763257,0.526207335532661,0.856693982823741,0.240089794701781,0.106676861580906
255,1991,3,0.486691487084099,0.456157283279968,0.195403287412188,0.569980693097357,0.868994888644727,0.417888979758653,0.419047734526789
256,1991,4,0.663133586987876,0.629310701670828,0.486210942963391,0.881624891704899,1.1500924082809,0.742683495828196,0.857800696093304
257,1991,5,0.865751239844349,0.878334701780541,0.834796622814035,1.00400745833156,1.09559164531319,0.967588768842783,0.959561364895336
258,1991,6,0.950013653964217,0.946430929503973,0.919495911396817,0.820972749412022,0.723058056862239,0.993265142109471,0.916793909501187
259,1991,7,0.870945251531195,0.896672803075818,0.798226543965278,0.794557660622786,0.454878895391711,0.981048514392822,1.07186974685402
260,1991,8,0.942481344344316,0.966032860331212,0.833843697984008,0.885965627544946,0.429532606485584,0.94755358514002,1.03180862795871
261,1991,9,0.815866251016277,0.851623280438243,0.769217660431473,0.606559521841109,0.424141390780342,0.967524453040833,1.04073912091575
262,1991,10,1.02192823876365,1.05832235348535,1.15161113623024,1.33251017373204,0.566406449794446,0.990682623055378,1.00607717175243
263,1991,11,1.25758052436018,1.27092853841422,1.28488642445831,1.0953734179218,0.575337119777752,1.07060453352735,1.20845466709749
264,1991,12,0.545342374841074,0.567309802722541,0.616284236347269,0.571656524579876,0.470000981918501,1.05175703725621,1.10732809373093
265,1992,1,0.294226509307514,0.168476208107458,0.580250787789964,0.778499229491636,0.924002553982524,0.892594022826464,0.992978973030972
266,1992,2,0.650666432426184,0.591854870627211,0.334377181064472,0.67324130105689,0.956672049992787,0.85909824444572,1.06071951918804
267,1992,3,0.378524031937076,0.369611602912008,0.145396560555061,0.461021154786103,0.899950543967945,0.420056223684886,0.365295812286295
268,1992,4,0.435177335031475,0.380830022791577,0.328370821762153,0.819075604979945,1.12984023920715,0.38096842031559,0.474060529732634
269,1992,5,0.840127978242736,0.822957837517404,0.852914446165903,0.944690764337342,1.3699570504317,0.525168505004683,1.05344287051082
270,1992,6,1.02835866609208,1.0277422520974,0.996644516542273,0.73350319023921,1.04173009273884,0.65946607466699,0.984396146744627
271,1992,7,1.01580931378115,1.00196580850113,0.993314747512228,0.701791100006868,0.781912664422827,0.75249525481598,0.923831726077272
272,1992,8,0.967820467534281,0.974273232305624,0.889793461606768,0.868690642715571,0.367114089088007,0.758216069201071,0.944228414885724
273,1992,9,0.883983483444821,0.92111471507419,0.742105593588338,0.690582430539099,0.235925106792045,0.76268426239614,0.907148025886832
274,1992,10,0.913233228793439,0.955544368143601,0.728016253444871,0.513708817914681,0.224071055898692,0.78727352178663,0.825140619235093
275,1992,11,0.533155209104571,0.585122331539899,0.506659484677345,0.314660506408288,0.213616612599963,0.801040773282013,0.810517686035673
276,1992,12,0.0958849636720433,0.0931731463840104,0.328428602380494,0.441025945441584,0.506347590500101,0.602214711966286,0.630260848576299
277,1993,1,0.290268386502114,0.159825659381277,0.444890969235768,0.860600414116266,1.02759309313595,0.595606963546361,0.6987043865413
278,1993,2,1.21978636914214,0.96408547579799,0.803851891227488,1.02440898557946,1.13642004299041,0.673215881518429,0.866140241614614
279,1993,3,1.27965615808765,1.15737520020664,0.732532117468149,0.925837027812502,1.33511828548388,1.13812039189971,1.51011652331826
280,1993,4,1.11433740779326,1.0318804463388,0.965350844583531,1.16891644732463,1.62783862031369,1.63394438169251,2.16545540883394
281,1993,5,1.09771296134035,1.09908688160955,1.18735971958607,1.08573539593387,1.46636684904558,1.58098837637695,1.45264271744435
282,1993,6,0.983217827422655,0.977734603853695,1.03032893748852,0.729814791730829,0.80184029778871,1.41899170336919,1.21128129511635
283,1993,7,0.954728646399668,0.930011025119055,0.985322507899669,0.667581617425011,0.470379041110525,1.33444031768591,1.00686521164764
284,1993,8,0.797551132788831,0.796370640893021,0.80808738427413,0.86525868420378,0.225366771767979,1.28878525317447,1.0771946531176
285,1993,9,0.714142143307435,0.695772099270207,0.899446601163172,1.12947696419443,0.175946744766197,1.24541834971539,1.04775094274246
286,1993,10,0.88553929752122,0.839801738090445,1.10527607327571,1.39157960328105,0.426870552057452,1.22949644591281,1.05627420378198
287,1993,11,1.04950901947932,0.961879028906571,1.17701576365993,1.25210685845601,0.608121364758805,1.26200709869956,1.20773986788683
288,1993,12,0.780600810650685,0.734116737158061,0.724089553372274,0.602938830151242,0.4683105122533,1.26398720741819,1.28402959131254
289,1994,1,0.399856286954331,0.236875800711909,0.80750446229212,0.959649113005056,1.02324476216306,1.1545995506011,1.34754514692809
290,1994,2,1.33678897936537,1.07806786439415,1.21201034947065,1.41003279433511,1.46320526017698,1.35675337336699,1.70729894728922
291,1994,3,1.08836690464435,1.14094451982704,1.47539997060455,0.939565087192623,1.44276516058272,0.900358092705959,1.06900054064411
292,1994,4,0.783982904189208,0.81041771284157,1.0447597588309,0.608090207833565,1.0369988274148,1.0485192195342,1.17910881042986
293,1994,5,0.728272768733924,0.756463906955076,0.819622473503766,0.686562220528706,0.919210462664108,0.966710464350673,0.894904268512042
294,1994,6,0.880399339744834,0.863334218770927,0.88036033190305,0.923653982698997,0.769229405763469,0.950092327036786,0.951075094146671
295,1994,7,1.04396699579007,1.03530936182159,1.02655985464348,1.02114222804086,0.846675875117063,0.990222679567902,0.976426488938927
296,1994,8,1.15465524364586,1.16256000409804,1.23948854055311,1.18471430765119,0.927192347883692,1.06756037529275,0.953244337084978
297,1994,9,1.03398464411503,1.06318886388739,1.07358885694957,1.20671610883123,0.524687795752978,1.06866697067823,0.996032849541258
298,1994,10,1.2544855874901,1.24933525035684,1.38493390166694,1.86273876347573,0.64996030423331,1.04797505128118,0.93457982697489
299,1994,11,1.45752839450233,1.44191731176892,1.25233802299459,0.924700792399106,0.481900731230414,0.87964433547626,0.78981612045856
300,1994,12,0.54308047298728,0.525523878286721,0.513306966757353,0.377187947137575,0.478501056427977,0.729041400793729,0.754105053588543
301,1995,1,0.366519634935312,0.212091271815332,0.55250707097956,0.626816748482699,0.889800513904525,0.842504556418354,0.953320393152223
302,1995,2,0.750857485262638,0.614848753747896,0.269249843632023,0.60361228235351,0.849706992862575,0.598710217042292,0.602721689938395
303,1995,3,0.621928496150657,0.557101634989055,0.207557363027176,0.638693720299581,0.84600116518001,0.606508517837035,0.636586171623183
304,1995,4,0.519156227700733,0.47493408254451,0.291324310077345,0.806608870830451,0.813395469610243,0.428775282400981,0.402333737760146
305,1995,5,0.787973515316172,0.76856503249363,0.723144396359975,0.988476621196046,0.824311250353388,0.682477114992384,1.02217422418412
306,1995,6,0.905787345402662,0.90931072160072,0.877634503963947,0.94678086455022,0.818105540634652,0.743442260780389,1.01372398495497
307,1995,7,0.990873290212427,0.988597696047095,0.90173359776386,0.826433867208771,0.965769068262217,0.778950566474646,1.00299201280481
308,1995,8,0.950878269179838,0.970886252465459,0.865034619148144,0.586852849873774,1.08907235191572,0.775788655721334,0.94863377170977
309,1995,9,1.02296741340955,1.04245268759688,0.90422029735264,0.454608983846414,1.18589508685165,0.778114140221498,1.05820139986033
310,1995,10,0.907123606701387,0.936454623431877,0.81520436615091,0.499750186498359,0.888617743623501,0.778266741302295,0.992705982766982
311,1995,11,0.867605947621529,0.899693388418193,0.851245054842929,0.859443772810631,1.11523113132188,0.748371356450546,0.856366003683953
312,1995,12,1.35495881546868,1.3473593450749,1.28829341882825,1.28797480707998,1.05809744518329,0.793418093293795,0.833526713230868
313,1996,1,0.808223711135618,0.748612692703825,1.24912766933697,1.38468571656284,1.26063557875941,0.985918488226024,0.912705441955705
314,1996,2,1.00078299690843,1.08420434998626,1.2371591141617,1.46894547565427,1.30419367066797,1.0032511672763,0.839273147849495
315,1996,3,1.42375809902516,1.47271645452994,1.43599908767728,1.54955695885767,1.22001229338261,1.15109981643763,1.35545780570969
316,1996,4,1.6556796085634,1.7665709222822,1.71684297942952,1.04052021095995,1.11572158012542,1.25286940377512,1.4205710816277
317,1996,5,1.15603300144323,1.19341716135611,1.20843004899684,0.870469203128347,1.18578404757779,1.2076920213137,1.32771148319658
318,1996,6,0.984866131947204,0.98862835324631,1.04995525220771,0.692812170970062,1.20851955773878,1.15231863807284,1.02823785712314
319,1996,7,0.858510192460814,0.872653281447981,0.96206146248807,0.579764944486293,0.96386538833057,1.1511674113514,0.944202317312401
320,1996,8,0.769231133659146,0.757159093167059,0.747357199031469,0.643963780931445,0.364938194178077,1.09165870503792,0.951134729530546
321,1996,9,0.650522058126913,0.64477596440666,0.726371161272982,0.977507482987146,0.261746342488518,1.03727730593946,0.97309772819398
322,1996,10,0.822003754406252,0.835702363751858,0.875207179455009,0.940417711757624,0.445201541601252,0.945559300543015,0.92923029633631
323,1996,11,0.803011556755885,0.792716208709692,0.747054281644233,0.624070780169947,0.364287827970359,0.971370453848317,1.02336050527149
324,1996,12,0.570545143779274,0.554819416821543,0.695840236715735,0.865391677284174,0.522174921738762,0.999964645073919,1.03351393286307
325,1997,1,0.496595367506261,0.356097855694967,1.03038983149326,1.36431762274848,1.10715268920026,0.845850109786178,0.821277040496536
326,1997,2,0.943958430708445,0.931838925601968,0.859502915997041,1.09382514444125,1.07448722106481,0.850040643669226,0.723464190617684
327,1997,3,1.05516434935188,1.07205472234197,0.916173422625569,1.27409021841541,1.08239085596898,0.760353136477445,0.458528135142208
328,1997,4,1.1498235453709,1.16450166759212,1.22383802048713,1.17889865688559,0.943066890721617,0.589852326325342,0.528644344788167
329,1997,5,1.05464660732583,1.07531307311549,1.05787037748447,1.12264454196108,0.925531421625074,0.709487489012561,0.813186382240637
330,1997,6,1.0845412635724,1.08720324891755,1.08047036331063,1.20977452826238,1.0458519373233,0.850516923122905,1.18579022226816
331,1997,7,1.02301515359436,1.05262421142384,1.0439940091462,0.944756123003659,1.10383124672801,0.870662305086214,1.07063923493558
332,1997,8,0.952860055507387,0.958576023141576,0.882242744956715,0.592282714078144,0.794227540518899,0.873118999373027,1.02735668828103
333,1997,9,0.819837629693953,0.834525331586145,0.770424815950539,0.814853317618286,0.530721461882341,0.884619258478131,0.958642674080067
334,1997,10,0.989608051355293,1.00203993484193,0.951714610220155,0.92628258024183,0.619760560769566,0.851140099433437,1.01664141745015
335,1997,11,0.885249084098412,0.897712374072737,0.792344514935785,0.630280622596989,0.418145494022993,0.841358483844012,0.908436552127285
336,1997,12,0.354344551780761,0.363126914029915,0.495277943211037,0.736457489785923,0.466955836875328,0.807354299436646,0.605446456915381
337,1998,1,0.397035364672411,0.260681401281578,0.865283637698891,1.31303743227699,0.977179825425257,0.682882786706395,0.433925634655885
338,1998,2,0.836844767690819,0.896983949625777,0.66840433399214,1.01656153329585,0.891868337108981,0.685833704475734,0.353927265313295
339,1998,3,0.409267160975825,0.449032537376135,0.219035346805341,0.760886861179283,0.781555403466001,1.11723685963616,1.06738533231615
340,1998,4,0.508171439241213,0.474512390564371,0.429748533263664,0.750016124821431,0.671964778647201,1.44694110878007,1.18561130454426
341,1998,5,0.959498351017237,0.943491336282043,0.872879504613579,0.873620819616497,0.825319969883721,1.41019509889972,0.911274629054688
342,1998,6,0.968110202276371,0.993201376005057,0.991377807469946,1.17432303353184,1.12069552110298,1.33212300276856,0.877639619737291
343,1998,7,1.04530432982406,1.04276473657245,1.07989678285898,1.08085565015724,1.11487953099096,1.22902575642265,0.985510804285741
344,1998,8,1.15964994735711,1.15567383714205,1.18754227461231,1.2053304437057,1.36563166324254,1.16201530778116,0.886779210141303
345,1998,9,1.10339451652578,1.13121583679249,1.0837299116009,1.64310469719323,1.09193441825691,1.11558464113046,0.827223099367301
346,1998,10,1.16775029693098,1.18709822697825,1.12989371221604,1.43320850043946,1.07527543081181,1.06359748518548,0.905478539383094
347,1998,11,1.39816635102052,1.41319396830176,1.48067070754436,2.45632129735636,1.48004285734941,1.09341811193711,0.938662827829449
348,1998,12,2.44084298575706,2.46824073945981,2.07295842706956,1.62115607343955,1.02962128971013,1.01155321569897,0.692080641160275
349,1999,1,1.58049818649854,1.90622799321873,1.47605959508332,0.923336016882569,1.07479651237383,0.931075370977723,0.775064756785449
350,1999,2,0.807923610705658,0.783128996266232,0.716579948802332,0.963736870365916,1.0434671847205,0.490316294428865,0.327486711618168
351,1999,3,0.485891488666519,0.528209741142398,0.906759702440708,0.822479536230078,0.800457985388905,0.409999677317881,0.308882821329503
352,1999,4,0.393941341924919,0.391988043590555,0.746009808678085,0.526504295660925,0.429817908103765,0.426185389406599,0.239366491661252
353,1999,5,0.739838758390762,0.723660720263319,0.870448162177921,1.10656782390577,0.52525116260258,0.459429188018232,0.519157738427781
354,1999,6,0.962376341369929,0.974456714680019,1.00015927792111,1.12256194807786,0.911238364792365,0.571474530947475,0.794503187619923
355,1999,7,1.05148615663965,1.04285904789638,0.978938759559319,1.39461293916064,1.38748230798517,0.64711371476342,0.92104286958708
356,1999,8,1.13217270874055,1.13464053153188,1.06308313933982,1.00944293243043,1.44888878482161,0.733796134687955,0.815810434738238
357,1999,9,1.06230434078263,1.06659261289575,0.898380144613308,0.783652973553028,0.944864795729368,0.771958201329009,0.89831029931095
358,1999,10,0.80985069546327,0.830919875947526,0.681399054787267,0.630331338466035,0.509715265245671,0.755182588704294,0.868808143341972
359,1999,11,0.804503828569886,0.845148458280486,0.737413754073276,0.835815950367436,0.570629758975499,0.684099532777042,0.561920794460504
360,1999,12,1.10966533473091,1.14986938151517,0.972481463757378,1.04764819830212,0.635334516350963,0.616581581240387,0.247881878847707
361,2000,1,1.20341769243296,1.31418900639087,1.08101385580548,1.08035595186285,0.873911096040236,0.24043070316573,-0.312706043593075
362,2000,2,1.12541487632231,1.0822057330115,0.756660032568574,1.15948077957185,0.805614496994544,0.29793318977446,0.0586874458441201
363,2000,3,0.930726500998542,0.97131412172846,1.14917723783872,1.19175856018226,0.799451706257928,0.774192170832493,0.666536894068992
364,2000,4,1.39412926714572,1.4070927430157,1.29052933423589,1.12568155912989,0.915637536957917,0.824356403262441,0.741109170741732
365,2000,5,1.12813515232329,1.15417949014419,1.06711629910517,1.17491652061212,1.23518056512547,0.889118646667585,1.04319415465463
366,2000,6,1.06274887308555,1.07886431276238,1.06373966068365,1.086274171968,1.45526781735208,0.912193089373586,0.931183709596964
367,2000,7,1.00263284871308,1.01405938195523,1.0127747014011,0.905840894664535,1.41881073398384,0.919509389987339,1.02242313497056
368,2000,8,1.06426249485816,1.06861394016036,1.1096912719182,0.762140589490856,1.64285542697738,0.914268144129578,0.925614281217807
369,2000,9,1.18254056964845,1.17789333579234,1.20843013273857,1.29985069349687,1.74460730489047,0.917209621077734,0.847658020419803
370,2000,10,1.18182968821251,1.19247524679045,1.14646926174856,1.04717187840821,1.893420288041,0.900314221965197,0.966664177192551
371,2000,11,1.32415629673551,1.31347554518446,1.29296896472175,1.06531627573669,1.75872310780841,1.00986304484864,1.07621126737252
372,2000,12,1.30458986076349,1.33067419807511,1.1279119226548,0.853045162719761,0.855936947354834,1.2153153143517,1.28358358819354
373,2001,1,0.549596649872394,0.509006260995548,1.0857709806086,1.27428355524369,1.06665356442672,1.4330600364531,1.40248747038535
374,2001,2,1.00901265255671,1.01392511536204,1.21344537788243,1.28105508264382,1.10812346580547,1.87835077569055,2.1346783692384
375,2001,3,0.691454153434785,0.750883350560477,1.18802415545537,1.00187331290491,1.08026101438243,1.9729694113718,2.42972322046859
376,2001,4,0.926360911598914,0.941579895428996,1.1555669609332,0.581016150789684,0.956608234261252,1.34723286054337,1.4745727870773
377,2001,5,1.05318204978655,1.09500661092315,1.1405812271663,0.829147797850991,1.04950976036134,1.12549651422021,0.968739924187424
378,2001,6,0.998525335451104,1.03384823732351,1.02528954160127,0.97670626813355,1.36449544440709,1.0042143420973,0.9899644217705
379,2001,7,1.03512645863267,1.02282252119011,1.03198174108211,0.779079163084172,1.42944932964483,1.02268370837242,0.935012735523422
380,2001,8,0.964099126172296,0.958684183257032,0.956679599149243,0.663048339537561,1.59320085154734,0.996476646219179,0.985267300379958
381,2001,9,0.943498602564719,0.927981852307318,0.961416061620626,0.64911238237402,1.68014967073247,0.987160426035513,0.949408202436721
382,2001,10,0.912017481365986,0.889206330823104,0.89166294817385,0.73755162050913,1.98065313768504,0.989602479524907,0.87111985684526
383,2001,11,1.14535104086193,1.0916272250696,1.04818693221039,0.908679149624335,1.44411902219417,0.913289612375922,0.79572310194557
384,2001,12,1.41618754167896,1.35111230874465,1.17910143720428,0.985159213638923,0.787074213535399,0.859143477614114,0.764634822072211
385,2002,1,0.611345639876213,0.426769762415747,0.939881221913233,0.740572328669394,0.996626089750404,0.565916018237058,0.421826093895223
386,2002,2,0.759806412283275,0.71889078145519,0.459138792025091,0.668184541658825,0.850671115863473,0.427938241187384,0.0708064281038269
387,2002,3,1.00403160413915,0.976840300975421,0.855763692119717,1.26283362863291,0.888484661532824,0.738924308954122,0.615022103190037
388,2002,4,1.34592892735303,1.32010514804441,1.32949702885303,1.28269021193556,0.933554787209533,1.03876026618571,1.15018685186376
389,2002,5,1.02321335711012,1.02923086747515,1.01292354782091,1.17274595049336,0.951383368176405,1.11482600995171,1.12771690313619
390,2002,6,1.07253493942986,1.07833779706559,1.18388006118799,1.19542951751023,1.28454042623793,1.16154185049056,1.15121797103258
391,2002,7,1.00027511993969,1.01450942252724,1.06373770588073,0.752954147551704,1.20762388055918,1.11079209634937,1.08081935750445
392,2002,8,1.008704970742,0.996721958405961,1.07796012275328,0.780158032757442,1.43628886939052,1.06627231962931,1.08240939320157
393,2002,9,0.958002355687643,0.941265523662057,0.99008230779365,0.731168607066254,1.15663013457809,1.02627631451985,1.04946081470177
394,2002,10,0.833444049206415,0.809125090792969,0.796367839134435,0.716558925136009,0.744943370823483,1.03355276861349,1.09171031789576
395,2002,11,0.712990552053638,0.707332393386871,0.802650706988317,1.01351750251566,0.612044918058965,1.10816917070406,1.24784792869936
396,2002,12,1.15815746705936,1.18800101078791,1.52315961535481,1.80921566221557,0.871051877757461,1.26493063925457,1.35121584143744
397,2003,1,1.37640204301935,1.69552456444743,2.01036123553605,1.4998057446511,1.19638544996204,1.32921656374454,1.38572845251631
398,2003,2,0.988967721968855,1.13493416008244,1.54067550614829,1.3490341795953,1.22955228218274,1.76659050238171,1.82256913072075
399,2003,3,2.41588573276556,2.23140881818231,2.54672396520167,1.61729377196333,1.39502614851156,1.91904319379927,2.13835425652433
400,2003,4,1.74939596159781,1.77084239363579,1.75082826717164,0.986673978034174,1.00091866017981,1.59665416357104,1.85963412565295
401,2003,5,1.09024712623059,1.11245039304077,1.07537976669482,0.980669188452177,0.91049815739392,1.48289242963836,1.43288605986916
402,2003,6,1.03738808914918,1.00881295761096,1.10485048274005,0.863882463070056,1.14860881420629,1.35677291829929,1.17421393186468
403,2003,7,0.907244677154364,0.893868748490547,0.951165037099056,0.646435144479926,1.02414960660497,1.28224531210726,1.06731181373641
404,2003,8,0.849447204828027,0.835305452398958,0.946789092221298,0.812203782111085,1.00624796629327,1.21689794197114,1.10281723235827
405,2003,9,0.820916128887096,0.806492229351709,0.923266937411879,0.895006661885135,0.869180981691196,1.16293523009487,1.13498014591175
406,2003,10,0.752356748705007,0.74210342490697,0.861309819289741,0.77930892017003,0.426010679971248,1.14287815243513,1.13527606888806
407,2003,11,0.767050300875858,0.769334822134982,0.925738681211918,0.869764620522551,0.440460269187225,1.19242898374832,1.28018830771346
408,2003,12,0.405858170784245,0.396358489057262,0.61169776512611,0.77746357373478,0.459735885320448,1.19175127363991,1.13949356098343
409,2004,1,0.405717326431983,0.266995272353566,0.997588251103871,1.49918730741513,1.04846650229121,1.19500707062278,1.25671843616035
410,2004,2,1.40281941657255,1.26637224377928,2.16028244400596,1.36274050249713,1.07476802762806,1.25085375405375,1.4377889827478
411,2004,3,1.38784935240681,1.35182953901555,1.41082055278673,1.05409607682221,1.07386079713226,1.47336109619302,1.74885948719679
412,2004,4,1.09960588215014,1.08343537417934,1.13356811168636,0.912412837568397,0.870018111518411,1.14100076144864,1.26174733679935
413,2004,5,1.12219429393293,1.1435161060681,1.14665796621771,1.05593509815448,1.02539080559567,1.23905769970966,1.40861551490745
414,2004,6,0.998696373032938,1.02236043561681,1.05667450034813,0.857820245413741,1.10858436881885,1.18614893292956,1.32772193452527
415,2004,7,1.01232159207287,1.00118170236573,1.04220190146827,0.878856287625464,1.4342794200893,1.10163198193092,1.22703502069277
416,2004,8,1.04403070513208,1.03203344976527,1.16033070194076,0.67738039262419,1.73973779838053,1.07854312904582,1.13821722508619
417,2004,9,1.03015318069924,1.02528424023733,1.081696467851,0.590383266761597,1.56518981420099,1.04263669395763,1.16570354349467
418,2004,10,0.832055378228229,0.83629631793379,0.767757918468271,0.414565360799227,0.576452391676201,1.01208056020771,1.01911029749858
419,2004,11,0.376153047404834,0.385997137301514,0.345595794700493,0.266838806989277,0.1699488781847,0.984499342800732,0.850693103665982
420,2004,12,0.154606633735306,0.14421643059862,0.48033623580859,0.969161211089032,0.466918546116765,1.06378774665423,0.898591996832812
421,2005,1,0.500217476351507,0.318311587427675,1.67694520381182,1.93182825442249,1.02004255680644,1.20853585992716,1.07955695987246
422,2005,2,2.01747859859582,1.99822886540667,5.41558189760462,1.83647169048805,1.13426440225938,1.47385505691575,1.50979517746123
423,2005,3,1.60127577957564,1.70164945708593,2.5247205773553,0.960097348149565,0.97447359972695,1.84221864361016,2.1744774613459
424,2005,4,1.03512139004146,1.04920449781737,1.24347799597453,0.485496806396314,0.819131766485663,1.33420665244831,1.33037046470206
425,2005,5,0.981970291975679,0.993264155768641,0.971727549697276,0.69892063749842,1.10169136992162,1.19661054700785,1.13573561895313
426,2005,6,1.02146439607764,1.02260923403128,1.13123766382016,1.04157672996414,1.58081332436962,1.21263609120932,1.16145559969473
427,2005,7,0.981424675604718,0.984857737885363,1.10373586000465,0.853262359986582,1.58568983183879,1.1521278208423,1.16522954793239
428,2005,8,0.983366818195776,0.972225471081132,1.1376049191308,0.579647406291982,1.56463277270698,1.10555298571986,1.0893919315001
429,2005,9,0.855345485080456,0.84829315578261,0.953292578825429,0.606566912876727,1.36008587874687,1.07960773522014,1.03323401604395
430,2005,10,0.833352228956829,0.802833942507315,0.86105626409037,0.820562096026775,1.34165036340204,1.09540718183526,1.04831488331767
431,2005,11,0.90087566247299,0.89387404680082,0.828471496326475,0.767121415602156,0.649736963895086,0.932655040537755,0.795024047970138
432,2005,12,1.14921630722523,1.18642857567311,1.17105880462269,1.21661411913717,0.816581567910677,0.887114998622833,0.675632449755211
433,2006,1,0.726221799019707,0.720043209568581,1.02768007367486,1.18631561034467,1.00921580198567,0.870247734815115,0.513272718081973
434,2006,2,0.784185720471331,0.89070845100297,0.556247361609012,0.899147494151812,0.898762500312755,0.660457187527388,0.259905522722465
435,2006,3,0.362009075347283,0.43444988405009,0.207977982229843,0.78630377794288,0.779751065440836,0.877848539373959,0.490048165952818
436,2006,4,0.820474392888552,0.841113738793968,0.731852051177732,0.738002005661787,0.74832423145014,0.938162113231592,0.614503337219026
437,2006,5,0.964532038770568,1.0305168944955,0.878479639781882,0.868605773723352,0.808639286934762,0.777332497697856,0.655525986595662
438,2006,6,0.93560650647714,0.982529853427166,0.930488183096326,1.22753540793272,1.32170674723747,0.766478911398041,0.878595631753905
439,2006,7,1.07992246461937,1.08626715760259,1.04857698058385,1.24053669446758,1.63058665137321,0.809344940903634,0.947745466085419
440,2006,8,1.00964010935521,1.02210257443924,0.93146021751285,0.698152599419993,1.50281833584738,0.84070005223266,0.976696877427172
441,2006,9,0.993985825303811,0.976749197145861,0.996252418742871,0.821064973205762,1.93188727188875,0.855318114931879,0.942394591048204
442,2006,10,1.08731934140219,1.08430022326296,1.08496176754104,1.23493381241019,2.47434862446413,0.871631422511952,0.981469267562931
443,2006,11,1.35007115474146,1.3386482302574,1.37214498834346,1.96942161213871,4.25347111703164,0.824159534207916,0.8820451456067
444,2006,12,3.00097560506686,2.87951653032493,2.71417008067316,3.16370005276204,5.70334570933644,0.889541309222383,0.801944506821979
445,2007,1,5.56554848443286,5.4930440975258,2.2579616614777,1.41251714590118,1.3807794363297,0.767664394085659,0.255092117467583
446,2007,2,1.72451118567584,2.2622732233,1.19783782399382,1.26093306351187,1.13848519927175,0.945210182485841,0.749403840646654
447,2007,3,0.584312480252558,0.701617465941194,0.954821105698565,1.06675548508666,0.966643184159248,0.569679619902515,0.0855830629955327
448,2007,4,0.923358624297868,0.95240890838532,1.20108834592426,1.13140587752788,0.746977758827187,0.392631888276051,0.0865870698371732
449,2007,5,0.899957737325358,0.906298661586333,0.949428639052984,1.07665650050629,0.715605130338103,0.497384011269107,0.507973710113914
450,2007,6,0.923863315778418,0.923725316032211,0.896662560027447,1.26582418764819,1.0407884495674,0.55071550327673,0.832885499664121
451,2007,7,1.08481275802258,1.09056641624993,1.01104039865664,1.49445443296494,1.65984777672599,0.611343004989501,1.00723464522744
452,2007,8,1.2013516799067,1.21908483678528,1.15950796845642,0.991161927663712,2.42401566248399,0.652108350857918,1.02866757288334
453,2007,9,1.30947864114706,1.32412414648905,1.27525856451326,0.677529347529466,3.22228648601308,0.694407790869367,0.966110228425696
454,2007,10,1.26556482574615,1.30022820032722,1.19833621266782,1.10598769489825,4.560843176839,0.721294734263407,0.839478201972415
455,2007,11,1.54575588233317,1.57085570259274,1.63265720528032,2.68804028812428,8.23546282629708,0.731005414323868,0.768758083589155
456,2007,12,4.75889734951746,4.67155464443352,4.73324492830029,6.53059158284836,13.0804478396965,0.798431239895714,0.657547884479426
457,2008,1,15.949314465584,18.8316989103088,5.16859269103162,1.4425881392407,1.86050468973188,0.557155240035568,0.134443768854641
458,2008,2,2.92236608483777,5.49590228874579,1.673640674297,0.973239462813009,1.08260951935901,0.306516399798133,-0.0436114681851755
459,2008,3,0.351501355221965,0.473055187393059,0.964580869761653,0.834349487446737,0.651787330235953,0.106288293459872,-0.643582866099386
460,2008,4,0.395386485843919,0.404497557968798,1.021746511492,0.972720951240379,0.450685949967398,0.131882973161262,-0.457825709084605
461,2008,5,0.740550924846608,0.715478252683474,0.913724513821212,0.999265079898594,0.467817361814171,0.280488808379345,0.324407758284177
462,2008,6,0.865324981627581,0.854236562874527,0.845700891530064,1.38781969892774,0.731766045382036,0.498699445484834,0.65848177909246
463,2008,7,1.01038105776749,1.03697201433742,1.00963022282547,1.9075247179554,1.08173737209713,0.639845896874248,0.789985102685719
464,2008,8,1.21122451480524,1.21344034809229,1.11998734691153,1.62769990172774,1.41971031619342,0.665219590586579,0.974066482308525
465,2008,9,1.11471436484044,1.14349768827322,0.938071959562076,0.76891410233329,1.50542701239589,0.685557272975361,0.961686378080725
466,2008,10,1.00435200318685,1.01882188957151,0.797762063617999,0.550066182156944,1.30499265375135,0.676003894217458,0.83269722189329
467,2008,11,0.922492425342272,0.960559628382158,0.789913264766706,0.728424769362689,0.693875377869419,0.653648127422401,0.676335254712769
468,2008,12,1.2729973005005,1.32894461155693,1.07812462957773,0.945645243304485,0.712215375090071,0.669104017950685,0.497920609196341
469,2009,1,1.08507343954131,1.11718598466733,1.18789127823012,1.30050645914627,1.06545071809039,0.526332440158721,-0.012801450389096
470,2009,2,1.08545211123666,1.11633945936409,0.974005050891354,1.15088117246163,0.886239333821187,0.510399983211197,-0.151587130159242
471,2009,3,0.939105849600733,1.01927364508222,1.08001523300049,1.01100240792938,0.679168157018043,0.455261414223355,-0.212855844557511
472,2009,4,1.10396616217045,1.14318188179272,1.20506485886952,0.632198683836872,0.358057402094049,0.154452826267572,-0.455550559437899
473,2009,5,0.914443784597332,0.918015854682727,0.809721310888951,0.833881327977363,0.537544415730018,0.364634124917865,0.588378658150798
474,2009,6,0.897300464865796,0.916111967654322,0.872559199969613,1.17364209996134,0.903031762523258,0.520186951275521,0.915310812557895
475,2009,7,1.10138026288854,1.09466992566605,1.12567503939005,1.75944049624843,1.10592036729034,0.617983273191703,0.813970536819906
476,2009,8,1.10738482817629,1.0967812771988,1.05318663599179,1.69742861934687,1.08993797987503,0.682234245497929,0.930143604690363
477,2009,9,1.27561875835673,1.2838770559388,1.06287696721837,1.19383946446484,1.07703985455916,0.687995098122886,0.902904869700486
478,2009,10,1.10458542961083,1.12134278332132,0.894828138008089,1.02673516196449,1.12382963385692,0.70229088025686,0.980091465083007
479,2009,11,1.17012683699656,1.18709613268774,1.05567280009613,1.4482264274093,1.62832536493012,0.660869347696269,0.730681198340769
480,2009,12,2.01713976949534,2.01909649678246,1.56517103526704,1.41626171903748,1.30777795277269,0.692119552434225,0.623205933915639
481,2010,1,1.79364968091632,1.79407314881457,1.2419824178126,1.21887631238849,1.19989029854227,0.790034631119144,0.710295735936607
482,2010,2,1.12450390972617,1.16300251615163,1.22519838632213,1.32925040927194,1.28347132589514,0.752306050584737,0.498088616180061
483,2010,3,0.61321222888824,0.716746708768752,0.584633248864103,1.01449878084113,1.02395709119015,0.459821688882549,-0.276775331332425
484,2010,4,0.547072009158241,0.562116723878211,0.542779417452645,0.775561709085674,0.636095287536087,0.36936767658935,0.0354271951044388
485,2010,5,0.892442359884027,0.874025688355009,0.80992360746094,0.83933853070144,0.596916921262496,0.444400981684203,0.377526866797925
486,2010,6,0.970322470149607,0.997161346818726,0.911677416834013,1.0662058352833,0.968964045975601,0.584749868314282,0.697285210467315
487,2010,7,1.07089113571215,1.07074641800161,1.00071344844174,1.48596325703643,1.38658798654951,0.634071305311117,0.90415491199442
488,2010,8,1.12469293967824,1.12718772315287,1.05149620518055,1.46278494122483,1.8792932856764,0.689909030056545,0.928766162050485
489,2010,9,1.24115175331715,1.2448627315734,1.14752161824149,0.856747229653419,2.00590964287549,0.740571562381809,0.987107316076169
490,2010,10,1.16556945400428,1.17905546751818,1.03946056981769,0.983063912895726,1.70402597370079,0.775953408855401,0.906087888162314
491,2010,11,1.36062982946039,1.38953730015594,1.30283860201884,1.65376350038516,1.37446328161402,0.83473976293004,0.837914838336205
492,2010,12,2.11880037474781,2.16769168636038,1.74011211238393,1.39158799218676,0.950175560030855,0.917335220011337,0.797813953911587
493,2011,1,1.24770954387864,1.4025169268031,1.34272073753871,0.681108091395432,0.785863310534752,0.786227266451644,0.43508862914143
494,2011,2,0.598377670786011,0.634853806613525,0.389884258483036,0.194844007199021,0.363199864957882,0.664860147351254,0.478234371918437
495,2011,3,0.0726653197926657,0.0822246921687892,0.0245599710410846,0.252638639080329,0.289527173406585,0.465945206089544,0.396191528271615
496,2011,4,0.0485482731041126,0.0384985913575221,0.0237461562777075,0.404721329506443,0.229939376851036,0.334292518203183,0.204449738920558
497,2011,5,0.466894812019008,0.391300539073224,0.380753240859351,0.941478228415852,0.354238724169822,0.40948253209044,0.630937333998002
498,2011,6,0.895829551149671,0.879162415584973,0.803523891192775,1.63115587010173,0.713028517030114,0.709608236594112,0.767596030775512
499,2011,7,1.10173487247845,1.10998733102731,1.08981039960715,1.78975877236593,0.72165626141931,0.807923404354319,0.774474130066849
500,2011,8,1.13923613873649,1.14846589065426,0.992655766030431,1.35415220759666,0.632946594035029,0.832568846487689,0.86967604817015
501,2011,9,1.15231969189762,1.17215343887877,0.895116221787097,1.31994494723377,0.644394512406231,0.831846615974742,0.91375832193715
502,2011,10,1.22133303730345,1.24066334648556,1.03621716495268,1.29415762804919,0.925110469328237,0.83100878271008,0.955810780571552
503,2011,11,1.17465656024098,1.1606790776436,0.978177473570358,1.12680023713722,0.957510655562964,0.786615437427288,0.761348166435971
504,2011,12,1.34329399412774,1.34173100096452,1.13840479475166,1.0082727561408,0.713959340965051,0.748121304443004,0.678031598216944
505,2012,1,0.79584384548706,0.763726071730806,0.978676303466228,1.05037100590849,0.94651055197054,0.368197468958689,0.0168724979211428
506,2012,2,1.32778161457824,1.19156142070024,1.62213709433685,1.32511985199274,0.777805208359353,0.0567679475207464,-0.300648929751127
507,2012,3,1.82466985236206,1.81903422529697,1.95501717502214,0.978146402560591,0.522810301388565,-0.112355943222978,-0.772032466673376
508,2012,4,1.08888761022826,1.15493487031693,1.00297128669122,0.863384975321429,0.393662705825193,-0.0523574531296322,-0.581088473935108
509,2012,5,0.809741906734864,0.805496310679311,0.719466987091401,0.853406712861563,0.549420442861879,0.184214788372276,0.240896760869275
510,2012,6,0.883361505250533,0.866796956414696,0.769416560010406,1.21228554833545,1.01709467402353,0.359345931160037,0.62535818092556
511,2012,7,1.05602736369818,1.06110161233905,0.944817704449327,1.48289446446238,1.46108256147814,0.481352614432152,0.819490090955795
512,2012,8,1.16742862903915,1.17603994041002,1.04818102767094,1.03641895373654,1.8014211719583,0.531421541772812,0.856702187424013
513,2012,9,1.24320163603078,1.2653458200219,1.03585618340287,1.11182185248312,1.81877696686351,0.575199593492473,0.778449996506129
514,2012,10,1.33393873955471,1.37053065514319,1.09918531394575,1.44627668457106,1.43488209518161,0.583665931861183,0.753699715510281
515,2012,11,1.60031056765512,1.65404302688532,1.52474472461821,2.24429025379868,1.83357798477122,0.512217746738366,0.609872530065043
516,2012,12,2.41442971526548,2.52018744035329,1.92673372596656,1.82690331263938,1.32411525906234,0.50694659256964,0.214183710133707
517,2013,1,1.83266145958774,2.12561550518022,1.46359194658911,1.51554382116436,1.13235220107167,0.695908407399252,0.0694819827952379
518,2013,2,1.34103204647404,1.50495488770968,2.20525578054774,1.75165036850331,1.03744501927894,0.857843801432622,-0.0438260274051622
519,2013,3,1.7839749876369,1.94501538117407,2.90118811871892,1.86178106316929,0.817758145688196,0.754725283751267,-0.331618585597559
520,2013,4,1.85299253392923,2.00482373712297,2.04259769238077,1.2628382948069,0.658731038318534,0.593567789557819,-0.0348146761102188
521,2013,5,1.16486919162196,1.18269305257033,1.06646170077314,1.00873008103395,0.658827147024964,0.520446793364746,0.476112035833966
522,2013,6,1.06377846120178,1.05180721664465,0.984867510372346,1.14530731504728,0.9148768156801,0.634046400812316,0.843504835965387
523,2013,7,1.02032509401717,1.04707563726683,1.0165432468807,1.13230264890075,0.999501197739641,0.732847401191117,0.903755635369554
524,2013,8,1.02847746174307,1.02177960278826,1.01208861654533,1.10433168150105,1.15682723416999,0.748891232020517,0.981063769015208
525,2013,9,1.05264730341568,1.04795971574188,0.912906038040947,0.990259293865043,1.04526396633414,0.782619729432459,0.956866807274592
526,2013,10,0.976492987173593,0.973273367904117,0.833414911994298,1.00307431525194,1.12505595411527,0.817239892103302,0.950548605273566
527,2013,11,1.03494438557352,1.01742373480736,1.01557615477085,1.26242533890316,0.942106308734347,0.893962705369497,1.05328993221356
528,2013,12,1.80375454989095,1.81116243695046,1.93517495619691,2.2874367665769,2.01154360028024,0.964370192098623,1.00505051479146
529,2014,1,3.32373819107262,4.05948039512449,2.08854100968294,1.39589266886437,1.05701972581282,1.23002454338514,1.08906871833031
530,2014,2,1.10478521686067,1.22812425362502,2.24701276700745,1.98158915007187,1.14155003053011,1.57212393748361,0.940582870639292
531,2014,3,1.39974839739207,1.76584406703674,5.03181377966567,3.44582218914198,1.30618531594816,1.51182408885823,0.566493304605092
532,2014,4,1.9780762293387,2.14826113743025,3.14864537076292,2.03651307960284,1.06073424159571,1.51656088696119,1.24146126375044
533,2014,5,1.40588021671511,1.39821894248772,1.56706564512419,1.17858526331395,0.959946488628528,1.37527344823996,1.40292525151426
534,2014,6,1.07689420571156,1.04406347690812,1.05583239666919,0.895922012558311,1.08362344068717,1.21705860959703,1.13737929490884
535,2014,7,0.92772236615127,0.929937091566557,0.932970609526783,0.76302650697867,1.31908051981269,1.14992915514853,1.16082456568266
536,2014,8,0.958409831178987,0.940576596188181,1.03629227275614,0.843429850993394,1.72395643631996,1.10081204950831,1.20603327227166
537,2014,9,1.08960898350653,1.05183871060203,1.1428356551099,0.750675908563803,2.53698506811302,1.09254077886883,1.21074736004241
538,2014,10,1.11077420714943,1.07543437191923,1.11622717832503,0.658616570230925,3.07680134446651,1.04854228875402,1.12565907232589
539,2014,11,1.1265759110073,1.08179050442906,1.14038281132464,0.727925451227759,3.17304794090704,1.10864638750617,1.1991776603345
540,2014,12,0.867305467577672,0.792308117897881,0.909082755902613,0.804411385808907,1.09169340166069,1.44689208581076,1.61580535232767
541,2015,1,0.553026444526247,0.39718638154838,1.05003123477071,1.48646711748084,1.08827871941518,1.81134105685229,2.05588019409637
542,2015,2,0.925125049264502,0.899219236162855,0.978555244940291,1.22915366263749,1.17953786654671,1.73967841528044,2.0047555836355
543,2015,3,1.14214444115299,0.963959179407458,0.493546524820744,0.858257225465133,1.12980900084597,1.75361348991486,2.22785280133048
544,2015,4,0.978585407475791,0.888914650327531,0.780302011189438,0.840975179926971,1.00831298046322,1.38632509552879,1.45170459003553
545,2015,5,1.0003362649147,1.02187258212222,1.02970256130703,1.09420560615891,1.11463546275433,1.19119020528145,1.21767872994273
546,2015,6,1.04632669432273,1.05852070173127,1.13233499189857,1.20392688447346,1.10875992879089,1.17224615054732,1.11679503332618
547,2015,7,1.06039466077847,1.04147344585149,1.10979490151802,1.05602470477787,0.844109445453246,1.14240810475481,1.02023726146263
548,2015,8,0.869537743528754,0.86053948353403,0.838170825906631,0.820499362752219,0.505565161793665,1.10743442178404,1.06157834516188
549,2015,9,0.637538286411691,0.62206259671585,0.728184662716259,1.01106984151752,0.379469325638439,1.07637976829468,1.05520191264291
550,2015,10,0.752414747555527,0.723853823272365,0.920999427098499,1.10705896498835,0.650588244481044,1.08817742468919,1.14587104031119
551,2015,11,0.983836127980488,0.961182136445099,1.07293538785288,1.15752786896118,0.823833093512352,1.15052975350183,1.20885887066508
552,2015,12,1.09820709662706,1.1345106378712,1.06318277363885,0.967242995172705,0.550037797748337,1.28771112990359,1.26348142168948
553,2016,1,0.491739235680741,0.389545654344922,0.939434243759477,1.39535014276279,0.958373312629038,1.66578712348391,1.79034915182411
554,2016,2,1.7534251418205,1.55988955147485,1.57075024943979,1.83484550097446,1.2406890449362,2.26235283621625,2.56593066680641
555,2016,3,2.12734553382946,1.94677701608378,1.50863423063664,1.15244695387343,1.28197602659711,2.59575863828013,3.16472022654948
556,2016,4,1.23089589320537,1.14616369517765,1.21370588860365,1.1143674785225,1.245726461785,2.30144165823159,2.62195311703893
557,2016,5,1.13518907996409,1.13981675965109,1.27647201272353,1.04970865866552,1.36629893002431,1.98931852146686,1.79585335202454
558,2016,6,0.986030180776365,0.968460403126172,1.11731241438177,0.751915195343291,1.03467343946049,1.66085439159847,1.37236070685401
559,2016,7,0.856988488856535,0.848709428554542,0.930611642178165,0.531442783628597,0.791142094190465,1.48724909105962,1.25776787269881
560,2016,8,0.738247565554245,0.725852057475945,0.893107606437209,0.736417378265593,0.886572898496292,1.3713288798923,1.16269985911997
561,2016,9,0.818671333928867,0.777063628654228,1.03071621092071,0.975228043430027,0.974436298462292,1.3006130077633,1.21150465634819
562,2016,10,0.739153381578482,0.698742677338785,0.961819898817241,0.825891074111539,0.888325682934639,1.3194772713559,1.29183737335907
563,2016,11,0.846138486342257,0.802402058478342,1.19824081997535,1.16842636177001,0.837594998042195,1.34724130509338,1.37919240912289
564,2016,12,1.21181725662936,1.23157795854783,1.30631096660925,1.00926920245708,0.649933440125652,1.38095193316652,1.47825116073356
565,2017,1,0.496379156021001,0.411048294959763,1.12221508558056,1.10240447666234,1.01244847121185,1.52070940620592,1.74097956318914
566,2017,2,1.1413493849265,0.964957051984989,1.06609626354436,1.2268535131636,1.03678021737171,1.17903086221244,1.34495399196815
567,2017,3,1.58048190148371,1.4645102892147,1.64407510310961,1.44368234294138,1.01572019715494,0.905402527614139,1.00678218169131
568,2017,4,1.87489531619793,1.92190085797622,1.59936019142632,1.37864735821838,0.966850203403929,0.734082413347218,1.00311704060811
569,2017,5,1.28842785087044,1.30375672397775,1.25028795439496,1.27778484929298,0.93317290359416,0.911493265742257,1.14483051992192
570,2017,6,1.09104525705658,1.0835587766599,1.06756871708507,1.0781534196495,0.868032867962885,0.918660184417725,1.20090215082309
571,2017,7,0.991163304119567,0.9909868945924,0.977053853704602,0.873926060227018,0.879592229557972,0.934950151714664,1.0287833833642
572,2017,8,0.872446818752671,0.879520627465236,0.862614084066333,0.806177893317588,0.982425334666523,0.931005949774073,1.01996811827556
573,2017,9,1.01619142671103,1.00882806311874,1.02027367110272,1.23628692805071,1.40067669103905,0.924617662239088,0.977537354951427
574,2017,10,1.1508383700468,1.12912387264426,1.02308363548007,0.975291760753441,1.10979647379274,0.961997400845416,1.00271881841762
575,2017,11,1.03545008258378,1.04805863143532,1.00557493353777,1.09318705197322,1.0057631141081,1.00693007810736,1.16296727920433
576,2017,12,0.897250026216823,0.910873561381255,0.836506475384874,0.740869550871263,0.612423972715346,1.13893503175362,1.22216117990754
577,2018,1,0.492722296036585,0.367139264633744,0.778443007493392,1.02934006652757,0.891054177541057,1.35198478595194,1.28195787823986
578,2018,2,1.24670061003391,1.06911449622547,1.43219710042923,1.7851379090025,1.07032667299717,1.53278895096895,1.25614777694797
579,2018,3,1.07584685266259,1.1594002984505,2.24130161165339,1.4023162128614,0.896840313764135,1.8215830680134,1.83692748068991
580,2018,4,1.92692565710269,2.03430730721008,2.27078739088071,1.91792717534571,1.24010729476019,1.92249801985537,2.13579484837151
581,2018,5,1.58529452424922,1.57175454521022,1.66903976603007,1.43026344568256,1.22379499853125,1.70716792479699,1.44128847883105
582,2018,6,1.22463463991396,1.16836118675953,1.23410095643513,1.10110725137372,1.03585644030575,1.44510636825924,1.11486134770905
583,2018,7,1.01173538532674,0.970295134053147,1.00838044451111,0.773409739538705,0.677855350602379,1.32939910597701,1.01033469851612
584,2018,8,0.874778500453252,0.85707408527495,0.954661994606,1.42832213666042,0.283100663504898,1.25814526465386,0.96239046663177
585,2018,9,0.938635044747521,0.917316986556575,1.06285172373906,1.28183868174518,0.254306380125285,1.20452105512125,1.13975086521683
586,2018,10,0.59162569884244,0.597997384732352,0.654988312137803,0.430110417551579,0.167153792569214,1.18862435842025,1.30582088745202
587,2018,11,0.47148977488416,0.492085800042267,0.657005782441109,0.57966299623909,0.289127030816713,1.19087413504338,1.39051209301906
588,2018,12,0.408882160453562,0.43558208306589,0.614840597195497,0.739797803568633,0.403707185229343,1.14969891414792,1.12686168913098
589,2019,1,0.34250205090072,0.268367244067623,0.949198565116162,1.36027187149006,0.873414863647427,1.07030044465383,0.796447202242465
590,2019,2,1.3635285432622,1.45360856112038,2.86617824364022,1.80898517436621,0.965039214554326,1.54376969202447,1.35433355627986
591,2019,3,2.73448611137575,2.76020754002318,3.33524547539513,2.11208651635905,1.1585159476072,2.0724531944642,2.3653671444874
592,2019,4,2.82855580476962,3.03002803232658,2.81862474760371,2.11770512524399,1.97586741913701,2.19714208009207,2.73924082072916
593,2019,5,1.57980345652355,1.590748641669,1.6462751223781,1.24512864752295,1.52808764870714,1.73893819184043,1.79988792779749
594,2019,6,1.14848180557258,1.10683804075037,1.13714007782699,0.723188953035724,0.954685543292515,1.47081189443678,1.43467986276322
595,2019,7,0.931548136785574,0.93066636172625,1.00731189192795,0.554349171985406,0.829557350392289,1.33546430545292,1.22392203128846
596,2019,8,0.850898782431717,0.835637072689367,0.993103776306459,0.847043931425234,0.712200603579047,1.24321459915714,1.16816321514864
597,2019,9,0.747359081239916,0.723119359952769,0.973126395061452,0.942070445331756,0.653760232914039,1.19939274784918,1.16972508181552
598,2019,10,0.690206242590695,0.665372818228417,1.0747206288973,0.969399553479305,0.614039694209308,1.1931430446479,1.21427288607487
599,2019,11,0.748837690012712,0.719931859807935,1.05250237986813,0.864474006413467,0.441724663827927,1.24033505602056,1.43257770035824
600,2019,12,0.668060936434242,0.672957773337841,0.899938996225471,0.833153668180117,0.464914799804101,1.36103253238513,1.53218453603522
601,2020,1,0.392689019271744,0.29508408093371,0.796999538801371,1.00393105022335,0.780316410337142,0.989361648536158,0.686442607559256
602,2020,2,1.06219133106475,1.04907625997024,1.42717020960712,1.43145496654928,0.838958099325929,0.761269893024794,0.110696314809375
603,2020,3,3.00568999411237,3.05389391789729,3.34569262298566,1.7512154055898,0.765992475458095,0.671841989591141,-0.00927779589127478
604,2020,4,2.30504455888647,2.52453784621049,2.05136389652985,1.51138811000516,0.86388812440273,0.78773966886046,0.89998609653008
605,2020,5,1.36733884649498,1.38394044064425,1.34686241586228,1.33597278035719,1.08281759610125,0.900935916606926,1.41776464657097
606,2020,6,1.09474567037288,1.11491073297724,1.10515834645869,0.828641749603162,0.964920658830706,0.95047596159658,1.30611173637856
607,2020,7,0.988052056511592,0.984300932502331,0.985420146109457,0.655880403662205,1.00711417735997,0.920829213985904,1.08413485853189
608,2020,8,0.99333483507895,0.969635095322363,1.05347959782433,0.832268064680185,1.24793889357696,0.921159999813214,1.07670645598514
609,2020,9,1.1799171506467,1.14322649442107,1.25106974345577,1.07245372108343,1.70787585171641,0.940418745992603,1.02110277335341
610,2020,10,1.08949188158367,1.07283954599854,1.05871757435748,0.914705884903991,1.83452136539613,0.93602878651644,1.13584006210313
611,2020,11,1.22369863290505,1.20146159671926,1.35173175134686,1.55683059650652,2.0768564609129,0.931911490565958,1.14697459111016
612,2020,12,1.07324611919233,1.09646142326048,0.999099646744476,0.815722165463687,0.594797462514988,0.827244175493932,0.873708766939515
613,2021,1,0.566876419400662,0.520209269160772,0.975116155144547,1.03939576121889,0.923636598386015,0.761088441182396,0.632569877866758
614,2021,2,2.65452942263752,2.49810453523237,3.2972230759579,1.69762817047663,1.04372229427658,0.933144818014912,0.854445328293254
615,2021,3,4.79870001472123,5.44898006090172,3.26825398460385,1.73959044260634,0.989702413183846,0.894044636310516,0.688041500940685
616,2021,4,1.85693753043716,2.1249579860802,1.52333051816801,1.0544481919107,0.921782449599115,0.983629278150257,0.973967059954868
617,2021,5,1.30963792942155,1.32586816892159,1.42422805266875,1.32491884468735,1.5279775087631,1.26549322718682,1.35328287550538
618,2021,6,1.0844620454616,1.09407417428465,1.21743584563802,1.08615061375895,1.35180138110455,1.21533708332574,1.1214174822242
619,2021,7,1.00587753112019,0.974717870371543,1.08875605074281,0.812398893445628,1.07442948792377,1.16383226829451,1.01746492959476
620,2021,8,0.924255453352302,0.898979920072622,0.99205817130952,0.914284081982644,0.712466655372189,1.15482652060001,1.04331023973832
621,2021,9,0.828472811933785,0.818269174362079,0.890388325040565,0.994891631688155,0.591290444589338,1.10204854572103,1.08041565577061
622,2021,10,0.879235200040768,0.851726604776534,1.00025711180901,1.38460694206915,0.604686161632981,1.02884250730412,0.942067719056268
623,2021,11,1.1523878669234,1.13488671150522,1.17964440034451,1.5134624331332,0.904450264947722,0.85188333661977,0.691342104570802
624,2021,12,2.03062651670308,2.00795674382714,1.74425625920173,1.60101116297809,1.21319243428572,0.669812470371429,0.503333729494399
